This file contains any messages produced by compilers while
running configure, to aid debugging if configure makes a mistake.

It was created by gnupg configure 1.4.13, which was
generated by GNU Autoconf 2.69.  Invocation command line was

  $ ./configure 

## --------- ##
## Platform. ##
## --------- ##

hostname = spirals-Latitude-5320
uname -m = x86_64
uname -r = 6.8.0-90-generic
uname -s = Linux
uname -v = #91-Ubuntu SMP PREEMPT_DYNAMIC Tue Nov 18 14:14:30 UTC 2025

/usr/bin/uname -p = x86_64
/bin/uname -X     = unknown

/bin/arch              = x86_64
/usr/bin/arch -k       = unknown
/usr/convex/getsysinfo = unknown
/usr/bin/hostinfo      = unknown
/bin/machine           = unknown
/usr/bin/oslevel       = unknown
/bin/universe          = unknown

PATH: /home/spirals/.npm-packages/bin
PATH: /usr/local/go/bin
PATH: /home/spirals/.local/bin
PATH: /home/spirals/.npm-packages/bin
PATH: /usr/local/sbin
PATH: /usr/local/bin
PATH: /usr/sbin
PATH: /usr/bin
PATH: /sbin
PATH: /bin
PATH: /usr/games
PATH: /usr/local/games
PATH: /snap/bin
PATH: /snap/bin


## ----------- ##
## Core tests. ##
## ----------- ##

configure:2745: checking build system type
configure:2759: result: x86_64-unknown-linux-gnu
configure:2779: checking host system type
configure:2792: result: x86_64-unknown-linux-gnu
configure:2828: checking for a BSD-compatible install
configure:2896: result: /usr/bin/install -c
configure:2907: checking whether build environment is sane
configure:2957: result: yes
configure:3098: checking for a thread-safe mkdir -p
configure:3137: result: /usr/bin/mkdir -p
configure:3150: checking for gawk
configure:3180: result: no
configure:3150: checking for mawk
configure:3166: found /usr/bin/mawk
configure:3177: result: mawk
configure:3188: checking whether make sets $(MAKE)
configure:3210: result: yes
configure:3294: autobuild project... gnupg
configure:3296: autobuild revision... 1.4.13
configure:3300: autobuild hostname... spirals-Latitude-5320
configure:3309: autobuild timestamp... 20260203-082517
configure:3328: checking for style of include used by make
configure:3356: result: GNU
configure:3427: checking for gcc
configure:3443: found /usr/bin/gcc
configure:3454: result: gcc
configure:3683: checking for C compiler version
configure:3692: gcc --version >&5
gcc (Ubuntu 13.3.0-6ubuntu2~24.04) 13.3.0
Copyright (C) 2023 Free Software Foundation, Inc.
This is free software; see the source for copying conditions.  There is NO
warranty; not even for MERCHANTABILITY or FITNESS FOR A PARTICULAR PURPOSE.

configure:3703: $? = 0
configure:3692: gcc -v >&5
Using built-in specs.
COLLECT_GCC=gcc
COLLECT_LTO_WRAPPER=/usr/libexec/gcc/x86_64-linux-gnu/13/lto-wrapper
OFFLOAD_TARGET_NAMES=nvptx-none:amdgcn-amdhsa
OFFLOAD_TARGET_DEFAULT=1
Target: x86_64-linux-gnu
Configured with: ../src/configure -v --with-pkgversion='Ubuntu 13.3.0-6ubuntu2~24.04' --with-bugurl=file:///usr/share/doc/gcc-13/README.Bugs --enable-languages=c,ada,c++,go,d,fortran,objc,obj-c++,m2 --prefix=/usr --with-gcc-major-version-only --program-suffix=-13 --program-prefix=x86_64-linux-gnu- --enable-shared --enable-linker-build-id --libexecdir=/usr/libexec --without-included-gettext --enable-threads=posix --libdir=/usr/lib --enable-nls --enable-bootstrap --enable-clocale=gnu --enable-libstdcxx-debug --enable-libstdcxx-time=yes --with-default-libstdcxx-abi=new --enable-libstdcxx-backtrace --enable-gnu-unique-object --disable-vtable-verify --enable-plugin --enable-default-pie --with-system-zlib --enable-libphobos-checking=release --with-target-system-zlib=auto --enable-objc-gc=auto --enable-multiarch --disable-werror --enable-cet --with-arch-32=i686 --with-abi=m64 --with-multilib-list=m32,m64,mx32 --enable-multilib --with-tune=generic --enable-offload-targets=nvptx-none=/build/gcc-13-fG75Ri/gcc-13-13.3.0/debian/tmp-nvptx/usr,amdgcn-amdhsa=/build/gcc-13-fG75Ri/gcc-13-13.3.0/debian/tmp-gcn/usr --enable-offload-defaulted --without-cuda-driver --enable-checking=release --build=x86_64-linux-gnu --host=x86_64-linux-gnu --target=x86_64-linux-gnu --with-build-config=bootstrap-lto-lean --enable-link-serialization=2
Thread model: posix
Supported LTO compression algorithms: zlib zstd
gcc version 13.3.0 (Ubuntu 13.3.0-6ubuntu2~24.04) 
... rest of stderr output deleted ...
configure:3703: $? = 0
configure:3692: gcc -V >&5
gcc: error: unrecognized command-line option '-V'
gcc: fatal error: no input files
compilation terminated.
configure:3703: $? = 1
configure:3692: gcc -qversion >&5
gcc: error: unrecognized command-line option '-qversion'; did you mean '--version'?
gcc: fatal error: no input files
compilation terminated.
configure:3703: $? = 1
configure:3723: checking whether the C compiler works
configure:3745: gcc    conftest.c  >&5
configure:3749: $? = 0
configure:3797: result: yes
configure:3800: checking for C compiler default output file name
configure:3802: result: a.out
configure:3808: checking for suffix of executables
configure:3815: gcc -o conftest    conftest.c  >&5
configure:3819: $? = 0
configure:3841: result: 
configure:3863: checking whether we are cross compiling
configure:3871: gcc -o conftest    conftest.c  >&5
configure:3875: $? = 0
configure:3882: ./conftest
configure:3886: $? = 0
configure:3901: result: no
configure:3906: checking for suffix of object files
configure:3928: gcc -c   conftest.c >&5
configure:3932: $? = 0
configure:3953: result: o
configure:3957: checking whether we are using the GNU C compiler
configure:3976: gcc -c   conftest.c >&5
configure:3976: $? = 0
configure:3985: result: yes
configure:3994: checking whether gcc accepts -g
configure:4014: gcc -c -g  conftest.c >&5
configure:4014: $? = 0
configure:4055: result: yes
configure:4072: checking for gcc option to accept ISO C89
configure:4135: gcc  -c -g -O2  conftest.c >&5
configure:4135: $? = 0
configure:4148: result: none needed
configure:4170: checking dependency style of gcc
configure:4281: result: gcc3
configure:4302: checking how to run the C preprocessor
configure:4333: gcc -E  conftest.c
configure:4333: $? = 0
configure:4347: gcc -E  conftest.c
conftest.c:11:10: fatal error: ac_nonexistent.h: No such file or directory
   11 | #include <ac_nonexistent.h>
      |          ^~~~~~~~~~~~~~~~~~
compilation terminated.
configure:4347: $? = 1
configure: failed program was:
| /* confdefs.h */
| #define PACKAGE_NAME "gnupg"
| #define PACKAGE_TARNAME "gnupg"
| #define PACKAGE_VERSION "1.4.13"
| #define PACKAGE_STRING "gnupg 1.4.13"
| #define PACKAGE_BUGREPORT "http://bugs.gnupg.org"
| #define PACKAGE_URL ""
| #define PACKAGE "gnupg"
| #define VERSION "1.4.13"
| /* end confdefs.h.  */
| #include <ac_nonexistent.h>
configure:4372: result: gcc -E
configure:4392: gcc -E  conftest.c
configure:4392: $? = 0
configure:4406: gcc -E  conftest.c
conftest.c:11:10: fatal error: ac_nonexistent.h: No such file or directory
   11 | #include <ac_nonexistent.h>
      |          ^~~~~~~~~~~~~~~~~~
compilation terminated.
configure:4406: $? = 1
configure: failed program was:
| /* confdefs.h */
| #define PACKAGE_NAME "gnupg"
| #define PACKAGE_TARNAME "gnupg"
| #define PACKAGE_VERSION "1.4.13"
| #define PACKAGE_STRING "gnupg 1.4.13"
| #define PACKAGE_BUGREPORT "http://bugs.gnupg.org"
| #define PACKAGE_URL ""
| #define PACKAGE "gnupg"
| #define VERSION "1.4.13"
| /* end confdefs.h.  */
| #include <ac_nonexistent.h>
configure:4435: checking for grep that handles long lines and -e
configure:4493: result: /usr/bin/grep
configure:4498: checking for egrep
configure:4560: result: /usr/bin/grep -E
configure:4565: checking for ANSI C header files
configure:4585: gcc -c -g -O2  conftest.c >&5
configure:4585: $? = 0
configure:4658: gcc -o conftest -g -O2   conftest.c  >&5
configure:4658: $? = 0
configure:4658: ./conftest
configure:4658: $? = 0
configure:4669: result: yes
configure:4682: checking for sys/types.h
configure:4682: gcc -c -g -O2  conftest.c >&5
configure:4682: $? = 0
configure:4682: result: yes
configure:4682: checking for sys/stat.h
configure:4682: gcc -c -g -O2  conftest.c >&5
configure:4682: $? = 0
configure:4682: result: yes
configure:4682: checking for stdlib.h
configure:4682: gcc -c -g -O2  conftest.c >&5
configure:4682: $? = 0
configure:4682: result: yes
configure:4682: checking for string.h
configure:4682: gcc -c -g -O2  conftest.c >&5
configure:4682: $? = 0
configure:4682: result: yes
configure:4682: checking for memory.h
configure:4682: gcc -c -g -O2  conftest.c >&5
configure:4682: $? = 0
configure:4682: result: yes
configure:4682: checking for strings.h
configure:4682: gcc -c -g -O2  conftest.c >&5
configure:4682: $? = 0
configure:4682: result: yes
configure:4682: checking for inttypes.h
configure:4682: gcc -c -g -O2  conftest.c >&5
configure:4682: $? = 0
configure:4682: result: yes
configure:4682: checking for stdint.h
configure:4682: gcc -c -g -O2  conftest.c >&5
configure:4682: $? = 0
configure:4682: result: yes
configure:4682: checking for unistd.h
configure:4682: gcc -c -g -O2  conftest.c >&5
configure:4682: $? = 0
configure:4682: result: yes
configure:4695: checking minix/config.h usability
configure:4695: gcc -c -g -O2  conftest.c >&5
conftest.c:54:10: fatal error: minix/config.h: No such file or directory
   54 | #include <minix/config.h>
      |          ^~~~~~~~~~~~~~~~
compilation terminated.
configure:4695: $? = 1
configure: failed program was:
| /* confdefs.h */
| #define PACKAGE_NAME "gnupg"
| #define PACKAGE_TARNAME "gnupg"
| #define PACKAGE_VERSION "1.4.13"
| #define PACKAGE_STRING "gnupg 1.4.13"
| #define PACKAGE_BUGREPORT "http://bugs.gnupg.org"
| #define PACKAGE_URL ""
| #define PACKAGE "gnupg"
| #define VERSION "1.4.13"
| #define STDC_HEADERS 1
| #define HAVE_SYS_TYPES_H 1
| #define HAVE_SYS_STAT_H 1
| #define HAVE_STDLIB_H 1
| #define HAVE_STRING_H 1
| #define HAVE_MEMORY_H 1
| #define HAVE_STRINGS_H 1
| #define HAVE_INTTYPES_H 1
| #define HAVE_STDINT_H 1
| #define HAVE_UNISTD_H 1
| /* end confdefs.h.  */
| #include <stdio.h>
| #ifdef HAVE_SYS_TYPES_H
| # include <sys/types.h>
| #endif
| #ifdef HAVE_SYS_STAT_H
| # include <sys/stat.h>
| #endif
| #ifdef STDC_HEADERS
| # include <stdlib.h>
| # include <stddef.h>
| #else
| # ifdef HAVE_STDLIB_H
| #  include <stdlib.h>
| # endif
| #endif
| #ifdef HAVE_STRING_H
| # if !defined STDC_HEADERS && defined HAVE_MEMORY_H
| #  include <memory.h>
| # endif
| # include <string.h>
| #endif
| #ifdef HAVE_STRINGS_H
| # include <strings.h>
| #endif
| #ifdef HAVE_INTTYPES_H
| # include <inttypes.h>
| #endif
| #ifdef HAVE_STDINT_H
| # include <stdint.h>
| #endif
| #ifdef HAVE_UNISTD_H
| # include <unistd.h>
| #endif
| #include <minix/config.h>
configure:4695: result: no
configure:4695: checking minix/config.h presence
configure:4695: gcc -E  conftest.c
conftest.c:21:10: fatal error: minix/config.h: No such file or directory
   21 | #include <minix/config.h>
      |          ^~~~~~~~~~~~~~~~
compilation terminated.
configure:4695: $? = 1
configure: failed program was:
| /* confdefs.h */
| #define PACKAGE_NAME "gnupg"
| #define PACKAGE_TARNAME "gnupg"
| #define PACKAGE_VERSION "1.4.13"
| #define PACKAGE_STRING "gnupg 1.4.13"
| #define PACKAGE_BUGREPORT "http://bugs.gnupg.org"
| #define PACKAGE_URL ""
| #define PACKAGE "gnupg"
| #define VERSION "1.4.13"
| #define STDC_HEADERS 1
| #define HAVE_SYS_TYPES_H 1
| #define HAVE_SYS_STAT_H 1
| #define HAVE_STDLIB_H 1
| #define HAVE_STRING_H 1
| #define HAVE_MEMORY_H 1
| #define HAVE_STRINGS_H 1
| #define HAVE_INTTYPES_H 1
| #define HAVE_STDINT_H 1
| #define HAVE_UNISTD_H 1
| /* end confdefs.h.  */
| #include <minix/config.h>
configure:4695: result: no
configure:4695: checking for minix/config.h
configure:4695: result: no
configure:4716: checking whether it is safe to define __EXTENSIONS__
configure:4734: gcc -c -g -O2  conftest.c >&5
configure:4734: $? = 0
configure:4741: result: yes
configure:4757: checking which random module to use
configure:4773: result: default
configure:4803: checking whether use of /dev/random is requested
configure:4812: result: yes
configure:4817: checking whether assembler modules are requested
configure:4826: result: yes
configure:4832: checking whether SELinux support is requested
configure:4841: result: no
configure:4845: checking whether the new iconv based code is requested
configure:4854: result: yes
configure:4897: checking whether OpenPGP card support is requested
configure:4904: result: yes
configure:4909: checking whether gpg-agent support is requested
configure:4916: result: yes
configure:4920: checking whether to enable the RSA public key algorithm
configure:4927: result: yes
configure:4935: checking whether to enable the IDEA cipher
configure:4942: result: yes
configure:4950: checking whether to enable the CAST5 cipher
configure:4957: result: yes
configure:4965: checking whether to enable the BLOWFISH cipher
configure:4972: result: yes
configure:4980: checking whether to enable the AES ciphers
configure:4987: result: yes
configure:4995: checking whether to enable the TWOFISH cipher
configure:5002: result: yes
configure:5010: checking whether to enable the CAMELLIA cipher
configure:5017: result: yes
configure:5025: checking whether to enable the SHA-224 and SHA-256 digests
configure:5032: result: yes
configure:5040: checking whether to enable the SHA-384 and SHA-512 digests
configure:5047: result: yes
configure:5050: checking whether to enable the BZIP2 compression algorithm
configure:5057: result: yes
configure:5060: checking whether to enable external program execution
configure:5067: result: yes
configure:5076: checking whether to enable photo ID viewing
configure:5090: result: yes
configure:5094: checking whether to use a fixed photo ID viewer
configure:5112: result: no
configure:5116: checking whether to enable external keyserver helpers
configure:5130: result: yes
configure:5134: checking whether LDAP keyserver support is requested
configure:5143: result: yes
configure:5146: checking whether HKP keyserver support is requested
configure:5155: result: yes
configure:5158: checking whether finger key fetching support is requested
configure:5167: result: yes
configure:5170: checking whether generic object key fetching support is requested
configure:5179: result: yes
configure:5182: checking whether email keyserver support is requested
configure:5191: result: no
configure:5195: checking whether keyserver exec-path is enabled
configure:5206: result: yes
configure:5210: checking whether the included zlib is requested
configure:5220: result: no
configure:5223: checking for the size of the key and uid cache
configure:5245: result: 4096
configure:5253: checking whether use of capabilities is requested
configure:5263: result: no
configure:5273: checking whether to enable maintainer-specific portions of Makefiles
configure:5282: result: no
configure:5297: checking whether make sets $(MAKE)
configure:5319: result: yes
configure:5328: checking whether build environment is sane
configure:5378: result: yes
configure:5444: checking for gcc
configure:5471: result: gcc
configure:5700: checking for C compiler version
configure:5709: gcc --version >&5
gcc (Ubuntu 13.3.0-6ubuntu2~24.04) 13.3.0
Copyright (C) 2023 Free Software Foundation, Inc.
This is free software; see the source for copying conditions.  There is NO
warranty; not even for MERCHANTABILITY or FITNESS FOR A PARTICULAR PURPOSE.

configure:5720: $? = 0
configure:5709: gcc -v >&5
Using built-in specs.
COLLECT_GCC=gcc
COLLECT_LTO_WRAPPER=/usr/libexec/gcc/x86_64-linux-gnu/13/lto-wrapper
OFFLOAD_TARGET_NAMES=nvptx-none:amdgcn-amdhsa
OFFLOAD_TARGET_DEFAULT=1
Target: x86_64-linux-gnu
Configured with: ../src/configure -v --with-pkgversion='Ubuntu 13.3.0-6ubuntu2~24.04' --with-bugurl=file:///usr/share/doc/gcc-13/README.Bugs --enable-languages=c,ada,c++,go,d,fortran,objc,obj-c++,m2 --prefix=/usr --with-gcc-major-version-only --program-suffix=-13 --program-prefix=x86_64-linux-gnu- --enable-shared --enable-linker-build-id --libexecdir=/usr/libexec --without-included-gettext --enable-threads=posix --libdir=/usr/lib --enable-nls --enable-bootstrap --enable-clocale=gnu --enable-libstdcxx-debug --enable-libstdcxx-time=yes --with-default-libstdcxx-abi=new --enable-libstdcxx-backtrace --enable-gnu-unique-object --disable-vtable-verify --enable-plugin --enable-default-pie --with-system-zlib --enable-libphobos-checking=release --with-target-system-zlib=auto --enable-objc-gc=auto --enable-multiarch --disable-werror --enable-cet --with-arch-32=i686 --with-abi=m64 --with-multilib-list=m32,m64,mx32 --enable-multilib --with-tune=generic --enable-offload-targets=nvptx-none=/build/gcc-13-fG75Ri/gcc-13-13.3.0/debian/tmp-nvptx/usr,amdgcn-amdhsa=/build/gcc-13-fG75Ri/gcc-13-13.3.0/debian/tmp-gcn/usr --enable-offload-defaulted --without-cuda-driver --enable-checking=release --build=x86_64-linux-gnu --host=x86_64-linux-gnu --target=x86_64-linux-gnu --with-build-config=bootstrap-lto-lean --enable-link-serialization=2
Thread model: posix
Supported LTO compression algorithms: zlib zstd
gcc version 13.3.0 (Ubuntu 13.3.0-6ubuntu2~24.04) 
... rest of stderr output deleted ...
configure:5720: $? = 0
configure:5709: gcc -V >&5
gcc: error: unrecognized command-line option '-V'
gcc: fatal error: no input files
compilation terminated.
configure:5720: $? = 1
configure:5709: gcc -qversion >&5
gcc: error: unrecognized command-line option '-qversion'; did you mean '--version'?
gcc: fatal error: no input files
compilation terminated.
configure:5720: $? = 1
configure:5724: checking whether we are using the GNU C compiler
configure:5752: result: yes
configure:5761: checking whether gcc accepts -g
configure:5822: result: yes
configure:5839: checking for gcc option to accept ISO C89
configure:5915: result: none needed
configure:5937: checking dependency style of gcc
configure:6048: result: gcc3
configure:6064: checking whether gcc and cc understand -c and -o together
configure:6095: gcc -c conftest.c -o conftest2.o >&5
configure:6099: $? = 0
configure:6105: gcc -c conftest.c -o conftest2.o >&5
configure:6109: $? = 0
configure:6120: cc -c conftest.c >&5
configure:6124: $? = 0
configure:6132: cc -c conftest.c -o conftest2.o >&5
configure:6136: $? = 0
configure:6142: cc -c conftest.c -o conftest2.o >&5
configure:6146: $? = 0
configure:6164: result: yes
configure:6194: checking how to run the C preprocessor
configure:6264: result: gcc -E
configure:6284: gcc -E  conftest.c
configure:6284: $? = 0
configure:6298: gcc -E  conftest.c
conftest.c:36:10: fatal error: ac_nonexistent.h: No such file or directory
   36 | #include <ac_nonexistent.h>
      |          ^~~~~~~~~~~~~~~~~~
compilation terminated.
configure:6298: $? = 1
configure: failed program was:
| /* confdefs.h */
| #define PACKAGE_NAME "gnupg"
| #define PACKAGE_TARNAME "gnupg"
| #define PACKAGE_VERSION "1.4.13"
| #define PACKAGE_STRING "gnupg 1.4.13"
| #define PACKAGE_BUGREPORT "http://bugs.gnupg.org"
| #define PACKAGE_URL ""
| #define PACKAGE "gnupg"
| #define VERSION "1.4.13"
| #define STDC_HEADERS 1
| #define HAVE_SYS_TYPES_H 1
| #define HAVE_SYS_STAT_H 1
| #define HAVE_STDLIB_H 1
| #define HAVE_STRING_H 1
| #define HAVE_MEMORY_H 1
| #define HAVE_STRINGS_H 1
| #define HAVE_INTTYPES_H 1
| #define HAVE_STDINT_H 1
| #define HAVE_UNISTD_H 1
| #define __EXTENSIONS__ 1
| #define _ALL_SOURCE 1
| #define _GNU_SOURCE 1
| #define _POSIX_PTHREAD_SEMANTICS 1
| #define _TANDEM_SOURCE 1
| #define EGD_SOCKET_NAME ""
| #define USE_RSA 1
| #define USE_IDEA 1
| #define USE_CAST5 1
| #define USE_BLOWFISH 1
| #define USE_AES 1
| #define USE_TWOFISH 1
| #define USE_CAMELLIA 1
| #define USE_SHA256 1
| #define PK_UID_CACHE_SIZE 4096
| /* end confdefs.h.  */
| #include <ac_nonexistent.h>
configure:6369: checking for ranlib
configure:6385: found /usr/bin/ranlib
configure:6396: result: ranlib
configure:6461: checking for ar
configure:6477: found /usr/bin/ar
configure:6488: result: ar
configure:6512: checking for perl
configure:6530: found /usr/bin/perl
configure:6542: result: /usr/bin/perl
configure:6551: checking for strerror in -lcposix
configure:6576: gcc -o conftest -g -O2   conftest.c -lcposix   >&5
/usr/bin/ld: cannot find -lcposix: No such file or directory
collect2: error: ld returned 1 exit status
configure:6576: $? = 1
configure: failed program was:
| /* confdefs.h */
| #define PACKAGE_NAME "gnupg"
| #define PACKAGE_TARNAME "gnupg"
| #define PACKAGE_VERSION "1.4.13"
| #define PACKAGE_STRING "gnupg 1.4.13"
| #define PACKAGE_BUGREPORT "http://bugs.gnupg.org"
| #define PACKAGE_URL ""
| #define PACKAGE "gnupg"
| #define VERSION "1.4.13"
| #define STDC_HEADERS 1
| #define HAVE_SYS_TYPES_H 1
| #define HAVE_SYS_STAT_H 1
| #define HAVE_STDLIB_H 1
| #define HAVE_STRING_H 1
| #define HAVE_MEMORY_H 1
| #define HAVE_STRINGS_H 1
| #define HAVE_INTTYPES_H 1
| #define HAVE_STDINT_H 1
| #define HAVE_UNISTD_H 1
| #define __EXTENSIONS__ 1
| #define _ALL_SOURCE 1
| #define _GNU_SOURCE 1
| #define _POSIX_PTHREAD_SEMANTICS 1
| #define _TANDEM_SOURCE 1
| #define EGD_SOCKET_NAME ""
| #define USE_RSA 1
| #define USE_IDEA 1
| #define USE_CAST5 1
| #define USE_BLOWFISH 1
| #define USE_AES 1
| #define USE_TWOFISH 1
| #define USE_CAMELLIA 1
| #define USE_SHA256 1
| #define PK_UID_CACHE_SIZE 4096
| /* end confdefs.h.  */
| 
| /* Override any GCC internal prototype to avoid an error.
|    Use char because int might match the return type of a GCC
|    builtin and then its argument prototype would still apply.  */
| #ifdef __cplusplus
| extern "C"
| #endif
| char strerror ();
| int
| main ()
| {
| return strerror ();
|   ;
|   return 0;
| }
configure:6585: result: no
configure:6600: checking for special C compiler options needed for large files
configure:6645: result: no
configure:6651: checking for _FILE_OFFSET_BITS value needed for large files
configure:6676: gcc -c -g -O2  conftest.c >&5
configure:6676: $? = 0
configure:6708: result: no
configure:6798: checking for gawk
configure:6825: result: mawk
configure:6838: checking for docbook-to-man
configure:6866: result: no
configure:6895: checking for tar
configure:6913: found /usr/bin/tar
configure:6925: result: /usr/bin/tar
configure:6941: checking whether /usr/bin/tar speaks USTAR
configure:6949: result: yes
configure:6960: checking for cc for build
configure:6967: result: gcc
configure:7094: checking for BSD-compatible nm
configure:7126: result: /usr/bin/nm -B
configure:7131: checking command to parse /usr/bin/nm -B output
configure:7195: gcc -c -g -O2  conftest.c >&5
configure:7198: $? = 0
configure:7202: /usr/bin/nm -B conftest.o \| sed -n -e 's/^.* [ABCDGISTUW] \([_A-Za-z][_A-Za-z0-9]*\)$/\1 \1/p' \> conftest.nm
configure:7205: $? = 0
configure:7264: gcc -o conftest -g -O2   conftest.c conftestm.o >&5
configure:7267: $? = 0
configure:7301: result: yes
configure:7324: checking for _ prefix in compiled symbols
configure:7334: gcc -c -g -O2  conftest.c >&5
configure:7337: $? = 0
configure:7341: /usr/bin/nm -B conftest.o \| sed -n -e 's/^.* [ABCDGISTUW] \([_A-Za-z][_A-Za-z0-9]*\)$/\1 \1/p' \> conftest.nm
configure:7344: $? = 0
configure:7371: result: no
configure:7398: checking for gethostbyname
configure:7398: gcc -o conftest -g -O2   conftest.c  >&5
configure:7398: $? = 0
configure:7398: result: yes
configure:7444: checking for setsockopt
configure:7444: gcc -o conftest -g -O2   conftest.c  >&5
configure:7444: $? = 0
configure:7444: result: yes
configure:7524: checking for library containing res_query
configure:7555: gcc -o conftest -g -O2   conftest.c  >&5
configure:7555: $? = 0
configure:7572: result: none required
configure:7639: checking for library containing dn_expand
configure:7670: gcc -o conftest -g -O2   conftest.c  >&5
configure:7670: $? = 0
configure:7687: result: none required
configure:7754: checking for library containing dn_skipname
configure:7785: gcc -o conftest -g -O2   conftest.c  >&5
configure:7785: $? = 0
configure:7802: result: none required
configure:7876: checking whether the resolver is usable
configure:7892: gcc -o conftest -g -O2   conftest.c  >&5
configure:7892: $? = 0
configure:7899: result: yes
configure:8012: checking whether LDAP via "-lldap" is present and sane
configure:8032: gcc -o conftest -g -O2     conftest.c -lldap   >&5
conftest.c:45:10: fatal error: ldap.h: No such file or directory
   45 | #include <ldap.h>
      |          ^~~~~~~~
compilation terminated.
configure:8032: $? = 1
configure: failed program was:
| /* confdefs.h */
| #define PACKAGE_NAME "gnupg"
| #define PACKAGE_TARNAME "gnupg"
| #define PACKAGE_VERSION "1.4.13"
| #define PACKAGE_STRING "gnupg 1.4.13"
| #define PACKAGE_BUGREPORT "http://bugs.gnupg.org"
| #define PACKAGE_URL ""
| #define PACKAGE "gnupg"
| #define VERSION "1.4.13"
| #define STDC_HEADERS 1
| #define HAVE_SYS_TYPES_H 1
| #define HAVE_SYS_STAT_H 1
| #define HAVE_STDLIB_H 1
| #define HAVE_STRING_H 1
| #define HAVE_MEMORY_H 1
| #define HAVE_STRINGS_H 1
| #define HAVE_INTTYPES_H 1
| #define HAVE_STDINT_H 1
| #define HAVE_UNISTD_H 1
| #define __EXTENSIONS__ 1
| #define _ALL_SOURCE 1
| #define _GNU_SOURCE 1
| #define _POSIX_PTHREAD_SEMANTICS 1
| #define _TANDEM_SOURCE 1
| #define EGD_SOCKET_NAME ""
| #define USE_RSA 1
| #define USE_IDEA 1
| #define USE_CAST5 1
| #define USE_BLOWFISH 1
| #define USE_AES 1
| #define USE_TWOFISH 1
| #define USE_CAMELLIA 1
| #define USE_SHA256 1
| #define PK_UID_CACHE_SIZE 4096
| #define EXEEXT ""
| #define USE_DNS_SRV 1
| #define USE_DNS_PKA 1
| #define USE_DNS_CERT 1
| /* end confdefs.h.  */
| 
| #ifdef _WIN32
| #include <winsock2.h>
| #include <winldap.h>
| #else
| #include <ldap.h>
| #endif
| 
| int
| main ()
| {
| ldap_open("foobar",1234);
|   ;
|   return 0;
| }
configure:8039: result: no
configure:8043: checking whether I can make LDAP be sane with lber.h
configure:8057: gcc -o conftest -g -O2     conftest.c -lldap   >&5
conftest.c:40:10: fatal error: lber.h: No such file or directory
   40 | #include <lber.h>
      |          ^~~~~~~~
compilation terminated.
configure:8057: $? = 1
configure: failed program was:
| /* confdefs.h */
| #define PACKAGE_NAME "gnupg"
| #define PACKAGE_TARNAME "gnupg"
| #define PACKAGE_VERSION "1.4.13"
| #define PACKAGE_STRING "gnupg 1.4.13"
| #define PACKAGE_BUGREPORT "http://bugs.gnupg.org"
| #define PACKAGE_URL ""
| #define PACKAGE "gnupg"
| #define VERSION "1.4.13"
| #define STDC_HEADERS 1
| #define HAVE_SYS_TYPES_H 1
| #define HAVE_SYS_STAT_H 1
| #define HAVE_STDLIB_H 1
| #define HAVE_STRING_H 1
| #define HAVE_MEMORY_H 1
| #define HAVE_STRINGS_H 1
| #define HAVE_INTTYPES_H 1
| #define HAVE_STDINT_H 1
| #define HAVE_UNISTD_H 1
| #define __EXTENSIONS__ 1
| #define _ALL_SOURCE 1
| #define _GNU_SOURCE 1
| #define _POSIX_PTHREAD_SEMANTICS 1
| #define _TANDEM_SOURCE 1
| #define EGD_SOCKET_NAME ""
| #define USE_RSA 1
| #define USE_IDEA 1
| #define USE_CAST5 1
| #define USE_BLOWFISH 1
| #define USE_AES 1
| #define USE_TWOFISH 1
| #define USE_CAMELLIA 1
| #define USE_SHA256 1
| #define PK_UID_CACHE_SIZE 4096
| #define EXEEXT ""
| #define USE_DNS_SRV 1
| #define USE_DNS_PKA 1
| #define USE_DNS_CERT 1
| /* end confdefs.h.  */
| #include <lber.h>
| #include <ldap.h>
| int
| main ()
| {
| ldap_open("foobar",1234);
|   ;
|   return 0;
| }
configure:8064: result: no
configure:8012: checking whether LDAP via "-lldap -llber" is present and sane
configure:8032: gcc -o conftest -g -O2     conftest.c -lldap -llber   >&5
conftest.c:45:10: fatal error: ldap.h: No such file or directory
   45 | #include <ldap.h>
      |          ^~~~~~~~
compilation terminated.
configure:8032: $? = 1
configure: failed program was:
| /* confdefs.h */
| #define PACKAGE_NAME "gnupg"
| #define PACKAGE_TARNAME "gnupg"
| #define PACKAGE_VERSION "1.4.13"
| #define PACKAGE_STRING "gnupg 1.4.13"
| #define PACKAGE_BUGREPORT "http://bugs.gnupg.org"
| #define PACKAGE_URL ""
| #define PACKAGE "gnupg"
| #define VERSION "1.4.13"
| #define STDC_HEADERS 1
| #define HAVE_SYS_TYPES_H 1
| #define HAVE_SYS_STAT_H 1
| #define HAVE_STDLIB_H 1
| #define HAVE_STRING_H 1
| #define HAVE_MEMORY_H 1
| #define HAVE_STRINGS_H 1
| #define HAVE_INTTYPES_H 1
| #define HAVE_STDINT_H 1
| #define HAVE_UNISTD_H 1
| #define __EXTENSIONS__ 1
| #define _ALL_SOURCE 1
| #define _GNU_SOURCE 1
| #define _POSIX_PTHREAD_SEMANTICS 1
| #define _TANDEM_SOURCE 1
| #define EGD_SOCKET_NAME ""
| #define USE_RSA 1
| #define USE_IDEA 1
| #define USE_CAST5 1
| #define USE_BLOWFISH 1
| #define USE_AES 1
| #define USE_TWOFISH 1
| #define USE_CAMELLIA 1
| #define USE_SHA256 1
| #define PK_UID_CACHE_SIZE 4096
| #define EXEEXT ""
| #define USE_DNS_SRV 1
| #define USE_DNS_PKA 1
| #define USE_DNS_CERT 1
| /* end confdefs.h.  */
| 
| #ifdef _WIN32
| #include <winsock2.h>
| #include <winldap.h>
| #else
| #include <ldap.h>
| #endif
| 
| int
| main ()
| {
| ldap_open("foobar",1234);
|   ;
|   return 0;
| }
configure:8039: result: no
configure:8043: checking whether I can make LDAP be sane with lber.h
configure:8057: gcc -o conftest -g -O2     conftest.c -lldap -llber   >&5
conftest.c:40:10: fatal error: lber.h: No such file or directory
   40 | #include <lber.h>
      |          ^~~~~~~~
compilation terminated.
configure:8057: $? = 1
configure: failed program was:
| /* confdefs.h */
| #define PACKAGE_NAME "gnupg"
| #define PACKAGE_TARNAME "gnupg"
| #define PACKAGE_VERSION "1.4.13"
| #define PACKAGE_STRING "gnupg 1.4.13"
| #define PACKAGE_BUGREPORT "http://bugs.gnupg.org"
| #define PACKAGE_URL ""
| #define PACKAGE "gnupg"
| #define VERSION "1.4.13"
| #define STDC_HEADERS 1
| #define HAVE_SYS_TYPES_H 1
| #define HAVE_SYS_STAT_H 1
| #define HAVE_STDLIB_H 1
| #define HAVE_STRING_H 1
| #define HAVE_MEMORY_H 1
| #define HAVE_STRINGS_H 1
| #define HAVE_INTTYPES_H 1
| #define HAVE_STDINT_H 1
| #define HAVE_UNISTD_H 1
| #define __EXTENSIONS__ 1
| #define _ALL_SOURCE 1
| #define _GNU_SOURCE 1
| #define _POSIX_PTHREAD_SEMANTICS 1
| #define _TANDEM_SOURCE 1
| #define EGD_SOCKET_NAME ""
| #define USE_RSA 1
| #define USE_IDEA 1
| #define USE_CAST5 1
| #define USE_BLOWFISH 1
| #define USE_AES 1
| #define USE_TWOFISH 1
| #define USE_CAMELLIA 1
| #define USE_SHA256 1
| #define PK_UID_CACHE_SIZE 4096
| #define EXEEXT ""
| #define USE_DNS_SRV 1
| #define USE_DNS_PKA 1
| #define USE_DNS_CERT 1
| /* end confdefs.h.  */
| #include <lber.h>
| #include <ldap.h>
| int
| main ()
| {
| ldap_open("foobar",1234);
|   ;
|   return 0;
| }
configure:8064: result: no
configure:8012: checking whether LDAP via "-lldap -llber -lresolv" is present and sane
configure:8032: gcc -o conftest -g -O2     conftest.c -lldap -llber -lresolv   >&5
conftest.c:45:10: fatal error: ldap.h: No such file or directory
   45 | #include <ldap.h>
      |          ^~~~~~~~
compilation terminated.
configure:8032: $? = 1
configure: failed program was:
| /* confdefs.h */
| #define PACKAGE_NAME "gnupg"
| #define PACKAGE_TARNAME "gnupg"
| #define PACKAGE_VERSION "1.4.13"
| #define PACKAGE_STRING "gnupg 1.4.13"
| #define PACKAGE_BUGREPORT "http://bugs.gnupg.org"
| #define PACKAGE_URL ""
| #define PACKAGE "gnupg"
| #define VERSION "1.4.13"
| #define STDC_HEADERS 1
| #define HAVE_SYS_TYPES_H 1
| #define HAVE_SYS_STAT_H 1
| #define HAVE_STDLIB_H 1
| #define HAVE_STRING_H 1
| #define HAVE_MEMORY_H 1
| #define HAVE_STRINGS_H 1
| #define HAVE_INTTYPES_H 1
| #define HAVE_STDINT_H 1
| #define HAVE_UNISTD_H 1
| #define __EXTENSIONS__ 1
| #define _ALL_SOURCE 1
| #define _GNU_SOURCE 1
| #define _POSIX_PTHREAD_SEMANTICS 1
| #define _TANDEM_SOURCE 1
| #define EGD_SOCKET_NAME ""
| #define USE_RSA 1
| #define USE_IDEA 1
| #define USE_CAST5 1
| #define USE_BLOWFISH 1
| #define USE_AES 1
| #define USE_TWOFISH 1
| #define USE_CAMELLIA 1
| #define USE_SHA256 1
| #define PK_UID_CACHE_SIZE 4096
| #define EXEEXT ""
| #define USE_DNS_SRV 1
| #define USE_DNS_PKA 1
| #define USE_DNS_CERT 1
| /* end confdefs.h.  */
| 
| #ifdef _WIN32
| #include <winsock2.h>
| #include <winldap.h>
| #else
| #include <ldap.h>
| #endif
| 
| int
| main ()
| {
| ldap_open("foobar",1234);
|   ;
|   return 0;
| }
configure:8039: result: no
configure:8043: checking whether I can make LDAP be sane with lber.h
configure:8057: gcc -o conftest -g -O2     conftest.c -lldap -llber -lresolv   >&5
conftest.c:40:10: fatal error: lber.h: No such file or directory
   40 | #include <lber.h>
      |          ^~~~~~~~
compilation terminated.
configure:8057: $? = 1
configure: failed program was:
| /* confdefs.h */
| #define PACKAGE_NAME "gnupg"
| #define PACKAGE_TARNAME "gnupg"
| #define PACKAGE_VERSION "1.4.13"
| #define PACKAGE_STRING "gnupg 1.4.13"
| #define PACKAGE_BUGREPORT "http://bugs.gnupg.org"
| #define PACKAGE_URL ""
| #define PACKAGE "gnupg"
| #define VERSION "1.4.13"
| #define STDC_HEADERS 1
| #define HAVE_SYS_TYPES_H 1
| #define HAVE_SYS_STAT_H 1
| #define HAVE_STDLIB_H 1
| #define HAVE_STRING_H 1
| #define HAVE_MEMORY_H 1
| #define HAVE_STRINGS_H 1
| #define HAVE_INTTYPES_H 1
| #define HAVE_STDINT_H 1
| #define HAVE_UNISTD_H 1
| #define __EXTENSIONS__ 1
| #define _ALL_SOURCE 1
| #define _GNU_SOURCE 1
| #define _POSIX_PTHREAD_SEMANTICS 1
| #define _TANDEM_SOURCE 1
| #define EGD_SOCKET_NAME ""
| #define USE_RSA 1
| #define USE_IDEA 1
| #define USE_CAST5 1
| #define USE_BLOWFISH 1
| #define USE_AES 1
| #define USE_TWOFISH 1
| #define USE_CAMELLIA 1
| #define USE_SHA256 1
| #define PK_UID_CACHE_SIZE 4096
| #define EXEEXT ""
| #define USE_DNS_SRV 1
| #define USE_DNS_PKA 1
| #define USE_DNS_CERT 1
| /* end confdefs.h.  */
| #include <lber.h>
| #include <ldap.h>
| int
| main ()
| {
| ldap_open("foobar",1234);
|   ;
|   return 0;
| }
configure:8064: result: no
configure:8012: checking whether LDAP via "-lwldap32" is present and sane
configure:8032: gcc -o conftest -g -O2     conftest.c -lwldap32   >&5
conftest.c:45:10: fatal error: ldap.h: No such file or directory
   45 | #include <ldap.h>
      |          ^~~~~~~~
compilation terminated.
configure:8032: $? = 1
configure: failed program was:
| /* confdefs.h */
| #define PACKAGE_NAME "gnupg"
| #define PACKAGE_TARNAME "gnupg"
| #define PACKAGE_VERSION "1.4.13"
| #define PACKAGE_STRING "gnupg 1.4.13"
| #define PACKAGE_BUGREPORT "http://bugs.gnupg.org"
| #define PACKAGE_URL ""
| #define PACKAGE "gnupg"
| #define VERSION "1.4.13"
| #define STDC_HEADERS 1
| #define HAVE_SYS_TYPES_H 1
| #define HAVE_SYS_STAT_H 1
| #define HAVE_STDLIB_H 1
| #define HAVE_STRING_H 1
| #define HAVE_MEMORY_H 1
| #define HAVE_STRINGS_H 1
| #define HAVE_INTTYPES_H 1
| #define HAVE_STDINT_H 1
| #define HAVE_UNISTD_H 1
| #define __EXTENSIONS__ 1
| #define _ALL_SOURCE 1
| #define _GNU_SOURCE 1
| #define _POSIX_PTHREAD_SEMANTICS 1
| #define _TANDEM_SOURCE 1
| #define EGD_SOCKET_NAME ""
| #define USE_RSA 1
| #define USE_IDEA 1
| #define USE_CAST5 1
| #define USE_BLOWFISH 1
| #define USE_AES 1
| #define USE_TWOFISH 1
| #define USE_CAMELLIA 1
| #define USE_SHA256 1
| #define PK_UID_CACHE_SIZE 4096
| #define EXEEXT ""
| #define USE_DNS_SRV 1
| #define USE_DNS_PKA 1
| #define USE_DNS_CERT 1
| /* end confdefs.h.  */
| 
| #ifdef _WIN32
| #include <winsock2.h>
| #include <winldap.h>
| #else
| #include <ldap.h>
| #endif
| 
| int
| main ()
| {
| ldap_open("foobar",1234);
|   ;
|   return 0;
| }
configure:8039: result: no
configure:8043: checking whether I can make LDAP be sane with lber.h
configure:8057: gcc -o conftest -g -O2     conftest.c -lwldap32   >&5
conftest.c:40:10: fatal error: lber.h: No such file or directory
   40 | #include <lber.h>
      |          ^~~~~~~~
compilation terminated.
configure:8057: $? = 1
configure: failed program was:
| /* confdefs.h */
| #define PACKAGE_NAME "gnupg"
| #define PACKAGE_TARNAME "gnupg"
| #define PACKAGE_VERSION "1.4.13"
| #define PACKAGE_STRING "gnupg 1.4.13"
| #define PACKAGE_BUGREPORT "http://bugs.gnupg.org"
| #define PACKAGE_URL ""
| #define PACKAGE "gnupg"
| #define VERSION "1.4.13"
| #define STDC_HEADERS 1
| #define HAVE_SYS_TYPES_H 1
| #define HAVE_SYS_STAT_H 1
| #define HAVE_STDLIB_H 1
| #define HAVE_STRING_H 1
| #define HAVE_MEMORY_H 1
| #define HAVE_STRINGS_H 1
| #define HAVE_INTTYPES_H 1
| #define HAVE_STDINT_H 1
| #define HAVE_UNISTD_H 1
| #define __EXTENSIONS__ 1
| #define _ALL_SOURCE 1
| #define _GNU_SOURCE 1
| #define _POSIX_PTHREAD_SEMANTICS 1
| #define _TANDEM_SOURCE 1
| #define EGD_SOCKET_NAME ""
| #define USE_RSA 1
| #define USE_IDEA 1
| #define USE_CAST5 1
| #define USE_BLOWFISH 1
| #define USE_AES 1
| #define USE_TWOFISH 1
| #define USE_CAMELLIA 1
| #define USE_SHA256 1
| #define PK_UID_CACHE_SIZE 4096
| #define EXEEXT ""
| #define USE_DNS_SRV 1
| #define USE_DNS_PKA 1
| #define USE_DNS_CERT 1
| /* end confdefs.h.  */
| #include <lber.h>
| #include <ldap.h>
| int
| main ()
| {
| ldap_open("foobar",1234);
|   ;
|   return 0;
| }
configure:8064: result: no
configure:8191: checking for gawk
configure:8218: result: mawk
configure:8285: checking for curl-config
configure:8303: found /usr/local/bin/curl-config
configure:8315: result: /usr/local/bin/curl-config
configure:8326: checking for the version of libcurl
configure:8333: result: 8.15.0-DEV
configure:8340: checking for libcurl >= version 7.10
configure:8353: result: yes
configure:8394: checking whether libcurl is usable
configure:8427: gcc -o conftest -g -O2  -I/usr/local/include   conftest.c -L/usr/local/lib -lcurl  >&5
configure:8427: $? = 0
configure:8441: result: yes
configure:8457: checking for curl_free
configure:8457: gcc -o conftest -g -O2   -I/usr/local/include  conftest.c  -L/usr/local/lib -lcurl >&5
configure:8457: $? = 0
configure:8457: result: yes
configure:8457: checking for curl_easy_escape
configure:8457: gcc -o conftest -g -O2   -I/usr/local/include  conftest.c  -L/usr/local/lib -lcurl >&5
configure:8457: $? = 0
configure:8457: result: yes
configure:8457: checking for curl_easy_unescape
configure:8457: gcc -o conftest -g -O2   -I/usr/local/include  conftest.c  -L/usr/local/lib -lcurl >&5
configure:8457: $? = 0
configure:8457: result: yes
configure:8691: checking whether NLS is requested
configure:8700: result: yes
configure:8741: checking for msgfmt
configure:8776: result: no
configure:8782: checking for gmsgfmt
configure:8813: result: :
configure:8864: checking for xgettext
configure:8899: result: no
configure:8942: checking for msgmerge
configure:8976: result: no
configure:8993: checking whether we are using the GNU C Library 2 or newer
configure:9020: result: yes
configure:9031: checking whether the -Werror option is usable
configure:9050: gcc -c -g -O2 -Werror  conftest.c >&5
configure:9050: $? = 0
configure:9059: result: yes
configure:9061: checking for simple visibility declarations
configure:9087: gcc -c -g -O2 -fvisibility=hidden -Werror  conftest.c >&5
configure:9087: $? = 0
configure:9096: result: yes
configure:9111: checking for inline
configure:9127: gcc -c -g -O2  conftest.c >&5
configure:9127: $? = 0
configure:9135: result: inline
configure:9153: checking for size_t
configure:9153: gcc -c -g -O2  conftest.c >&5
configure:9153: $? = 0
configure:9153: gcc -c -g -O2  conftest.c >&5
conftest.c: In function 'main':
conftest.c:124:21: error: expected expression before ')' token
  124 | if (sizeof ((size_t)))
      |                     ^
configure:9153: $? = 1
configure: failed program was:
| /* confdefs.h */
| #define PACKAGE_NAME "gnupg"
| #define PACKAGE_TARNAME "gnupg"
| #define PACKAGE_VERSION "1.4.13"
| #define PACKAGE_STRING "gnupg 1.4.13"
| #define PACKAGE_BUGREPORT "http://bugs.gnupg.org"
| #define PACKAGE_URL ""
| #define PACKAGE "gnupg"
| #define VERSION "1.4.13"
| #define STDC_HEADERS 1
| #define HAVE_SYS_TYPES_H 1
| #define HAVE_SYS_STAT_H 1
| #define HAVE_STDLIB_H 1
| #define HAVE_STRING_H 1
| #define HAVE_MEMORY_H 1
| #define HAVE_STRINGS_H 1
| #define HAVE_INTTYPES_H 1
| #define HAVE_STDINT_H 1
| #define HAVE_UNISTD_H 1
| #define __EXTENSIONS__ 1
| #define _ALL_SOURCE 1
| #define _GNU_SOURCE 1
| #define _POSIX_PTHREAD_SEMANTICS 1
| #define _TANDEM_SOURCE 1
| #define EGD_SOCKET_NAME ""
| #define USE_RSA 1
| #define USE_IDEA 1
| #define USE_CAST5 1
| #define USE_BLOWFISH 1
| #define USE_AES 1
| #define USE_TWOFISH 1
| #define USE_CAMELLIA 1
| #define USE_SHA256 1
| #define PK_UID_CACHE_SIZE 4096
| #define EXEEXT ""
| #define USE_DNS_SRV 1
| #define USE_DNS_PKA 1
| #define USE_DNS_CERT 1
| #define HAVE_CURL_FREE 1
| #define HAVE_CURL_EASY_ESCAPE 1
| #define HAVE_CURL_EASY_UNESCAPE 1
| #define HAVE_LIBCURL 1
| #define LIBCURL_VERNUM 0x080F00
| #define LIBCURL_FEATURE_ALT_SVC 1
| #define LIBCURL_FEATURE_ASYNCHDNS 1
| #define LIBCURL_FEATURE_HSTS 1
| #define LIBCURL_FEATURE_HTTP2 1
| #define LIBCURL_FEATURE_HTTP3 1
| #define LIBCURL_FEATURE_HTTPS_PROXY 1
| #define LIBCURL_FEATURE_IPV6 1
| #define LIBCURL_FEATURE_LARGEFILE 1
| #define LIBCURL_FEATURE_LIBZ 1
| #define LIBCURL_FEATURE_NTLM 1
| #define LIBCURL_FEATURE_PSL 1
| #define LIBCURL_FEATURE_SSL 1
| #define LIBCURL_FEATURE_THREADSAFE 1
| #define LIBCURL_FEATURE_TLS_SRP 1
| #define LIBCURL_FEATURE_UNIXSOCKETS 1
| #define LIBCURL_PROTOCOL_DICT 1
| #define LIBCURL_PROTOCOL_FILE 1
| #define LIBCURL_PROTOCOL_FTP 1
| #define LIBCURL_PROTOCOL_FTPS 1
| #define LIBCURL_PROTOCOL_GOPHER 1
| #define LIBCURL_PROTOCOL_GOPHERS 1
| #define LIBCURL_PROTOCOL_HTTP 1
| #define LIBCURL_PROTOCOL_HTTPS 1
| #define LIBCURL_PROTOCOL_IMAP 1
| #define LIBCURL_PROTOCOL_IMAPS 1
| #define LIBCURL_PROTOCOL_IPFS 1
| #define LIBCURL_PROTOCOL_IPNS 1
| #define LIBCURL_PROTOCOL_MQTT 1
| #define LIBCURL_PROTOCOL_POP3 1
| #define LIBCURL_PROTOCOL_POP3S 1
| #define LIBCURL_PROTOCOL_RTSP 1
| #define LIBCURL_PROTOCOL_SMB 1
| #define LIBCURL_PROTOCOL_SMBS 1
| #define LIBCURL_PROTOCOL_SMTP 1
| #define LIBCURL_PROTOCOL_SMTPS 1
| #define LIBCURL_PROTOCOL_TELNET 1
| #define LIBCURL_PROTOCOL_TFTP 1
| #define LIBCURL_PROTOCOL_WS 1
| #define LIBCURL_PROTOCOL_WSS 1
| #define PRINTABLE_OS_NAME "GNU/Linux"
| #define NAME_OF_DEV_RANDOM "/dev/random"
| #define NAME_OF_DEV_URANDOM "/dev/urandom"
| #define HAVE_VISIBILITY 1
| /* end confdefs.h.  */
| #include <stdio.h>
| #ifdef HAVE_SYS_TYPES_H
| # include <sys/types.h>
| #endif
| #ifdef HAVE_SYS_STAT_H
| # include <sys/stat.h>
| #endif
| #ifdef STDC_HEADERS
| # include <stdlib.h>
| # include <stddef.h>
| #else
| # ifdef HAVE_STDLIB_H
| #  include <stdlib.h>
| # endif
| #endif
| #ifdef HAVE_STRING_H
| # if !defined STDC_HEADERS && defined HAVE_MEMORY_H
| #  include <memory.h>
| # endif
| # include <string.h>
| #endif
| #ifdef HAVE_STRINGS_H
| # include <strings.h>
| #endif
| #ifdef HAVE_INTTYPES_H
| # include <inttypes.h>
| #endif
| #ifdef HAVE_STDINT_H
| # include <stdint.h>
| #endif
| #ifdef HAVE_UNISTD_H
| # include <unistd.h>
| #endif
| int
| main ()
| {
| if (sizeof ((size_t)))
| 	    return 0;
|   ;
|   return 0;
| }
configure:9153: result: yes
configure:9165: checking for stdint.h
configure:9182: gcc -c -g -O2  conftest.c >&5
configure:9182: $? = 0
configure:9189: result: yes
configure:9201: checking for working alloca.h
configure:9218: gcc -o conftest -g -O2   conftest.c  >&5
configure:9218: $? = 0
configure:9226: result: yes
configure:9234: checking for alloca
configure:9271: gcc -o conftest -g -O2   conftest.c  >&5
configure:9271: $? = 0
configure:9279: result: yes
configure:9391: checking for stdlib.h
configure:9391: result: yes
configure:9391: checking for unistd.h
configure:9391: result: yes
configure:9391: checking for sys/param.h
configure:9391: gcc -c -g -O2  conftest.c >&5
configure:9391: $? = 0
configure:9391: result: yes
configure:9411: checking for getpagesize
configure:9411: gcc -o conftest -g -O2   conftest.c  >&5
configure:9411: $? = 0
configure:9411: result: yes
configure:9420: checking for working mmap
configure:9567: gcc -o conftest -g -O2   conftest.c  >&5
configure:9567: $? = 0
configure:9567: ./conftest
configure:9567: $? = 0
configure:9577: result: yes
configure:9588: checking whether integer division by zero raises SIGFPE
configure:9654: gcc -o conftest -g -O2   conftest.c  >&5
conftest.c:110:5: warning: built-in function 'nan' declared as non-function [-Wbuiltin-declaration-mismatch]
  110 | int nan;
      |     ^~~
configure:9654: $? = 0
configure:9654: ./conftest
configure:9654: $? = 0
configure:9666: result: yes
configure:9679: checking for inttypes.h
configure:9696: gcc -c -g -O2  conftest.c >&5
configure:9696: $? = 0
configure:9703: result: yes
configure:9714: checking for unsigned long long int
configure:9735: gcc -o conftest -g -O2   conftest.c  >&5
configure:9735: $? = 0
configure:9743: result: yes
configure:9773: checking for inttypes.h
configure:9773: result: yes
configure:9784: checking whether the inttypes.h PRIxNN macros are broken
configure:9805: gcc -c -g -O2  conftest.c >&5
configure:9805: $? = 0
configure:9813: result: no
configure:9919: checking for ld used by GCC
configure:9983: result: /usr/bin/ld
configure:9990: checking if the linker (/usr/bin/ld) is GNU ld
configure:10003: result: yes
configure:10010: checking for shared library run path origin
configure:10023: result: done
configure:10113: checking whether imported symbols can be declared weak
configure:10131: gcc -o conftest -g -O2   conftest.c  >&5
configure:10131: $? = 0
configure:10165: gcc -o conftest -g -O2   conftest.c  >&5
configure:10165: $? = 0
configure:10165: ./conftest
configure:10165: $? = 0
configure:10177: result: yes
configure:10182: checking pthread.h usability
configure:10182: gcc -c -g -O2  conftest.c >&5
configure:10182: $? = 0
configure:10182: result: yes
configure:10182: checking pthread.h presence
configure:10182: gcc -E  conftest.c
configure:10182: $? = 0
configure:10182: result: yes
configure:10182: checking for pthread.h
configure:10182: result: yes
configure:10210: gcc -o conftest -g -O2   conftest.c  >&5
conftest.c: In function 'main':
conftest.c:105:1: warning: argument 1 null where non-null expected [-Wnonnull]
  105 | pthread_mutex_lock((pthread_mutex_t*)0);
      | ^~~~~~~~~~~~~~~~~~
In file included from conftest.c:101:
/usr/include/pthread.h:794:12: note: in a call to function 'pthread_mutex_lock' declared 'nonnull'
  794 | extern int pthread_mutex_lock (pthread_mutex_t *__mutex)
      |            ^~~~~~~~~~~~~~~~~~
conftest.c:106:12: warning: argument 1 null where non-null expected [-Wnonnull]
  106 |            pthread_mutexattr_init((pthread_mutexattr_t*)0);
      |            ^~~~~~~~~~~~~~~~~~~~~~
/usr/include/pthread.h:874:12: note: in a call to function 'pthread_mutexattr_init' declared 'nonnull'
  874 | extern int pthread_mutexattr_init (pthread_mutexattr_t *__attr)
      |            ^~~~~~~~~~~~~~~~~~~~~~
configure:10210: $? = 0
configure:10220: checking for pthread_kill in -lpthread
configure:10245: gcc -o conftest -g -O2   conftest.c -lpthread   >&5
configure:10245: $? = 0
configure:10254: result: yes
configure:10993: checking for multithread API to use
configure:10995: result: posix
configure:11011: checking for pthread_rwlock_t
configure:11011: gcc -c -g -O2  conftest.c >&5
configure:11011: $? = 0
configure:11011: gcc -c -g -O2  conftest.c >&5
conftest.c: In function 'main':
conftest.c:108:31: error: expected expression before ')' token
  108 | if (sizeof ((pthread_rwlock_t)))
      |                               ^
configure:11011: $? = 1
configure: failed program was:
| /* confdefs.h */
| #define PACKAGE_NAME "gnupg"
| #define PACKAGE_TARNAME "gnupg"
| #define PACKAGE_VERSION "1.4.13"
| #define PACKAGE_STRING "gnupg 1.4.13"
| #define PACKAGE_BUGREPORT "http://bugs.gnupg.org"
| #define PACKAGE_URL ""
| #define PACKAGE "gnupg"
| #define VERSION "1.4.13"
| #define STDC_HEADERS 1
| #define HAVE_SYS_TYPES_H 1
| #define HAVE_SYS_STAT_H 1
| #define HAVE_STDLIB_H 1
| #define HAVE_STRING_H 1
| #define HAVE_MEMORY_H 1
| #define HAVE_STRINGS_H 1
| #define HAVE_INTTYPES_H 1
| #define HAVE_STDINT_H 1
| #define HAVE_UNISTD_H 1
| #define __EXTENSIONS__ 1
| #define _ALL_SOURCE 1
| #define _GNU_SOURCE 1
| #define _POSIX_PTHREAD_SEMANTICS 1
| #define _TANDEM_SOURCE 1
| #define EGD_SOCKET_NAME ""
| #define USE_RSA 1
| #define USE_IDEA 1
| #define USE_CAST5 1
| #define USE_BLOWFISH 1
| #define USE_AES 1
| #define USE_TWOFISH 1
| #define USE_CAMELLIA 1
| #define USE_SHA256 1
| #define PK_UID_CACHE_SIZE 4096
| #define EXEEXT ""
| #define USE_DNS_SRV 1
| #define USE_DNS_PKA 1
| #define USE_DNS_CERT 1
| #define HAVE_CURL_FREE 1
| #define HAVE_CURL_EASY_ESCAPE 1
| #define HAVE_CURL_EASY_UNESCAPE 1
| #define HAVE_LIBCURL 1
| #define LIBCURL_VERNUM 0x080F00
| #define LIBCURL_FEATURE_ALT_SVC 1
| #define LIBCURL_FEATURE_ASYNCHDNS 1
| #define LIBCURL_FEATURE_HSTS 1
| #define LIBCURL_FEATURE_HTTP2 1
| #define LIBCURL_FEATURE_HTTP3 1
| #define LIBCURL_FEATURE_HTTPS_PROXY 1
| #define LIBCURL_FEATURE_IPV6 1
| #define LIBCURL_FEATURE_LARGEFILE 1
| #define LIBCURL_FEATURE_LIBZ 1
| #define LIBCURL_FEATURE_NTLM 1
| #define LIBCURL_FEATURE_PSL 1
| #define LIBCURL_FEATURE_SSL 1
| #define LIBCURL_FEATURE_THREADSAFE 1
| #define LIBCURL_FEATURE_TLS_SRP 1
| #define LIBCURL_FEATURE_UNIXSOCKETS 1
| #define LIBCURL_PROTOCOL_DICT 1
| #define LIBCURL_PROTOCOL_FILE 1
| #define LIBCURL_PROTOCOL_FTP 1
| #define LIBCURL_PROTOCOL_FTPS 1
| #define LIBCURL_PROTOCOL_GOPHER 1
| #define LIBCURL_PROTOCOL_GOPHERS 1
| #define LIBCURL_PROTOCOL_HTTP 1
| #define LIBCURL_PROTOCOL_HTTPS 1
| #define LIBCURL_PROTOCOL_IMAP 1
| #define LIBCURL_PROTOCOL_IMAPS 1
| #define LIBCURL_PROTOCOL_IPFS 1
| #define LIBCURL_PROTOCOL_IPNS 1
| #define LIBCURL_PROTOCOL_MQTT 1
| #define LIBCURL_PROTOCOL_POP3 1
| #define LIBCURL_PROTOCOL_POP3S 1
| #define LIBCURL_PROTOCOL_RTSP 1
| #define LIBCURL_PROTOCOL_SMB 1
| #define LIBCURL_PROTOCOL_SMBS 1
| #define LIBCURL_PROTOCOL_SMTP 1
| #define LIBCURL_PROTOCOL_SMTPS 1
| #define LIBCURL_PROTOCOL_TELNET 1
| #define LIBCURL_PROTOCOL_TFTP 1
| #define LIBCURL_PROTOCOL_WS 1
| #define LIBCURL_PROTOCOL_WSS 1
| #define PRINTABLE_OS_NAME "GNU/Linux"
| #define NAME_OF_DEV_RANDOM "/dev/random"
| #define NAME_OF_DEV_URANDOM "/dev/urandom"
| #define HAVE_VISIBILITY 1
| #define HAVE_STDINT_H_WITH_UINTMAX 1
| #define HAVE_ALLOCA_H 1
| #define HAVE_ALLOCA 1
| #define HAVE_STDLIB_H 1
| #define HAVE_UNISTD_H 1
| #define HAVE_SYS_PARAM_H 1
| #define HAVE_GETPAGESIZE 1
| #define HAVE_MMAP 1
| #define INTDIV0_RAISES_SIGFPE 1
| #define HAVE_INTTYPES_H_WITH_UINTMAX 1
| #define HAVE_UNSIGNED_LONG_LONG_INT 1
| #define HAVE_UINTMAX_T 1
| #define HAVE_INTTYPES_H 1
| #define USE_POSIX_THREADS 1
| #define USE_POSIX_THREADS_WEAK 1
| /* end confdefs.h.  */
| #include <pthread.h>
| 
| int
| main ()
| {
| if (sizeof ((pthread_rwlock_t)))
| 	    return 0;
|   ;
|   return 0;
| }
configure:11011: result: yes
configure:11036: gcc -c -g -O2  conftest.c >&5
configure:11036: $? = 0
configure:11543: checking for iconv
configure:11565: gcc -o conftest -g -O2   conftest.c  >&5
configure:11565: $? = 0
configure:11597: result: yes
configure:11600: checking for working iconv
configure:11695: gcc -o conftest -g -O2   conftest.c  >&5
configure:11695: $? = 0
configure:11695: ./conftest
configure:11695: $? = 0
configure:11707: result: yes
configure:11735: checking for iconv declaration
configure:11764: gcc -c -g -O2  conftest.c >&5
configure:11764: $? = 0
configure:11775: result:
         extern size_t iconv (iconv_t cd, char * *inbuf, size_t *inbytesleft, char * *outbuf, size_t *outbytesleft);
configure:11799: gcc -o conftest -g -O2   conftest.c  >&5
configure:11799: $? = 0
configure:11810: checking argz.h usability
configure:11810: gcc -c -g -O2  conftest.c >&5
configure:11810: $? = 0
configure:11810: result: yes
configure:11810: checking argz.h presence
configure:11810: gcc -E  conftest.c
configure:11810: $? = 0
configure:11810: result: yes
configure:11810: checking for argz.h
configure:11810: result: yes
configure:11810: checking for inttypes.h
configure:11810: result: yes
configure:11810: checking limits.h usability
configure:11810: gcc -c -g -O2  conftest.c >&5
configure:11810: $? = 0
configure:11810: result: yes
configure:11810: checking limits.h presence
configure:11810: gcc -E  conftest.c
configure:11810: $? = 0
configure:11810: result: yes
configure:11810: checking for limits.h
configure:11810: result: yes
configure:11810: checking for unistd.h
configure:11810: result: yes
configure:11810: checking for sys/param.h
configure:11810: result: yes
configure:11825: checking for getcwd
configure:11825: gcc -o conftest -g -O2   conftest.c  >&5
configure:11825: $? = 0
configure:11825: result: yes
configure:11825: checking for getegid
configure:11825: gcc -o conftest -g -O2   conftest.c  >&5
configure:11825: $? = 0
configure:11825: result: yes
configure:11825: checking for geteuid
configure:11825: gcc -o conftest -g -O2   conftest.c  >&5
configure:11825: $? = 0
configure:11825: result: yes
configure:11825: checking for getgid
configure:11825: gcc -o conftest -g -O2   conftest.c  >&5
configure:11825: $? = 0
configure:11825: result: yes
configure:11825: checking for getuid
configure:11825: gcc -o conftest -g -O2   conftest.c  >&5
configure:11825: $? = 0
configure:11825: result: yes
configure:11825: checking for mempcpy
configure:11825: gcc -o conftest -g -O2   conftest.c  >&5
conftest.c:141:6: warning: conflicting types for built-in function 'mempcpy'; expected 'void *(void *, const void *, long unsigned int)' [-Wbuiltin-declaration-mismatch]
  141 | char mempcpy ();
      |      ^~~~~~~
configure:11825: $? = 0
configure:11825: result: yes
configure:11825: checking for munmap
configure:11825: gcc -o conftest -g -O2   conftest.c  >&5
configure:11825: $? = 0
configure:11825: result: yes
configure:11825: checking for stpcpy
configure:11825: gcc -o conftest -g -O2   conftest.c  >&5
conftest.c:143:6: warning: conflicting types for built-in function 'stpcpy'; expected 'char *(char *, const char *)' [-Wbuiltin-declaration-mismatch]
  143 | char stpcpy ();
      |      ^~~~~~
configure:11825: $? = 0
configure:11825: result: yes
configure:11825: checking for strcasecmp
configure:11825: gcc -o conftest -g -O2   conftest.c  >&5
conftest.c:144:6: warning: conflicting types for built-in function 'strcasecmp'; expected 'int(const char *, const char *)' [-Wbuiltin-declaration-mismatch]
  144 | char strcasecmp ();
      |      ^~~~~~~~~~
configure:11825: $? = 0
configure:11825: result: yes
configure:11825: checking for strdup
configure:11825: gcc -o conftest -g -O2   conftest.c  >&5
conftest.c:145:6: warning: conflicting types for built-in function 'strdup'; expected 'char *(const char *)' [-Wbuiltin-declaration-mismatch]
  145 | char strdup ();
      |      ^~~~~~
configure:11825: $? = 0
configure:11825: result: yes
configure:11825: checking for strtoul
configure:11825: gcc -o conftest -g -O2   conftest.c  >&5
configure:11825: $? = 0
configure:11825: result: yes
configure:11825: checking for tsearch
configure:11825: gcc -o conftest -g -O2   conftest.c  >&5
configure:11825: $? = 0
configure:11825: result: yes
configure:11825: checking for uselocale
configure:11825: gcc -o conftest -g -O2   conftest.c  >&5
configure:11825: $? = 0
configure:11825: result: yes
configure:11825: checking for argz_count
configure:11825: gcc -o conftest -g -O2   conftest.c  >&5
configure:11825: $? = 0
configure:11825: result: yes
configure:11825: checking for argz_stringify
configure:11825: gcc -o conftest -g -O2   conftest.c  >&5
configure:11825: $? = 0
configure:11825: result: yes
configure:11825: checking for argz_next
configure:11825: gcc -o conftest -g -O2   conftest.c  >&5
configure:11825: $? = 0
configure:11825: result: yes
configure:11825: checking for __fsetlocking
configure:11825: gcc -o conftest -g -O2   conftest.c  >&5
configure:11825: $? = 0
configure:11825: result: yes
configure:11836: checking whether feof_unlocked is declared
configure:11856: gcc -c -g -O2  conftest.c >&5
configure:11856: $? = 0
configure:11863: result: yes
configure:11877: checking whether fgets_unlocked is declared
configure:11897: gcc -c -g -O2  conftest.c >&5
configure:11897: $? = 0
configure:11904: result: yes
configure:11924: checking for bison
configure:11954: result: no
configure:11982: checking for long long int
configure:12019: gcc -o conftest -g -O2   conftest.c  >&5
configure:12019: $? = 0
configure:12049: gcc -o conftest -g -O2   conftest.c  >&5
configure:12049: $? = 0
configure:12049: ./conftest
configure:12049: $? = 0
configure:12064: result: yes
configure:12073: checking for wchar_t
configure:12090: gcc -c -g -O2  conftest.c >&5
configure:12090: $? = 0
configure:12097: result: yes
configure:12106: checking for wint_t
configure:12131: gcc -c -g -O2  conftest.c >&5
configure:12131: $? = 0
configure:12138: result: yes
configure:12149: checking for intmax_t
configure:12175: gcc -c -g -O2  conftest.c >&5
configure:12175: $? = 0
configure:12182: result: yes
configure:12192: checking whether printf() supports POSIX/XSI format strings
configure:12233: gcc -o conftest -g -O2   conftest.c  >&5
configure:12233: $? = 0
configure:12233: ./conftest
configure:12233: $? = 0
configure:12244: result: yes
configure:12255: checking whether we are using the GNU C Library 2.1 or newer
configure:12282: result: yes
configure:12291: checking for stdint.h
configure:12291: result: yes
configure:12301: checking for SIZE_MAX
configure:12372: result: yes
configure:12388: checking for stdint.h
configure:12388: result: yes
configure:12401: checking for working fcntl.h
configure:12458: gcc -o conftest -g -O2   conftest.c  >&5
configure:12458: $? = 0
configure:12458: ./conftest
configure:12458: $? = 0
configure:12473: result: yes
configure:12497: checking for CFPreferencesCopyAppValue
configure:12515: gcc -o conftest -g -O2   conftest.c  -Wl,-framework -Wl,CoreFoundation >&5
conftest.c:141:10: fatal error: CoreFoundation/CFPreferences.h: No such file or directory
  141 | #include <CoreFoundation/CFPreferences.h>
      |          ^~~~~~~~~~~~~~~~~~~~~~~~~~~~~~~~
compilation terminated.
configure:12515: $? = 1
configure: failed program was:
| /* confdefs.h */
| #define PACKAGE_NAME "gnupg"
| #define PACKAGE_TARNAME "gnupg"
| #define PACKAGE_VERSION "1.4.13"
| #define PACKAGE_STRING "gnupg 1.4.13"
| #define PACKAGE_BUGREPORT "http://bugs.gnupg.org"
| #define PACKAGE_URL ""
| #define PACKAGE "gnupg"
| #define VERSION "1.4.13"
| #define STDC_HEADERS 1
| #define HAVE_SYS_TYPES_H 1
| #define HAVE_SYS_STAT_H 1
| #define HAVE_STDLIB_H 1
| #define HAVE_STRING_H 1
| #define HAVE_MEMORY_H 1
| #define HAVE_STRINGS_H 1
| #define HAVE_INTTYPES_H 1
| #define HAVE_STDINT_H 1
| #define HAVE_UNISTD_H 1
| #define __EXTENSIONS__ 1
| #define _ALL_SOURCE 1
| #define _GNU_SOURCE 1
| #define _POSIX_PTHREAD_SEMANTICS 1
| #define _TANDEM_SOURCE 1
| #define EGD_SOCKET_NAME ""
| #define USE_RSA 1
| #define USE_IDEA 1
| #define USE_CAST5 1
| #define USE_BLOWFISH 1
| #define USE_AES 1
| #define USE_TWOFISH 1
| #define USE_CAMELLIA 1
| #define USE_SHA256 1
| #define PK_UID_CACHE_SIZE 4096
| #define EXEEXT ""
| #define USE_DNS_SRV 1
| #define USE_DNS_PKA 1
| #define USE_DNS_CERT 1
| #define HAVE_CURL_FREE 1
| #define HAVE_CURL_EASY_ESCAPE 1
| #define HAVE_CURL_EASY_UNESCAPE 1
| #define HAVE_LIBCURL 1
| #define LIBCURL_VERNUM 0x080F00
| #define LIBCURL_FEATURE_ALT_SVC 1
| #define LIBCURL_FEATURE_ASYNCHDNS 1
| #define LIBCURL_FEATURE_HSTS 1
| #define LIBCURL_FEATURE_HTTP2 1
| #define LIBCURL_FEATURE_HTTP3 1
| #define LIBCURL_FEATURE_HTTPS_PROXY 1
| #define LIBCURL_FEATURE_IPV6 1
| #define LIBCURL_FEATURE_LARGEFILE 1
| #define LIBCURL_FEATURE_LIBZ 1
| #define LIBCURL_FEATURE_NTLM 1
| #define LIBCURL_FEATURE_PSL 1
| #define LIBCURL_FEATURE_SSL 1
| #define LIBCURL_FEATURE_THREADSAFE 1
| #define LIBCURL_FEATURE_TLS_SRP 1
| #define LIBCURL_FEATURE_UNIXSOCKETS 1
| #define LIBCURL_PROTOCOL_DICT 1
| #define LIBCURL_PROTOCOL_FILE 1
| #define LIBCURL_PROTOCOL_FTP 1
| #define LIBCURL_PROTOCOL_FTPS 1
| #define LIBCURL_PROTOCOL_GOPHER 1
| #define LIBCURL_PROTOCOL_GOPHERS 1
| #define LIBCURL_PROTOCOL_HTTP 1
| #define LIBCURL_PROTOCOL_HTTPS 1
| #define LIBCURL_PROTOCOL_IMAP 1
| #define LIBCURL_PROTOCOL_IMAPS 1
| #define LIBCURL_PROTOCOL_IPFS 1
| #define LIBCURL_PROTOCOL_IPNS 1
| #define LIBCURL_PROTOCOL_MQTT 1
| #define LIBCURL_PROTOCOL_POP3 1
| #define LIBCURL_PROTOCOL_POP3S 1
| #define LIBCURL_PROTOCOL_RTSP 1
| #define LIBCURL_PROTOCOL_SMB 1
| #define LIBCURL_PROTOCOL_SMBS 1
| #define LIBCURL_PROTOCOL_SMTP 1
| #define LIBCURL_PROTOCOL_SMTPS 1
| #define LIBCURL_PROTOCOL_TELNET 1
| #define LIBCURL_PROTOCOL_TFTP 1
| #define LIBCURL_PROTOCOL_WS 1
| #define LIBCURL_PROTOCOL_WSS 1
| #define PRINTABLE_OS_NAME "GNU/Linux"
| #define NAME_OF_DEV_RANDOM "/dev/random"
| #define NAME_OF_DEV_URANDOM "/dev/urandom"
| #define HAVE_VISIBILITY 1
| #define HAVE_STDINT_H_WITH_UINTMAX 1
| #define HAVE_ALLOCA_H 1
| #define HAVE_ALLOCA 1
| #define HAVE_STDLIB_H 1
| #define HAVE_UNISTD_H 1
| #define HAVE_SYS_PARAM_H 1
| #define HAVE_GETPAGESIZE 1
| #define HAVE_MMAP 1
| #define INTDIV0_RAISES_SIGFPE 1
| #define HAVE_INTTYPES_H_WITH_UINTMAX 1
| #define HAVE_UNSIGNED_LONG_LONG_INT 1
| #define HAVE_UINTMAX_T 1
| #define HAVE_INTTYPES_H 1
| #define USE_POSIX_THREADS 1
| #define USE_POSIX_THREADS_WEAK 1
| #define HAVE_PTHREAD_RWLOCK 1
| #define HAVE_PTHREAD_MUTEX_RECURSIVE 1
| #define HAVE_ICONV 1
| #define ICONV_CONST 
| #define HAVE_BUILTIN_EXPECT 1
| #define HAVE_ARGZ_H 1
| #define HAVE_INTTYPES_H 1
| #define HAVE_LIMITS_H 1
| #define HAVE_UNISTD_H 1
| #define HAVE_SYS_PARAM_H 1
| #define HAVE_GETCWD 1
| #define HAVE_GETEGID 1
| #define HAVE_GETEUID 1
| #define HAVE_GETGID 1
| #define HAVE_GETUID 1
| #define HAVE_MEMPCPY 1
| #define HAVE_MUNMAP 1
| #define HAVE_STPCPY 1
| #define HAVE_STRCASECMP 1
| #define HAVE_STRDUP 1
| #define HAVE_STRTOUL 1
| #define HAVE_TSEARCH 1
| #define HAVE_USELOCALE 1
| #define HAVE_ARGZ_COUNT 1
| #define HAVE_ARGZ_STRINGIFY 1
| #define HAVE_ARGZ_NEXT 1
| #define HAVE___FSETLOCKING 1
| #define HAVE_DECL_FEOF_UNLOCKED 1
| #define HAVE_DECL_FGETS_UNLOCKED 1
| #define HAVE_LONG_LONG_INT 1
| #define HAVE_WCHAR_T 1
| #define HAVE_WINT_T 1
| #define HAVE_INTMAX_T 1
| #define HAVE_POSIX_PRINTF 1
| #define HAVE_STDINT_H 1
| #define HAVE_STDINT_H 1
| #define HAVE_WORKING_O_NOATIME 1
| #define HAVE_WORKING_O_NOFOLLOW 1
| /* end confdefs.h.  */
| #include <CoreFoundation/CFPreferences.h>
| int
| main ()
| {
| CFPreferencesCopyAppValue(NULL, NULL)
|   ;
|   return 0;
| }
configure:12524: result: no
configure:12531: checking for CFLocaleCopyCurrent
configure:12549: gcc -o conftest -g -O2   conftest.c  -Wl,-framework -Wl,CoreFoundation >&5
conftest.c:141:10: fatal error: CoreFoundation/CFLocale.h: No such file or directory
  141 | #include <CoreFoundation/CFLocale.h>
      |          ^~~~~~~~~~~~~~~~~~~~~~~~~~~
compilation terminated.
configure:12549: $? = 1
configure: failed program was:
| /* confdefs.h */
| #define PACKAGE_NAME "gnupg"
| #define PACKAGE_TARNAME "gnupg"
| #define PACKAGE_VERSION "1.4.13"
| #define PACKAGE_STRING "gnupg 1.4.13"
| #define PACKAGE_BUGREPORT "http://bugs.gnupg.org"
| #define PACKAGE_URL ""
| #define PACKAGE "gnupg"
| #define VERSION "1.4.13"
| #define STDC_HEADERS 1
| #define HAVE_SYS_TYPES_H 1
| #define HAVE_SYS_STAT_H 1
| #define HAVE_STDLIB_H 1
| #define HAVE_STRING_H 1
| #define HAVE_MEMORY_H 1
| #define HAVE_STRINGS_H 1
| #define HAVE_INTTYPES_H 1
| #define HAVE_STDINT_H 1
| #define HAVE_UNISTD_H 1
| #define __EXTENSIONS__ 1
| #define _ALL_SOURCE 1
| #define _GNU_SOURCE 1
| #define _POSIX_PTHREAD_SEMANTICS 1
| #define _TANDEM_SOURCE 1
| #define EGD_SOCKET_NAME ""
| #define USE_RSA 1
| #define USE_IDEA 1
| #define USE_CAST5 1
| #define USE_BLOWFISH 1
| #define USE_AES 1
| #define USE_TWOFISH 1
| #define USE_CAMELLIA 1
| #define USE_SHA256 1
| #define PK_UID_CACHE_SIZE 4096
| #define EXEEXT ""
| #define USE_DNS_SRV 1
| #define USE_DNS_PKA 1
| #define USE_DNS_CERT 1
| #define HAVE_CURL_FREE 1
| #define HAVE_CURL_EASY_ESCAPE 1
| #define HAVE_CURL_EASY_UNESCAPE 1
| #define HAVE_LIBCURL 1
| #define LIBCURL_VERNUM 0x080F00
| #define LIBCURL_FEATURE_ALT_SVC 1
| #define LIBCURL_FEATURE_ASYNCHDNS 1
| #define LIBCURL_FEATURE_HSTS 1
| #define LIBCURL_FEATURE_HTTP2 1
| #define LIBCURL_FEATURE_HTTP3 1
| #define LIBCURL_FEATURE_HTTPS_PROXY 1
| #define LIBCURL_FEATURE_IPV6 1
| #define LIBCURL_FEATURE_LARGEFILE 1
| #define LIBCURL_FEATURE_LIBZ 1
| #define LIBCURL_FEATURE_NTLM 1
| #define LIBCURL_FEATURE_PSL 1
| #define LIBCURL_FEATURE_SSL 1
| #define LIBCURL_FEATURE_THREADSAFE 1
| #define LIBCURL_FEATURE_TLS_SRP 1
| #define LIBCURL_FEATURE_UNIXSOCKETS 1
| #define LIBCURL_PROTOCOL_DICT 1
| #define LIBCURL_PROTOCOL_FILE 1
| #define LIBCURL_PROTOCOL_FTP 1
| #define LIBCURL_PROTOCOL_FTPS 1
| #define LIBCURL_PROTOCOL_GOPHER 1
| #define LIBCURL_PROTOCOL_GOPHERS 1
| #define LIBCURL_PROTOCOL_HTTP 1
| #define LIBCURL_PROTOCOL_HTTPS 1
| #define LIBCURL_PROTOCOL_IMAP 1
| #define LIBCURL_PROTOCOL_IMAPS 1
| #define LIBCURL_PROTOCOL_IPFS 1
| #define LIBCURL_PROTOCOL_IPNS 1
| #define LIBCURL_PROTOCOL_MQTT 1
| #define LIBCURL_PROTOCOL_POP3 1
| #define LIBCURL_PROTOCOL_POP3S 1
| #define LIBCURL_PROTOCOL_RTSP 1
| #define LIBCURL_PROTOCOL_SMB 1
| #define LIBCURL_PROTOCOL_SMBS 1
| #define LIBCURL_PROTOCOL_SMTP 1
| #define LIBCURL_PROTOCOL_SMTPS 1
| #define LIBCURL_PROTOCOL_TELNET 1
| #define LIBCURL_PROTOCOL_TFTP 1
| #define LIBCURL_PROTOCOL_WS 1
| #define LIBCURL_PROTOCOL_WSS 1
| #define PRINTABLE_OS_NAME "GNU/Linux"
| #define NAME_OF_DEV_RANDOM "/dev/random"
| #define NAME_OF_DEV_URANDOM "/dev/urandom"
| #define HAVE_VISIBILITY 1
| #define HAVE_STDINT_H_WITH_UINTMAX 1
| #define HAVE_ALLOCA_H 1
| #define HAVE_ALLOCA 1
| #define HAVE_STDLIB_H 1
| #define HAVE_UNISTD_H 1
| #define HAVE_SYS_PARAM_H 1
| #define HAVE_GETPAGESIZE 1
| #define HAVE_MMAP 1
| #define INTDIV0_RAISES_SIGFPE 1
| #define HAVE_INTTYPES_H_WITH_UINTMAX 1
| #define HAVE_UNSIGNED_LONG_LONG_INT 1
| #define HAVE_UINTMAX_T 1
| #define HAVE_INTTYPES_H 1
| #define USE_POSIX_THREADS 1
| #define USE_POSIX_THREADS_WEAK 1
| #define HAVE_PTHREAD_RWLOCK 1
| #define HAVE_PTHREAD_MUTEX_RECURSIVE 1
| #define HAVE_ICONV 1
| #define ICONV_CONST 
| #define HAVE_BUILTIN_EXPECT 1
| #define HAVE_ARGZ_H 1
| #define HAVE_INTTYPES_H 1
| #define HAVE_LIMITS_H 1
| #define HAVE_UNISTD_H 1
| #define HAVE_SYS_PARAM_H 1
| #define HAVE_GETCWD 1
| #define HAVE_GETEGID 1
| #define HAVE_GETEUID 1
| #define HAVE_GETGID 1
| #define HAVE_GETUID 1
| #define HAVE_MEMPCPY 1
| #define HAVE_MUNMAP 1
| #define HAVE_STPCPY 1
| #define HAVE_STRCASECMP 1
| #define HAVE_STRDUP 1
| #define HAVE_STRTOUL 1
| #define HAVE_TSEARCH 1
| #define HAVE_USELOCALE 1
| #define HAVE_ARGZ_COUNT 1
| #define HAVE_ARGZ_STRINGIFY 1
| #define HAVE_ARGZ_NEXT 1
| #define HAVE___FSETLOCKING 1
| #define HAVE_DECL_FEOF_UNLOCKED 1
| #define HAVE_DECL_FGETS_UNLOCKED 1
| #define HAVE_LONG_LONG_INT 1
| #define HAVE_WCHAR_T 1
| #define HAVE_WINT_T 1
| #define HAVE_INTMAX_T 1
| #define HAVE_POSIX_PRINTF 1
| #define HAVE_STDINT_H 1
| #define HAVE_STDINT_H 1
| #define HAVE_WORKING_O_NOATIME 1
| #define HAVE_WORKING_O_NOFOLLOW 1
| /* end confdefs.h.  */
| #include <CoreFoundation/CFLocale.h>
| int
| main ()
| {
| CFLocaleCopyCurrent();
|   ;
|   return 0;
| }
configure:12558: result: no
configure:12583: checking for ptrdiff_t
configure:12583: gcc -c -g -O2  conftest.c >&5
configure:12583: $? = 0
configure:12583: gcc -c -g -O2  conftest.c >&5
conftest.c: In function 'main':
conftest.c:177:24: error: expected expression before ')' token
  177 | if (sizeof ((ptrdiff_t)))
      |                        ^
configure:12583: $? = 1
configure: failed program was:
| /* confdefs.h */
| #define PACKAGE_NAME "gnupg"
| #define PACKAGE_TARNAME "gnupg"
| #define PACKAGE_VERSION "1.4.13"
| #define PACKAGE_STRING "gnupg 1.4.13"
| #define PACKAGE_BUGREPORT "http://bugs.gnupg.org"
| #define PACKAGE_URL ""
| #define PACKAGE "gnupg"
| #define VERSION "1.4.13"
| #define STDC_HEADERS 1
| #define HAVE_SYS_TYPES_H 1
| #define HAVE_SYS_STAT_H 1
| #define HAVE_STDLIB_H 1
| #define HAVE_STRING_H 1
| #define HAVE_MEMORY_H 1
| #define HAVE_STRINGS_H 1
| #define HAVE_INTTYPES_H 1
| #define HAVE_STDINT_H 1
| #define HAVE_UNISTD_H 1
| #define __EXTENSIONS__ 1
| #define _ALL_SOURCE 1
| #define _GNU_SOURCE 1
| #define _POSIX_PTHREAD_SEMANTICS 1
| #define _TANDEM_SOURCE 1
| #define EGD_SOCKET_NAME ""
| #define USE_RSA 1
| #define USE_IDEA 1
| #define USE_CAST5 1
| #define USE_BLOWFISH 1
| #define USE_AES 1
| #define USE_TWOFISH 1
| #define USE_CAMELLIA 1
| #define USE_SHA256 1
| #define PK_UID_CACHE_SIZE 4096
| #define EXEEXT ""
| #define USE_DNS_SRV 1
| #define USE_DNS_PKA 1
| #define USE_DNS_CERT 1
| #define HAVE_CURL_FREE 1
| #define HAVE_CURL_EASY_ESCAPE 1
| #define HAVE_CURL_EASY_UNESCAPE 1
| #define HAVE_LIBCURL 1
| #define LIBCURL_VERNUM 0x080F00
| #define LIBCURL_FEATURE_ALT_SVC 1
| #define LIBCURL_FEATURE_ASYNCHDNS 1
| #define LIBCURL_FEATURE_HSTS 1
| #define LIBCURL_FEATURE_HTTP2 1
| #define LIBCURL_FEATURE_HTTP3 1
| #define LIBCURL_FEATURE_HTTPS_PROXY 1
| #define LIBCURL_FEATURE_IPV6 1
| #define LIBCURL_FEATURE_LARGEFILE 1
| #define LIBCURL_FEATURE_LIBZ 1
| #define LIBCURL_FEATURE_NTLM 1
| #define LIBCURL_FEATURE_PSL 1
| #define LIBCURL_FEATURE_SSL 1
| #define LIBCURL_FEATURE_THREADSAFE 1
| #define LIBCURL_FEATURE_TLS_SRP 1
| #define LIBCURL_FEATURE_UNIXSOCKETS 1
| #define LIBCURL_PROTOCOL_DICT 1
| #define LIBCURL_PROTOCOL_FILE 1
| #define LIBCURL_PROTOCOL_FTP 1
| #define LIBCURL_PROTOCOL_FTPS 1
| #define LIBCURL_PROTOCOL_GOPHER 1
| #define LIBCURL_PROTOCOL_GOPHERS 1
| #define LIBCURL_PROTOCOL_HTTP 1
| #define LIBCURL_PROTOCOL_HTTPS 1
| #define LIBCURL_PROTOCOL_IMAP 1
| #define LIBCURL_PROTOCOL_IMAPS 1
| #define LIBCURL_PROTOCOL_IPFS 1
| #define LIBCURL_PROTOCOL_IPNS 1
| #define LIBCURL_PROTOCOL_MQTT 1
| #define LIBCURL_PROTOCOL_POP3 1
| #define LIBCURL_PROTOCOL_POP3S 1
| #define LIBCURL_PROTOCOL_RTSP 1
| #define LIBCURL_PROTOCOL_SMB 1
| #define LIBCURL_PROTOCOL_SMBS 1
| #define LIBCURL_PROTOCOL_SMTP 1
| #define LIBCURL_PROTOCOL_SMTPS 1
| #define LIBCURL_PROTOCOL_TELNET 1
| #define LIBCURL_PROTOCOL_TFTP 1
| #define LIBCURL_PROTOCOL_WS 1
| #define LIBCURL_PROTOCOL_WSS 1
| #define PRINTABLE_OS_NAME "GNU/Linux"
| #define NAME_OF_DEV_RANDOM "/dev/random"
| #define NAME_OF_DEV_URANDOM "/dev/urandom"
| #define HAVE_VISIBILITY 1
| #define HAVE_STDINT_H_WITH_UINTMAX 1
| #define HAVE_ALLOCA_H 1
| #define HAVE_ALLOCA 1
| #define HAVE_STDLIB_H 1
| #define HAVE_UNISTD_H 1
| #define HAVE_SYS_PARAM_H 1
| #define HAVE_GETPAGESIZE 1
| #define HAVE_MMAP 1
| #define INTDIV0_RAISES_SIGFPE 1
| #define HAVE_INTTYPES_H_WITH_UINTMAX 1
| #define HAVE_UNSIGNED_LONG_LONG_INT 1
| #define HAVE_UINTMAX_T 1
| #define HAVE_INTTYPES_H 1
| #define USE_POSIX_THREADS 1
| #define USE_POSIX_THREADS_WEAK 1
| #define HAVE_PTHREAD_RWLOCK 1
| #define HAVE_PTHREAD_MUTEX_RECURSIVE 1
| #define HAVE_ICONV 1
| #define ICONV_CONST 
| #define HAVE_BUILTIN_EXPECT 1
| #define HAVE_ARGZ_H 1
| #define HAVE_INTTYPES_H 1
| #define HAVE_LIMITS_H 1
| #define HAVE_UNISTD_H 1
| #define HAVE_SYS_PARAM_H 1
| #define HAVE_GETCWD 1
| #define HAVE_GETEGID 1
| #define HAVE_GETEUID 1
| #define HAVE_GETGID 1
| #define HAVE_GETUID 1
| #define HAVE_MEMPCPY 1
| #define HAVE_MUNMAP 1
| #define HAVE_STPCPY 1
| #define HAVE_STRCASECMP 1
| #define HAVE_STRDUP 1
| #define HAVE_STRTOUL 1
| #define HAVE_TSEARCH 1
| #define HAVE_USELOCALE 1
| #define HAVE_ARGZ_COUNT 1
| #define HAVE_ARGZ_STRINGIFY 1
| #define HAVE_ARGZ_NEXT 1
| #define HAVE___FSETLOCKING 1
| #define HAVE_DECL_FEOF_UNLOCKED 1
| #define HAVE_DECL_FGETS_UNLOCKED 1
| #define HAVE_LONG_LONG_INT 1
| #define HAVE_WCHAR_T 1
| #define HAVE_WINT_T 1
| #define HAVE_INTMAX_T 1
| #define HAVE_POSIX_PRINTF 1
| #define HAVE_STDINT_H 1
| #define HAVE_STDINT_H 1
| #define HAVE_WORKING_O_NOATIME 1
| #define HAVE_WORKING_O_NOFOLLOW 1
| /* end confdefs.h.  */
| #include <stdio.h>
| #ifdef HAVE_SYS_TYPES_H
| # include <sys/types.h>
| #endif
| #ifdef HAVE_SYS_STAT_H
| # include <sys/stat.h>
| #endif
| #ifdef STDC_HEADERS
| # include <stdlib.h>
| # include <stddef.h>
| #else
| # ifdef HAVE_STDLIB_H
| #  include <stdlib.h>
| # endif
| #endif
| #ifdef HAVE_STRING_H
| # if !defined STDC_HEADERS && defined HAVE_MEMORY_H
| #  include <memory.h>
| # endif
| # include <string.h>
| #endif
| #ifdef HAVE_STRINGS_H
| # include <strings.h>
| #endif
| #ifdef HAVE_INTTYPES_H
| # include <inttypes.h>
| #endif
| #ifdef HAVE_STDINT_H
| # include <stdint.h>
| #endif
| #ifdef HAVE_UNISTD_H
| # include <unistd.h>
| #endif
| int
| main ()
| {
| if (sizeof ((ptrdiff_t)))
| 	    return 0;
|   ;
|   return 0;
| }
configure:12583: result: yes
configure:12596: checking stddef.h usability
configure:12596: gcc -c -g -O2  conftest.c >&5
configure:12596: $? = 0
configure:12596: result: yes
configure:12596: checking stddef.h presence
configure:12596: gcc -E  conftest.c
configure:12596: $? = 0
configure:12596: result: yes
configure:12596: checking for stddef.h
configure:12596: result: yes
configure:12596: checking for stdlib.h
configure:12596: result: yes
configure:12596: checking for string.h
configure:12596: result: yes
configure:12610: checking for asprintf
configure:12610: gcc -o conftest -g -O2   conftest.c  >&5
configure:12610: $? = 0
configure:12610: result: yes
configure:12610: checking for fwprintf
configure:12610: gcc -o conftest -g -O2   conftest.c  >&5
configure:12610: $? = 0
configure:12610: result: yes
configure:12610: checking for newlocale
configure:12610: gcc -o conftest -g -O2   conftest.c  >&5
configure:12610: $? = 0
configure:12610: result: yes
configure:12610: checking for putenv
configure:12610: gcc -o conftest -g -O2   conftest.c  >&5
configure:12610: $? = 0
configure:12610: result: yes
configure:12610: checking for setenv
configure:12610: gcc -o conftest -g -O2   conftest.c  >&5
configure:12610: $? = 0
configure:12610: result: yes
configure:12610: checking for setlocale
configure:12610: gcc -o conftest -g -O2   conftest.c  >&5
configure:12610: $? = 0
configure:12610: result: yes
configure:12610: checking for snprintf
configure:12610: gcc -o conftest -g -O2   conftest.c  >&5
conftest.c:173:6: warning: conflicting types for built-in function 'snprintf'; expected 'int(char *, long unsigned int,  const char *, ...)' [-Wbuiltin-declaration-mismatch]
  173 | char snprintf ();
      |      ^~~~~~~~
conftest.c:161:1: note: 'snprintf' is declared in header '<stdio.h>'
  160 | # include <limits.h>
  161 | #else
configure:12610: $? = 0
configure:12610: result: yes
configure:12610: checking for strnlen
configure:12610: gcc -o conftest -g -O2   conftest.c  >&5
conftest.c:174:6: warning: conflicting types for built-in function 'strnlen'; expected 'long unsigned int(const char *, long unsigned int)' [-Wbuiltin-declaration-mismatch]
  174 | char strnlen ();
      |      ^~~~~~~
configure:12610: $? = 0
configure:12610: result: yes
configure:12610: checking for wcslen
configure:12610: gcc -o conftest -g -O2   conftest.c  >&5
configure:12610: $? = 0
configure:12610: result: yes
configure:12610: checking for wcsnlen
configure:12610: gcc -o conftest -g -O2   conftest.c  >&5
configure:12610: $? = 0
configure:12610: result: yes
configure:12610: checking for mbrtowc
configure:12610: gcc -o conftest -g -O2   conftest.c  >&5
configure:12610: $? = 0
configure:12610: result: yes
configure:12610: checking for wcrtomb
configure:12610: gcc -o conftest -g -O2   conftest.c  >&5
configure:12610: $? = 0
configure:12610: result: yes
configure:12621: checking whether _snprintf is declared
configure:12641: gcc -c -g -O2  conftest.c >&5
conftest.c: In function 'main':
conftest.c:162:22: error: '_snprintf' undeclared (first use in this function); did you mean 'vsnprintf'?
  162 |   char *p = (char *) _snprintf;
      |                      ^~~~~~~~~
      |                      vsnprintf
conftest.c:162:22: note: each undeclared identifier is reported only once for each function it appears in
configure:12641: $? = 1
configure: failed program was:
| /* confdefs.h */
| #define PACKAGE_NAME "gnupg"
| #define PACKAGE_TARNAME "gnupg"
| #define PACKAGE_VERSION "1.4.13"
| #define PACKAGE_STRING "gnupg 1.4.13"
| #define PACKAGE_BUGREPORT "http://bugs.gnupg.org"
| #define PACKAGE_URL ""
| #define PACKAGE "gnupg"
| #define VERSION "1.4.13"
| #define STDC_HEADERS 1
| #define HAVE_SYS_TYPES_H 1
| #define HAVE_SYS_STAT_H 1
| #define HAVE_STDLIB_H 1
| #define HAVE_STRING_H 1
| #define HAVE_MEMORY_H 1
| #define HAVE_STRINGS_H 1
| #define HAVE_INTTYPES_H 1
| #define HAVE_STDINT_H 1
| #define HAVE_UNISTD_H 1
| #define __EXTENSIONS__ 1
| #define _ALL_SOURCE 1
| #define _GNU_SOURCE 1
| #define _POSIX_PTHREAD_SEMANTICS 1
| #define _TANDEM_SOURCE 1
| #define EGD_SOCKET_NAME ""
| #define USE_RSA 1
| #define USE_IDEA 1
| #define USE_CAST5 1
| #define USE_BLOWFISH 1
| #define USE_AES 1
| #define USE_TWOFISH 1
| #define USE_CAMELLIA 1
| #define USE_SHA256 1
| #define PK_UID_CACHE_SIZE 4096
| #define EXEEXT ""
| #define USE_DNS_SRV 1
| #define USE_DNS_PKA 1
| #define USE_DNS_CERT 1
| #define HAVE_CURL_FREE 1
| #define HAVE_CURL_EASY_ESCAPE 1
| #define HAVE_CURL_EASY_UNESCAPE 1
| #define HAVE_LIBCURL 1
| #define LIBCURL_VERNUM 0x080F00
| #define LIBCURL_FEATURE_ALT_SVC 1
| #define LIBCURL_FEATURE_ASYNCHDNS 1
| #define LIBCURL_FEATURE_HSTS 1
| #define LIBCURL_FEATURE_HTTP2 1
| #define LIBCURL_FEATURE_HTTP3 1
| #define LIBCURL_FEATURE_HTTPS_PROXY 1
| #define LIBCURL_FEATURE_IPV6 1
| #define LIBCURL_FEATURE_LARGEFILE 1
| #define LIBCURL_FEATURE_LIBZ 1
| #define LIBCURL_FEATURE_NTLM 1
| #define LIBCURL_FEATURE_PSL 1
| #define LIBCURL_FEATURE_SSL 1
| #define LIBCURL_FEATURE_THREADSAFE 1
| #define LIBCURL_FEATURE_TLS_SRP 1
| #define LIBCURL_FEATURE_UNIXSOCKETS 1
| #define LIBCURL_PROTOCOL_DICT 1
| #define LIBCURL_PROTOCOL_FILE 1
| #define LIBCURL_PROTOCOL_FTP 1
| #define LIBCURL_PROTOCOL_FTPS 1
| #define LIBCURL_PROTOCOL_GOPHER 1
| #define LIBCURL_PROTOCOL_GOPHERS 1
| #define LIBCURL_PROTOCOL_HTTP 1
| #define LIBCURL_PROTOCOL_HTTPS 1
| #define LIBCURL_PROTOCOL_IMAP 1
| #define LIBCURL_PROTOCOL_IMAPS 1
| #define LIBCURL_PROTOCOL_IPFS 1
| #define LIBCURL_PROTOCOL_IPNS 1
| #define LIBCURL_PROTOCOL_MQTT 1
| #define LIBCURL_PROTOCOL_POP3 1
| #define LIBCURL_PROTOCOL_POP3S 1
| #define LIBCURL_PROTOCOL_RTSP 1
| #define LIBCURL_PROTOCOL_SMB 1
| #define LIBCURL_PROTOCOL_SMBS 1
| #define LIBCURL_PROTOCOL_SMTP 1
| #define LIBCURL_PROTOCOL_SMTPS 1
| #define LIBCURL_PROTOCOL_TELNET 1
| #define LIBCURL_PROTOCOL_TFTP 1
| #define LIBCURL_PROTOCOL_WS 1
| #define LIBCURL_PROTOCOL_WSS 1
| #define PRINTABLE_OS_NAME "GNU/Linux"
| #define NAME_OF_DEV_RANDOM "/dev/random"
| #define NAME_OF_DEV_URANDOM "/dev/urandom"
| #define HAVE_VISIBILITY 1
| #define HAVE_STDINT_H_WITH_UINTMAX 1
| #define HAVE_ALLOCA_H 1
| #define HAVE_ALLOCA 1
| #define HAVE_STDLIB_H 1
| #define HAVE_UNISTD_H 1
| #define HAVE_SYS_PARAM_H 1
| #define HAVE_GETPAGESIZE 1
| #define HAVE_MMAP 1
| #define INTDIV0_RAISES_SIGFPE 1
| #define HAVE_INTTYPES_H_WITH_UINTMAX 1
| #define HAVE_UNSIGNED_LONG_LONG_INT 1
| #define HAVE_UINTMAX_T 1
| #define HAVE_INTTYPES_H 1
| #define USE_POSIX_THREADS 1
| #define USE_POSIX_THREADS_WEAK 1
| #define HAVE_PTHREAD_RWLOCK 1
| #define HAVE_PTHREAD_MUTEX_RECURSIVE 1
| #define HAVE_ICONV 1
| #define ICONV_CONST 
| #define HAVE_BUILTIN_EXPECT 1
| #define HAVE_ARGZ_H 1
| #define HAVE_INTTYPES_H 1
| #define HAVE_LIMITS_H 1
| #define HAVE_UNISTD_H 1
| #define HAVE_SYS_PARAM_H 1
| #define HAVE_GETCWD 1
| #define HAVE_GETEGID 1
| #define HAVE_GETEUID 1
| #define HAVE_GETGID 1
| #define HAVE_GETUID 1
| #define HAVE_MEMPCPY 1
| #define HAVE_MUNMAP 1
| #define HAVE_STPCPY 1
| #define HAVE_STRCASECMP 1
| #define HAVE_STRDUP 1
| #define HAVE_STRTOUL 1
| #define HAVE_TSEARCH 1
| #define HAVE_USELOCALE 1
| #define HAVE_ARGZ_COUNT 1
| #define HAVE_ARGZ_STRINGIFY 1
| #define HAVE_ARGZ_NEXT 1
| #define HAVE___FSETLOCKING 1
| #define HAVE_DECL_FEOF_UNLOCKED 1
| #define HAVE_DECL_FGETS_UNLOCKED 1
| #define HAVE_LONG_LONG_INT 1
| #define HAVE_WCHAR_T 1
| #define HAVE_WINT_T 1
| #define HAVE_INTMAX_T 1
| #define HAVE_POSIX_PRINTF 1
| #define HAVE_STDINT_H 1
| #define HAVE_STDINT_H 1
| #define HAVE_WORKING_O_NOATIME 1
| #define HAVE_WORKING_O_NOFOLLOW 1
| #define HAVE_STDDEF_H 1
| #define HAVE_STDLIB_H 1
| #define HAVE_STRING_H 1
| #define HAVE_ASPRINTF 1
| #define HAVE_FWPRINTF 1
| #define HAVE_NEWLOCALE 1
| #define HAVE_PUTENV 1
| #define HAVE_SETENV 1
| #define HAVE_SETLOCALE 1
| #define HAVE_SNPRINTF 1
| #define HAVE_STRNLEN 1
| #define HAVE_WCSLEN 1
| #define HAVE_WCSNLEN 1
| #define HAVE_MBRTOWC 1
| #define HAVE_WCRTOMB 1
| /* end confdefs.h.  */
| #include <stdio.h>
| int
| main ()
| {
| 
| #ifndef _snprintf
|   char *p = (char *) _snprintf;
| #endif
| 
|   ;
|   return 0;
| }
configure:12648: result: no
configure:12662: checking whether _snwprintf is declared
configure:12682: gcc -c -g -O2  conftest.c >&5
conftest.c: In function 'main':
conftest.c:163:22: error: '_snwprintf' undeclared (first use in this function); did you mean 'vsnprintf'?
  163 |   char *p = (char *) _snwprintf;
      |                      ^~~~~~~~~~
      |                      vsnprintf
conftest.c:163:22: note: each undeclared identifier is reported only once for each function it appears in
configure:12682: $? = 1
configure: failed program was:
| /* confdefs.h */
| #define PACKAGE_NAME "gnupg"
| #define PACKAGE_TARNAME "gnupg"
| #define PACKAGE_VERSION "1.4.13"
| #define PACKAGE_STRING "gnupg 1.4.13"
| #define PACKAGE_BUGREPORT "http://bugs.gnupg.org"
| #define PACKAGE_URL ""
| #define PACKAGE "gnupg"
| #define VERSION "1.4.13"
| #define STDC_HEADERS 1
| #define HAVE_SYS_TYPES_H 1
| #define HAVE_SYS_STAT_H 1
| #define HAVE_STDLIB_H 1
| #define HAVE_STRING_H 1
| #define HAVE_MEMORY_H 1
| #define HAVE_STRINGS_H 1
| #define HAVE_INTTYPES_H 1
| #define HAVE_STDINT_H 1
| #define HAVE_UNISTD_H 1
| #define __EXTENSIONS__ 1
| #define _ALL_SOURCE 1
| #define _GNU_SOURCE 1
| #define _POSIX_PTHREAD_SEMANTICS 1
| #define _TANDEM_SOURCE 1
| #define EGD_SOCKET_NAME ""
| #define USE_RSA 1
| #define USE_IDEA 1
| #define USE_CAST5 1
| #define USE_BLOWFISH 1
| #define USE_AES 1
| #define USE_TWOFISH 1
| #define USE_CAMELLIA 1
| #define USE_SHA256 1
| #define PK_UID_CACHE_SIZE 4096
| #define EXEEXT ""
| #define USE_DNS_SRV 1
| #define USE_DNS_PKA 1
| #define USE_DNS_CERT 1
| #define HAVE_CURL_FREE 1
| #define HAVE_CURL_EASY_ESCAPE 1
| #define HAVE_CURL_EASY_UNESCAPE 1
| #define HAVE_LIBCURL 1
| #define LIBCURL_VERNUM 0x080F00
| #define LIBCURL_FEATURE_ALT_SVC 1
| #define LIBCURL_FEATURE_ASYNCHDNS 1
| #define LIBCURL_FEATURE_HSTS 1
| #define LIBCURL_FEATURE_HTTP2 1
| #define LIBCURL_FEATURE_HTTP3 1
| #define LIBCURL_FEATURE_HTTPS_PROXY 1
| #define LIBCURL_FEATURE_IPV6 1
| #define LIBCURL_FEATURE_LARGEFILE 1
| #define LIBCURL_FEATURE_LIBZ 1
| #define LIBCURL_FEATURE_NTLM 1
| #define LIBCURL_FEATURE_PSL 1
| #define LIBCURL_FEATURE_SSL 1
| #define LIBCURL_FEATURE_THREADSAFE 1
| #define LIBCURL_FEATURE_TLS_SRP 1
| #define LIBCURL_FEATURE_UNIXSOCKETS 1
| #define LIBCURL_PROTOCOL_DICT 1
| #define LIBCURL_PROTOCOL_FILE 1
| #define LIBCURL_PROTOCOL_FTP 1
| #define LIBCURL_PROTOCOL_FTPS 1
| #define LIBCURL_PROTOCOL_GOPHER 1
| #define LIBCURL_PROTOCOL_GOPHERS 1
| #define LIBCURL_PROTOCOL_HTTP 1
| #define LIBCURL_PROTOCOL_HTTPS 1
| #define LIBCURL_PROTOCOL_IMAP 1
| #define LIBCURL_PROTOCOL_IMAPS 1
| #define LIBCURL_PROTOCOL_IPFS 1
| #define LIBCURL_PROTOCOL_IPNS 1
| #define LIBCURL_PROTOCOL_MQTT 1
| #define LIBCURL_PROTOCOL_POP3 1
| #define LIBCURL_PROTOCOL_POP3S 1
| #define LIBCURL_PROTOCOL_RTSP 1
| #define LIBCURL_PROTOCOL_SMB 1
| #define LIBCURL_PROTOCOL_SMBS 1
| #define LIBCURL_PROTOCOL_SMTP 1
| #define LIBCURL_PROTOCOL_SMTPS 1
| #define LIBCURL_PROTOCOL_TELNET 1
| #define LIBCURL_PROTOCOL_TFTP 1
| #define LIBCURL_PROTOCOL_WS 1
| #define LIBCURL_PROTOCOL_WSS 1
| #define PRINTABLE_OS_NAME "GNU/Linux"
| #define NAME_OF_DEV_RANDOM "/dev/random"
| #define NAME_OF_DEV_URANDOM "/dev/urandom"
| #define HAVE_VISIBILITY 1
| #define HAVE_STDINT_H_WITH_UINTMAX 1
| #define HAVE_ALLOCA_H 1
| #define HAVE_ALLOCA 1
| #define HAVE_STDLIB_H 1
| #define HAVE_UNISTD_H 1
| #define HAVE_SYS_PARAM_H 1
| #define HAVE_GETPAGESIZE 1
| #define HAVE_MMAP 1
| #define INTDIV0_RAISES_SIGFPE 1
| #define HAVE_INTTYPES_H_WITH_UINTMAX 1
| #define HAVE_UNSIGNED_LONG_LONG_INT 1
| #define HAVE_UINTMAX_T 1
| #define HAVE_INTTYPES_H 1
| #define USE_POSIX_THREADS 1
| #define USE_POSIX_THREADS_WEAK 1
| #define HAVE_PTHREAD_RWLOCK 1
| #define HAVE_PTHREAD_MUTEX_RECURSIVE 1
| #define HAVE_ICONV 1
| #define ICONV_CONST 
| #define HAVE_BUILTIN_EXPECT 1
| #define HAVE_ARGZ_H 1
| #define HAVE_INTTYPES_H 1
| #define HAVE_LIMITS_H 1
| #define HAVE_UNISTD_H 1
| #define HAVE_SYS_PARAM_H 1
| #define HAVE_GETCWD 1
| #define HAVE_GETEGID 1
| #define HAVE_GETEUID 1
| #define HAVE_GETGID 1
| #define HAVE_GETUID 1
| #define HAVE_MEMPCPY 1
| #define HAVE_MUNMAP 1
| #define HAVE_STPCPY 1
| #define HAVE_STRCASECMP 1
| #define HAVE_STRDUP 1
| #define HAVE_STRTOUL 1
| #define HAVE_TSEARCH 1
| #define HAVE_USELOCALE 1
| #define HAVE_ARGZ_COUNT 1
| #define HAVE_ARGZ_STRINGIFY 1
| #define HAVE_ARGZ_NEXT 1
| #define HAVE___FSETLOCKING 1
| #define HAVE_DECL_FEOF_UNLOCKED 1
| #define HAVE_DECL_FGETS_UNLOCKED 1
| #define HAVE_LONG_LONG_INT 1
| #define HAVE_WCHAR_T 1
| #define HAVE_WINT_T 1
| #define HAVE_INTMAX_T 1
| #define HAVE_POSIX_PRINTF 1
| #define HAVE_STDINT_H 1
| #define HAVE_STDINT_H 1
| #define HAVE_WORKING_O_NOATIME 1
| #define HAVE_WORKING_O_NOFOLLOW 1
| #define HAVE_STDDEF_H 1
| #define HAVE_STDLIB_H 1
| #define HAVE_STRING_H 1
| #define HAVE_ASPRINTF 1
| #define HAVE_FWPRINTF 1
| #define HAVE_NEWLOCALE 1
| #define HAVE_PUTENV 1
| #define HAVE_SETENV 1
| #define HAVE_SETLOCALE 1
| #define HAVE_SNPRINTF 1
| #define HAVE_STRNLEN 1
| #define HAVE_WCSLEN 1
| #define HAVE_WCSNLEN 1
| #define HAVE_MBRTOWC 1
| #define HAVE_WCRTOMB 1
| #define HAVE_DECL__SNPRINTF 0
| /* end confdefs.h.  */
| #include <stdio.h>
| int
| main ()
| {
| 
| #ifndef _snwprintf
|   char *p = (char *) _snwprintf;
| #endif
| 
|   ;
|   return 0;
| }
configure:12689: result: no
configure:12704: checking whether getc_unlocked is declared
configure:12724: gcc -c -g -O2  conftest.c >&5
configure:12724: $? = 0
configure:12731: result: yes
configure:12776: checking for nl_langinfo and CODESET
configure:12792: gcc -o conftest -g -O2   conftest.c  >&5
configure:12792: $? = 0
configure:12801: result: yes
configure:12810: checking for LC_MESSAGES
configure:12826: gcc -o conftest -g -O2   conftest.c  >&5
configure:12826: $? = 0
configure:12834: result: yes
configure:12986: checking for CFPreferencesCopyAppValue
configure:13013: result: no
configure:13020: checking for CFLocaleCopyCurrent
configure:13047: result: no
configure:13082: checking whether included gettext is requested
configure:13092: result: no
configure:13115: checking for GNU gettext in libc
configure:13135: gcc -o conftest -g -O2   conftest.c  >&5
configure:13135: $? = 0
configure:13144: result: yes
configure:13733: checking whether to use NLS
configure:13735: result: yes
configure:13738: checking where the gettext function comes from
configure:13749: result: libc
configure:13840: checking for strchr
configure:13840: gcc -o conftest -g -O2   conftest.c  >&5
conftest.c:187:6: warning: conflicting types for built-in function 'strchr'; expected 'char *(const char *, int)' [-Wbuiltin-declaration-mismatch]
  187 | char strchr ();
      |      ^~~~~~
conftest.c:175:1: note: 'strchr' is declared in header '<string.h>'
  174 | # include <limits.h>
  175 | #else
configure:13840: $? = 0
configure:13840: result: yes
configure:13866: checking for library containing dlopen
configure:13897: gcc -o conftest -g -O2   conftest.c  >&5
configure:13897: $? = 0
configure:13914: result: none required
configure:14001: checking for ANSI C header files
configure:14105: result: yes
configure:14117: checking for unistd.h
configure:14117: result: yes
configure:14117: checking langinfo.h usability
configure:14117: gcc -c -g -O2  conftest.c >&5
configure:14117: $? = 0
configure:14117: result: yes
configure:14117: checking langinfo.h presence
configure:14117: gcc -E  conftest.c
configure:14117: $? = 0
configure:14117: result: yes
configure:14117: checking for langinfo.h
configure:14117: result: yes
configure:14117: checking termio.h usability
configure:14117: gcc -c -g -O2  conftest.c >&5
configure:14117: $? = 0
configure:14117: result: yes
configure:14117: checking termio.h presence
configure:14117: gcc -E  conftest.c
configure:14117: $? = 0
configure:14117: result: yes
configure:14117: checking for termio.h
configure:14117: result: yes
configure:14117: checking locale.h usability
configure:14117: gcc -c -g -O2  conftest.c >&5
configure:14117: $? = 0
configure:14117: result: yes
configure:14117: checking locale.h presence
configure:14117: gcc -E  conftest.c
configure:14117: $? = 0
configure:14117: result: yes
configure:14117: checking for locale.h
configure:14117: result: yes
configure:14117: checking getopt.h usability
configure:14117: gcc -c -g -O2  conftest.c >&5
configure:14117: $? = 0
configure:14117: result: yes
configure:14117: checking getopt.h presence
configure:14117: gcc -E  conftest.c
configure:14117: $? = 0
configure:14117: result: yes
configure:14117: checking for getopt.h
configure:14117: result: yes
configure:14117: checking pwd.h usability
configure:14117: gcc -c -g -O2  conftest.c >&5
configure:14117: $? = 0
configure:14117: result: yes
configure:14117: checking pwd.h presence
configure:14117: gcc -E  conftest.c
configure:14117: $? = 0
configure:14117: result: yes
configure:14117: checking for pwd.h
configure:14117: result: yes
configure:14117: checking signal.h usability
configure:14117: gcc -c -g -O2  conftest.c >&5
configure:14117: $? = 0
configure:14117: result: yes
configure:14117: checking signal.h presence
configure:14117: gcc -E  conftest.c
configure:14117: $? = 0
configure:14117: result: yes
configure:14117: checking for signal.h
configure:14117: result: yes
configure:14132: checking for an ANSI C-conforming const
configure:14198: gcc -c -g -O2  conftest.c >&5
configure:14198: $? = 0
configure:14205: result: yes
configure:14213: checking for inline
configure:14237: result: inline
configure:14255: checking for working volatile
configure:14274: gcc -c -g -O2  conftest.c >&5
configure:14274: $? = 0
configure:14281: result: yes
configure:14289: checking for size_t
configure:14289: result: yes
configure:14300: checking for mode_t
configure:14300: gcc -c -g -O2  conftest.c >&5
configure:14300: $? = 0
configure:14300: gcc -c -g -O2  conftest.c >&5
conftest.c: In function 'main':
conftest.c:213:21: error: expected expression before ')' token
  213 | if (sizeof ((mode_t)))
      |                     ^
configure:14300: $? = 1
configure: failed program was:
| /* confdefs.h */
| #define PACKAGE_NAME "gnupg"
| #define PACKAGE_TARNAME "gnupg"
| #define PACKAGE_VERSION "1.4.13"
| #define PACKAGE_STRING "gnupg 1.4.13"
| #define PACKAGE_BUGREPORT "http://bugs.gnupg.org"
| #define PACKAGE_URL ""
| #define PACKAGE "gnupg"
| #define VERSION "1.4.13"
| #define STDC_HEADERS 1
| #define HAVE_SYS_TYPES_H 1
| #define HAVE_SYS_STAT_H 1
| #define HAVE_STDLIB_H 1
| #define HAVE_STRING_H 1
| #define HAVE_MEMORY_H 1
| #define HAVE_STRINGS_H 1
| #define HAVE_INTTYPES_H 1
| #define HAVE_STDINT_H 1
| #define HAVE_UNISTD_H 1
| #define __EXTENSIONS__ 1
| #define _ALL_SOURCE 1
| #define _GNU_SOURCE 1
| #define _POSIX_PTHREAD_SEMANTICS 1
| #define _TANDEM_SOURCE 1
| #define EGD_SOCKET_NAME ""
| #define USE_RSA 1
| #define USE_IDEA 1
| #define USE_CAST5 1
| #define USE_BLOWFISH 1
| #define USE_AES 1
| #define USE_TWOFISH 1
| #define USE_CAMELLIA 1
| #define USE_SHA256 1
| #define PK_UID_CACHE_SIZE 4096
| #define EXEEXT ""
| #define USE_DNS_SRV 1
| #define USE_DNS_PKA 1
| #define USE_DNS_CERT 1
| #define HAVE_CURL_FREE 1
| #define HAVE_CURL_EASY_ESCAPE 1
| #define HAVE_CURL_EASY_UNESCAPE 1
| #define HAVE_LIBCURL 1
| #define LIBCURL_VERNUM 0x080F00
| #define LIBCURL_FEATURE_ALT_SVC 1
| #define LIBCURL_FEATURE_ASYNCHDNS 1
| #define LIBCURL_FEATURE_HSTS 1
| #define LIBCURL_FEATURE_HTTP2 1
| #define LIBCURL_FEATURE_HTTP3 1
| #define LIBCURL_FEATURE_HTTPS_PROXY 1
| #define LIBCURL_FEATURE_IPV6 1
| #define LIBCURL_FEATURE_LARGEFILE 1
| #define LIBCURL_FEATURE_LIBZ 1
| #define LIBCURL_FEATURE_NTLM 1
| #define LIBCURL_FEATURE_PSL 1
| #define LIBCURL_FEATURE_SSL 1
| #define LIBCURL_FEATURE_THREADSAFE 1
| #define LIBCURL_FEATURE_TLS_SRP 1
| #define LIBCURL_FEATURE_UNIXSOCKETS 1
| #define LIBCURL_PROTOCOL_DICT 1
| #define LIBCURL_PROTOCOL_FILE 1
| #define LIBCURL_PROTOCOL_FTP 1
| #define LIBCURL_PROTOCOL_FTPS 1
| #define LIBCURL_PROTOCOL_GOPHER 1
| #define LIBCURL_PROTOCOL_GOPHERS 1
| #define LIBCURL_PROTOCOL_HTTP 1
| #define LIBCURL_PROTOCOL_HTTPS 1
| #define LIBCURL_PROTOCOL_IMAP 1
| #define LIBCURL_PROTOCOL_IMAPS 1
| #define LIBCURL_PROTOCOL_IPFS 1
| #define LIBCURL_PROTOCOL_IPNS 1
| #define LIBCURL_PROTOCOL_MQTT 1
| #define LIBCURL_PROTOCOL_POP3 1
| #define LIBCURL_PROTOCOL_POP3S 1
| #define LIBCURL_PROTOCOL_RTSP 1
| #define LIBCURL_PROTOCOL_SMB 1
| #define LIBCURL_PROTOCOL_SMBS 1
| #define LIBCURL_PROTOCOL_SMTP 1
| #define LIBCURL_PROTOCOL_SMTPS 1
| #define LIBCURL_PROTOCOL_TELNET 1
| #define LIBCURL_PROTOCOL_TFTP 1
| #define LIBCURL_PROTOCOL_WS 1
| #define LIBCURL_PROTOCOL_WSS 1
| #define PRINTABLE_OS_NAME "GNU/Linux"
| #define NAME_OF_DEV_RANDOM "/dev/random"
| #define NAME_OF_DEV_URANDOM "/dev/urandom"
| #define HAVE_VISIBILITY 1
| #define HAVE_STDINT_H_WITH_UINTMAX 1
| #define HAVE_ALLOCA_H 1
| #define HAVE_ALLOCA 1
| #define HAVE_STDLIB_H 1
| #define HAVE_UNISTD_H 1
| #define HAVE_SYS_PARAM_H 1
| #define HAVE_GETPAGESIZE 1
| #define HAVE_MMAP 1
| #define INTDIV0_RAISES_SIGFPE 1
| #define HAVE_INTTYPES_H_WITH_UINTMAX 1
| #define HAVE_UNSIGNED_LONG_LONG_INT 1
| #define HAVE_UINTMAX_T 1
| #define HAVE_INTTYPES_H 1
| #define USE_POSIX_THREADS 1
| #define USE_POSIX_THREADS_WEAK 1
| #define HAVE_PTHREAD_RWLOCK 1
| #define HAVE_PTHREAD_MUTEX_RECURSIVE 1
| #define HAVE_ICONV 1
| #define ICONV_CONST 
| #define HAVE_BUILTIN_EXPECT 1
| #define HAVE_ARGZ_H 1
| #define HAVE_INTTYPES_H 1
| #define HAVE_LIMITS_H 1
| #define HAVE_UNISTD_H 1
| #define HAVE_SYS_PARAM_H 1
| #define HAVE_GETCWD 1
| #define HAVE_GETEGID 1
| #define HAVE_GETEUID 1
| #define HAVE_GETGID 1
| #define HAVE_GETUID 1
| #define HAVE_MEMPCPY 1
| #define HAVE_MUNMAP 1
| #define HAVE_STPCPY 1
| #define HAVE_STRCASECMP 1
| #define HAVE_STRDUP 1
| #define HAVE_STRTOUL 1
| #define HAVE_TSEARCH 1
| #define HAVE_USELOCALE 1
| #define HAVE_ARGZ_COUNT 1
| #define HAVE_ARGZ_STRINGIFY 1
| #define HAVE_ARGZ_NEXT 1
| #define HAVE___FSETLOCKING 1
| #define HAVE_DECL_FEOF_UNLOCKED 1
| #define HAVE_DECL_FGETS_UNLOCKED 1
| #define HAVE_LONG_LONG_INT 1
| #define HAVE_WCHAR_T 1
| #define HAVE_WINT_T 1
| #define HAVE_INTMAX_T 1
| #define HAVE_POSIX_PRINTF 1
| #define HAVE_STDINT_H 1
| #define HAVE_STDINT_H 1
| #define HAVE_WORKING_O_NOATIME 1
| #define HAVE_WORKING_O_NOFOLLOW 1
| #define HAVE_STDDEF_H 1
| #define HAVE_STDLIB_H 1
| #define HAVE_STRING_H 1
| #define HAVE_ASPRINTF 1
| #define HAVE_FWPRINTF 1
| #define HAVE_NEWLOCALE 1
| #define HAVE_PUTENV 1
| #define HAVE_SETENV 1
| #define HAVE_SETLOCALE 1
| #define HAVE_SNPRINTF 1
| #define HAVE_STRNLEN 1
| #define HAVE_WCSLEN 1
| #define HAVE_WCSNLEN 1
| #define HAVE_MBRTOWC 1
| #define HAVE_WCRTOMB 1
| #define HAVE_DECL__SNPRINTF 0
| #define HAVE_DECL__SNWPRINTF 0
| #define HAVE_DECL_GETC_UNLOCKED 1
| #define HAVE_LANGINFO_CODESET 1
| #define HAVE_LC_MESSAGES 1
| #define ENABLE_NLS 1
| #define HAVE_GETTEXT 1
| #define HAVE_DCGETTEXT 1
| #define HAVE_STRCHR 1
| #define HAVE_DL_DLOPEN 1
| #define ENABLE_CARD_SUPPORT 1
| #define ENABLE_AGENT_SUPPORT 1
| #define USE_GNUPG_ICONV 1
| #define STDC_HEADERS 1
| #define HAVE_UNISTD_H 1
| #define HAVE_LANGINFO_H 1
| #define HAVE_TERMIO_H 1
| #define HAVE_LOCALE_H 1
| #define HAVE_GETOPT_H 1
| #define HAVE_PWD_H 1
| #define HAVE_SIGNAL_H 1
| /* end confdefs.h.  */
| #include <stdio.h>
| #ifdef HAVE_SYS_TYPES_H
| # include <sys/types.h>
| #endif
| #ifdef HAVE_SYS_STAT_H
| # include <sys/stat.h>
| #endif
| #ifdef STDC_HEADERS
| # include <stdlib.h>
| # include <stddef.h>
| #else
| # ifdef HAVE_STDLIB_H
| #  include <stdlib.h>
| # endif
| #endif
| #ifdef HAVE_STRING_H
| # if !defined STDC_HEADERS && defined HAVE_MEMORY_H
| #  include <memory.h>
| # endif
| # include <string.h>
| #endif
| #ifdef HAVE_STRINGS_H
| # include <strings.h>
| #endif
| #ifdef HAVE_INTTYPES_H
| # include <inttypes.h>
| #endif
| #ifdef HAVE_STDINT_H
| # include <stdint.h>
| #endif
| #ifdef HAVE_UNISTD_H
| # include <unistd.h>
| #endif
| int
| main ()
| {
| if (sizeof ((mode_t)))
| 	    return 0;
|   ;
|   return 0;
| }
configure:14300: result: yes
configure:14311: checking return type of signal handlers
configure:14329: gcc -c -g -O2  conftest.c >&5
conftest.c: In function 'main':
conftest.c:183:10: error: void value not ignored as it ought to be
  183 | return *(signal (0, 0)) (0) == 1;
      |         ~^~~~~~~~~~~~~~~~~~
configure:14329: $? = 1
configure: failed program was:
| /* confdefs.h */
| #define PACKAGE_NAME "gnupg"
| #define PACKAGE_TARNAME "gnupg"
| #define PACKAGE_VERSION "1.4.13"
| #define PACKAGE_STRING "gnupg 1.4.13"
| #define PACKAGE_BUGREPORT "http://bugs.gnupg.org"
| #define PACKAGE_URL ""
| #define PACKAGE "gnupg"
| #define VERSION "1.4.13"
| #define STDC_HEADERS 1
| #define HAVE_SYS_TYPES_H 1
| #define HAVE_SYS_STAT_H 1
| #define HAVE_STDLIB_H 1
| #define HAVE_STRING_H 1
| #define HAVE_MEMORY_H 1
| #define HAVE_STRINGS_H 1
| #define HAVE_INTTYPES_H 1
| #define HAVE_STDINT_H 1
| #define HAVE_UNISTD_H 1
| #define __EXTENSIONS__ 1
| #define _ALL_SOURCE 1
| #define _GNU_SOURCE 1
| #define _POSIX_PTHREAD_SEMANTICS 1
| #define _TANDEM_SOURCE 1
| #define EGD_SOCKET_NAME ""
| #define USE_RSA 1
| #define USE_IDEA 1
| #define USE_CAST5 1
| #define USE_BLOWFISH 1
| #define USE_AES 1
| #define USE_TWOFISH 1
| #define USE_CAMELLIA 1
| #define USE_SHA256 1
| #define PK_UID_CACHE_SIZE 4096
| #define EXEEXT ""
| #define USE_DNS_SRV 1
| #define USE_DNS_PKA 1
| #define USE_DNS_CERT 1
| #define HAVE_CURL_FREE 1
| #define HAVE_CURL_EASY_ESCAPE 1
| #define HAVE_CURL_EASY_UNESCAPE 1
| #define HAVE_LIBCURL 1
| #define LIBCURL_VERNUM 0x080F00
| #define LIBCURL_FEATURE_ALT_SVC 1
| #define LIBCURL_FEATURE_ASYNCHDNS 1
| #define LIBCURL_FEATURE_HSTS 1
| #define LIBCURL_FEATURE_HTTP2 1
| #define LIBCURL_FEATURE_HTTP3 1
| #define LIBCURL_FEATURE_HTTPS_PROXY 1
| #define LIBCURL_FEATURE_IPV6 1
| #define LIBCURL_FEATURE_LARGEFILE 1
| #define LIBCURL_FEATURE_LIBZ 1
| #define LIBCURL_FEATURE_NTLM 1
| #define LIBCURL_FEATURE_PSL 1
| #define LIBCURL_FEATURE_SSL 1
| #define LIBCURL_FEATURE_THREADSAFE 1
| #define LIBCURL_FEATURE_TLS_SRP 1
| #define LIBCURL_FEATURE_UNIXSOCKETS 1
| #define LIBCURL_PROTOCOL_DICT 1
| #define LIBCURL_PROTOCOL_FILE 1
| #define LIBCURL_PROTOCOL_FTP 1
| #define LIBCURL_PROTOCOL_FTPS 1
| #define LIBCURL_PROTOCOL_GOPHER 1
| #define LIBCURL_PROTOCOL_GOPHERS 1
| #define LIBCURL_PROTOCOL_HTTP 1
| #define LIBCURL_PROTOCOL_HTTPS 1
| #define LIBCURL_PROTOCOL_IMAP 1
| #define LIBCURL_PROTOCOL_IMAPS 1
| #define LIBCURL_PROTOCOL_IPFS 1
| #define LIBCURL_PROTOCOL_IPNS 1
| #define LIBCURL_PROTOCOL_MQTT 1
| #define LIBCURL_PROTOCOL_POP3 1
| #define LIBCURL_PROTOCOL_POP3S 1
| #define LIBCURL_PROTOCOL_RTSP 1
| #define LIBCURL_PROTOCOL_SMB 1
| #define LIBCURL_PROTOCOL_SMBS 1
| #define LIBCURL_PROTOCOL_SMTP 1
| #define LIBCURL_PROTOCOL_SMTPS 1
| #define LIBCURL_PROTOCOL_TELNET 1
| #define LIBCURL_PROTOCOL_TFTP 1
| #define LIBCURL_PROTOCOL_WS 1
| #define LIBCURL_PROTOCOL_WSS 1
| #define PRINTABLE_OS_NAME "GNU/Linux"
| #define NAME_OF_DEV_RANDOM "/dev/random"
| #define NAME_OF_DEV_URANDOM "/dev/urandom"
| #define HAVE_VISIBILITY 1
| #define HAVE_STDINT_H_WITH_UINTMAX 1
| #define HAVE_ALLOCA_H 1
| #define HAVE_ALLOCA 1
| #define HAVE_STDLIB_H 1
| #define HAVE_UNISTD_H 1
| #define HAVE_SYS_PARAM_H 1
| #define HAVE_GETPAGESIZE 1
| #define HAVE_MMAP 1
| #define INTDIV0_RAISES_SIGFPE 1
| #define HAVE_INTTYPES_H_WITH_UINTMAX 1
| #define HAVE_UNSIGNED_LONG_LONG_INT 1
| #define HAVE_UINTMAX_T 1
| #define HAVE_INTTYPES_H 1
| #define USE_POSIX_THREADS 1
| #define USE_POSIX_THREADS_WEAK 1
| #define HAVE_PTHREAD_RWLOCK 1
| #define HAVE_PTHREAD_MUTEX_RECURSIVE 1
| #define HAVE_ICONV 1
| #define ICONV_CONST 
| #define HAVE_BUILTIN_EXPECT 1
| #define HAVE_ARGZ_H 1
| #define HAVE_INTTYPES_H 1
| #define HAVE_LIMITS_H 1
| #define HAVE_UNISTD_H 1
| #define HAVE_SYS_PARAM_H 1
| #define HAVE_GETCWD 1
| #define HAVE_GETEGID 1
| #define HAVE_GETEUID 1
| #define HAVE_GETGID 1
| #define HAVE_GETUID 1
| #define HAVE_MEMPCPY 1
| #define HAVE_MUNMAP 1
| #define HAVE_STPCPY 1
| #define HAVE_STRCASECMP 1
| #define HAVE_STRDUP 1
| #define HAVE_STRTOUL 1
| #define HAVE_TSEARCH 1
| #define HAVE_USELOCALE 1
| #define HAVE_ARGZ_COUNT 1
| #define HAVE_ARGZ_STRINGIFY 1
| #define HAVE_ARGZ_NEXT 1
| #define HAVE___FSETLOCKING 1
| #define HAVE_DECL_FEOF_UNLOCKED 1
| #define HAVE_DECL_FGETS_UNLOCKED 1
| #define HAVE_LONG_LONG_INT 1
| #define HAVE_WCHAR_T 1
| #define HAVE_WINT_T 1
| #define HAVE_INTMAX_T 1
| #define HAVE_POSIX_PRINTF 1
| #define HAVE_STDINT_H 1
| #define HAVE_STDINT_H 1
| #define HAVE_WORKING_O_NOATIME 1
| #define HAVE_WORKING_O_NOFOLLOW 1
| #define HAVE_STDDEF_H 1
| #define HAVE_STDLIB_H 1
| #define HAVE_STRING_H 1
| #define HAVE_ASPRINTF 1
| #define HAVE_FWPRINTF 1
| #define HAVE_NEWLOCALE 1
| #define HAVE_PUTENV 1
| #define HAVE_SETENV 1
| #define HAVE_SETLOCALE 1
| #define HAVE_SNPRINTF 1
| #define HAVE_STRNLEN 1
| #define HAVE_WCSLEN 1
| #define HAVE_WCSNLEN 1
| #define HAVE_MBRTOWC 1
| #define HAVE_WCRTOMB 1
| #define HAVE_DECL__SNPRINTF 0
| #define HAVE_DECL__SNWPRINTF 0
| #define HAVE_DECL_GETC_UNLOCKED 1
| #define HAVE_LANGINFO_CODESET 1
| #define HAVE_LC_MESSAGES 1
| #define ENABLE_NLS 1
| #define HAVE_GETTEXT 1
| #define HAVE_DCGETTEXT 1
| #define HAVE_STRCHR 1
| #define HAVE_DL_DLOPEN 1
| #define ENABLE_CARD_SUPPORT 1
| #define ENABLE_AGENT_SUPPORT 1
| #define USE_GNUPG_ICONV 1
| #define STDC_HEADERS 1
| #define HAVE_UNISTD_H 1
| #define HAVE_LANGINFO_H 1
| #define HAVE_TERMIO_H 1
| #define HAVE_LOCALE_H 1
| #define HAVE_GETOPT_H 1
| #define HAVE_PWD_H 1
| #define HAVE_SIGNAL_H 1
| /* end confdefs.h.  */
| #include <sys/types.h>
| #include <signal.h>
| 
| int
| main ()
| {
| return *(signal (0, 0)) (0) == 1;
|   ;
|   return 0;
| }
configure:14336: result: void
configure:14344: checking whether sys_siglist is declared
configure:14344: gcc -c -g -O2  conftest.c >&5
conftest.c: In function 'main':
conftest.c:192:10: error: 'sys_siglist' undeclared (first use in this function)
  192 |   (void) sys_siglist;
      |          ^~~~~~~~~~~
conftest.c:192:10: note: each undeclared identifier is reported only once for each function it appears in
configure:14344: $? = 1
configure: failed program was:
| /* confdefs.h */
| #define PACKAGE_NAME "gnupg"
| #define PACKAGE_TARNAME "gnupg"
| #define PACKAGE_VERSION "1.4.13"
| #define PACKAGE_STRING "gnupg 1.4.13"
| #define PACKAGE_BUGREPORT "http://bugs.gnupg.org"
| #define PACKAGE_URL ""
| #define PACKAGE "gnupg"
| #define VERSION "1.4.13"
| #define STDC_HEADERS 1
| #define HAVE_SYS_TYPES_H 1
| #define HAVE_SYS_STAT_H 1
| #define HAVE_STDLIB_H 1
| #define HAVE_STRING_H 1
| #define HAVE_MEMORY_H 1
| #define HAVE_STRINGS_H 1
| #define HAVE_INTTYPES_H 1
| #define HAVE_STDINT_H 1
| #define HAVE_UNISTD_H 1
| #define __EXTENSIONS__ 1
| #define _ALL_SOURCE 1
| #define _GNU_SOURCE 1
| #define _POSIX_PTHREAD_SEMANTICS 1
| #define _TANDEM_SOURCE 1
| #define EGD_SOCKET_NAME ""
| #define USE_RSA 1
| #define USE_IDEA 1
| #define USE_CAST5 1
| #define USE_BLOWFISH 1
| #define USE_AES 1
| #define USE_TWOFISH 1
| #define USE_CAMELLIA 1
| #define USE_SHA256 1
| #define PK_UID_CACHE_SIZE 4096
| #define EXEEXT ""
| #define USE_DNS_SRV 1
| #define USE_DNS_PKA 1
| #define USE_DNS_CERT 1
| #define HAVE_CURL_FREE 1
| #define HAVE_CURL_EASY_ESCAPE 1
| #define HAVE_CURL_EASY_UNESCAPE 1
| #define HAVE_LIBCURL 1
| #define LIBCURL_VERNUM 0x080F00
| #define LIBCURL_FEATURE_ALT_SVC 1
| #define LIBCURL_FEATURE_ASYNCHDNS 1
| #define LIBCURL_FEATURE_HSTS 1
| #define LIBCURL_FEATURE_HTTP2 1
| #define LIBCURL_FEATURE_HTTP3 1
| #define LIBCURL_FEATURE_HTTPS_PROXY 1
| #define LIBCURL_FEATURE_IPV6 1
| #define LIBCURL_FEATURE_LARGEFILE 1
| #define LIBCURL_FEATURE_LIBZ 1
| #define LIBCURL_FEATURE_NTLM 1
| #define LIBCURL_FEATURE_PSL 1
| #define LIBCURL_FEATURE_SSL 1
| #define LIBCURL_FEATURE_THREADSAFE 1
| #define LIBCURL_FEATURE_TLS_SRP 1
| #define LIBCURL_FEATURE_UNIXSOCKETS 1
| #define LIBCURL_PROTOCOL_DICT 1
| #define LIBCURL_PROTOCOL_FILE 1
| #define LIBCURL_PROTOCOL_FTP 1
| #define LIBCURL_PROTOCOL_FTPS 1
| #define LIBCURL_PROTOCOL_GOPHER 1
| #define LIBCURL_PROTOCOL_GOPHERS 1
| #define LIBCURL_PROTOCOL_HTTP 1
| #define LIBCURL_PROTOCOL_HTTPS 1
| #define LIBCURL_PROTOCOL_IMAP 1
| #define LIBCURL_PROTOCOL_IMAPS 1
| #define LIBCURL_PROTOCOL_IPFS 1
| #define LIBCURL_PROTOCOL_IPNS 1
| #define LIBCURL_PROTOCOL_MQTT 1
| #define LIBCURL_PROTOCOL_POP3 1
| #define LIBCURL_PROTOCOL_POP3S 1
| #define LIBCURL_PROTOCOL_RTSP 1
| #define LIBCURL_PROTOCOL_SMB 1
| #define LIBCURL_PROTOCOL_SMBS 1
| #define LIBCURL_PROTOCOL_SMTP 1
| #define LIBCURL_PROTOCOL_SMTPS 1
| #define LIBCURL_PROTOCOL_TELNET 1
| #define LIBCURL_PROTOCOL_TFTP 1
| #define LIBCURL_PROTOCOL_WS 1
| #define LIBCURL_PROTOCOL_WSS 1
| #define PRINTABLE_OS_NAME "GNU/Linux"
| #define NAME_OF_DEV_RANDOM "/dev/random"
| #define NAME_OF_DEV_URANDOM "/dev/urandom"
| #define HAVE_VISIBILITY 1
| #define HAVE_STDINT_H_WITH_UINTMAX 1
| #define HAVE_ALLOCA_H 1
| #define HAVE_ALLOCA 1
| #define HAVE_STDLIB_H 1
| #define HAVE_UNISTD_H 1
| #define HAVE_SYS_PARAM_H 1
| #define HAVE_GETPAGESIZE 1
| #define HAVE_MMAP 1
| #define INTDIV0_RAISES_SIGFPE 1
| #define HAVE_INTTYPES_H_WITH_UINTMAX 1
| #define HAVE_UNSIGNED_LONG_LONG_INT 1
| #define HAVE_UINTMAX_T 1
| #define HAVE_INTTYPES_H 1
| #define USE_POSIX_THREADS 1
| #define USE_POSIX_THREADS_WEAK 1
| #define HAVE_PTHREAD_RWLOCK 1
| #define HAVE_PTHREAD_MUTEX_RECURSIVE 1
| #define HAVE_ICONV 1
| #define ICONV_CONST 
| #define HAVE_BUILTIN_EXPECT 1
| #define HAVE_ARGZ_H 1
| #define HAVE_INTTYPES_H 1
| #define HAVE_LIMITS_H 1
| #define HAVE_UNISTD_H 1
| #define HAVE_SYS_PARAM_H 1
| #define HAVE_GETCWD 1
| #define HAVE_GETEGID 1
| #define HAVE_GETEUID 1
| #define HAVE_GETGID 1
| #define HAVE_GETUID 1
| #define HAVE_MEMPCPY 1
| #define HAVE_MUNMAP 1
| #define HAVE_STPCPY 1
| #define HAVE_STRCASECMP 1
| #define HAVE_STRDUP 1
| #define HAVE_STRTOUL 1
| #define HAVE_TSEARCH 1
| #define HAVE_USELOCALE 1
| #define HAVE_ARGZ_COUNT 1
| #define HAVE_ARGZ_STRINGIFY 1
| #define HAVE_ARGZ_NEXT 1
| #define HAVE___FSETLOCKING 1
| #define HAVE_DECL_FEOF_UNLOCKED 1
| #define HAVE_DECL_FGETS_UNLOCKED 1
| #define HAVE_LONG_LONG_INT 1
| #define HAVE_WCHAR_T 1
| #define HAVE_WINT_T 1
| #define HAVE_INTMAX_T 1
| #define HAVE_POSIX_PRINTF 1
| #define HAVE_STDINT_H 1
| #define HAVE_STDINT_H 1
| #define HAVE_WORKING_O_NOATIME 1
| #define HAVE_WORKING_O_NOFOLLOW 1
| #define HAVE_STDDEF_H 1
| #define HAVE_STDLIB_H 1
| #define HAVE_STRING_H 1
| #define HAVE_ASPRINTF 1
| #define HAVE_FWPRINTF 1
| #define HAVE_NEWLOCALE 1
| #define HAVE_PUTENV 1
| #define HAVE_SETENV 1
| #define HAVE_SETLOCALE 1
| #define HAVE_SNPRINTF 1
| #define HAVE_STRNLEN 1
| #define HAVE_WCSLEN 1
| #define HAVE_WCSNLEN 1
| #define HAVE_MBRTOWC 1
| #define HAVE_WCRTOMB 1
| #define HAVE_DECL__SNPRINTF 0
| #define HAVE_DECL__SNWPRINTF 0
| #define HAVE_DECL_GETC_UNLOCKED 1
| #define HAVE_LANGINFO_CODESET 1
| #define HAVE_LC_MESSAGES 1
| #define ENABLE_NLS 1
| #define HAVE_GETTEXT 1
| #define HAVE_DCGETTEXT 1
| #define HAVE_STRCHR 1
| #define HAVE_DL_DLOPEN 1
| #define ENABLE_CARD_SUPPORT 1
| #define ENABLE_AGENT_SUPPORT 1
| #define USE_GNUPG_ICONV 1
| #define STDC_HEADERS 1
| #define HAVE_UNISTD_H 1
| #define HAVE_LANGINFO_H 1
| #define HAVE_TERMIO_H 1
| #define HAVE_LOCALE_H 1
| #define HAVE_GETOPT_H 1
| #define HAVE_PWD_H 1
| #define HAVE_SIGNAL_H 1
| #define RETSIGTYPE void
| /* end confdefs.h.  */
| #include <signal.h>
| /* NetBSD declares sys_siglist in unistd.h.  */
| #ifdef HAVE_UNISTD_H
| # include <unistd.h>
| #endif
| 
| 
| int
| main ()
| {
| #ifndef sys_siglist
| #ifdef __cplusplus
|   (void) sys_siglist;
| #else
|   (void) sys_siglist;
| #endif
| #endif
| 
|   ;
|   return 0;
| }
configure:14344: result: no
configure:14385: checking endianess
configure:14407: gcc -c -g -O2  conftest.c >&5
configure:14407: $? = 0
configure:14424: gcc -c -g -O2  conftest.c >&5
conftest.c: In function 'main':
conftest.c:186:10: error: unknown type name 'not'; did you mean 'ino_t'?
  186 |          not big endian
      |          ^~~
      |          ino_t
conftest.c:186:18: error: expected '=', ',', ';', 'asm' or '__attribute__' before 'endian'
  186 |          not big endian
      |                  ^~~~~~
configure:14424: $? = 1
configure: failed program was:
| /* confdefs.h */
| #define PACKAGE_NAME "gnupg"
| #define PACKAGE_TARNAME "gnupg"
| #define PACKAGE_VERSION "1.4.13"
| #define PACKAGE_STRING "gnupg 1.4.13"
| #define PACKAGE_BUGREPORT "http://bugs.gnupg.org"
| #define PACKAGE_URL ""
| #define PACKAGE "gnupg"
| #define VERSION "1.4.13"
| #define STDC_HEADERS 1
| #define HAVE_SYS_TYPES_H 1
| #define HAVE_SYS_STAT_H 1
| #define HAVE_STDLIB_H 1
| #define HAVE_STRING_H 1
| #define HAVE_MEMORY_H 1
| #define HAVE_STRINGS_H 1
| #define HAVE_INTTYPES_H 1
| #define HAVE_STDINT_H 1
| #define HAVE_UNISTD_H 1
| #define __EXTENSIONS__ 1
| #define _ALL_SOURCE 1
| #define _GNU_SOURCE 1
| #define _POSIX_PTHREAD_SEMANTICS 1
| #define _TANDEM_SOURCE 1
| #define EGD_SOCKET_NAME ""
| #define USE_RSA 1
| #define USE_IDEA 1
| #define USE_CAST5 1
| #define USE_BLOWFISH 1
| #define USE_AES 1
| #define USE_TWOFISH 1
| #define USE_CAMELLIA 1
| #define USE_SHA256 1
| #define PK_UID_CACHE_SIZE 4096
| #define EXEEXT ""
| #define USE_DNS_SRV 1
| #define USE_DNS_PKA 1
| #define USE_DNS_CERT 1
| #define HAVE_CURL_FREE 1
| #define HAVE_CURL_EASY_ESCAPE 1
| #define HAVE_CURL_EASY_UNESCAPE 1
| #define HAVE_LIBCURL 1
| #define LIBCURL_VERNUM 0x080F00
| #define LIBCURL_FEATURE_ALT_SVC 1
| #define LIBCURL_FEATURE_ASYNCHDNS 1
| #define LIBCURL_FEATURE_HSTS 1
| #define LIBCURL_FEATURE_HTTP2 1
| #define LIBCURL_FEATURE_HTTP3 1
| #define LIBCURL_FEATURE_HTTPS_PROXY 1
| #define LIBCURL_FEATURE_IPV6 1
| #define LIBCURL_FEATURE_LARGEFILE 1
| #define LIBCURL_FEATURE_LIBZ 1
| #define LIBCURL_FEATURE_NTLM 1
| #define LIBCURL_FEATURE_PSL 1
| #define LIBCURL_FEATURE_SSL 1
| #define LIBCURL_FEATURE_THREADSAFE 1
| #define LIBCURL_FEATURE_TLS_SRP 1
| #define LIBCURL_FEATURE_UNIXSOCKETS 1
| #define LIBCURL_PROTOCOL_DICT 1
| #define LIBCURL_PROTOCOL_FILE 1
| #define LIBCURL_PROTOCOL_FTP 1
| #define LIBCURL_PROTOCOL_FTPS 1
| #define LIBCURL_PROTOCOL_GOPHER 1
| #define LIBCURL_PROTOCOL_GOPHERS 1
| #define LIBCURL_PROTOCOL_HTTP 1
| #define LIBCURL_PROTOCOL_HTTPS 1
| #define LIBCURL_PROTOCOL_IMAP 1
| #define LIBCURL_PROTOCOL_IMAPS 1
| #define LIBCURL_PROTOCOL_IPFS 1
| #define LIBCURL_PROTOCOL_IPNS 1
| #define LIBCURL_PROTOCOL_MQTT 1
| #define LIBCURL_PROTOCOL_POP3 1
| #define LIBCURL_PROTOCOL_POP3S 1
| #define LIBCURL_PROTOCOL_RTSP 1
| #define LIBCURL_PROTOCOL_SMB 1
| #define LIBCURL_PROTOCOL_SMBS 1
| #define LIBCURL_PROTOCOL_SMTP 1
| #define LIBCURL_PROTOCOL_SMTPS 1
| #define LIBCURL_PROTOCOL_TELNET 1
| #define LIBCURL_PROTOCOL_TFTP 1
| #define LIBCURL_PROTOCOL_WS 1
| #define LIBCURL_PROTOCOL_WSS 1
| #define PRINTABLE_OS_NAME "GNU/Linux"
| #define NAME_OF_DEV_RANDOM "/dev/random"
| #define NAME_OF_DEV_URANDOM "/dev/urandom"
| #define HAVE_VISIBILITY 1
| #define HAVE_STDINT_H_WITH_UINTMAX 1
| #define HAVE_ALLOCA_H 1
| #define HAVE_ALLOCA 1
| #define HAVE_STDLIB_H 1
| #define HAVE_UNISTD_H 1
| #define HAVE_SYS_PARAM_H 1
| #define HAVE_GETPAGESIZE 1
| #define HAVE_MMAP 1
| #define INTDIV0_RAISES_SIGFPE 1
| #define HAVE_INTTYPES_H_WITH_UINTMAX 1
| #define HAVE_UNSIGNED_LONG_LONG_INT 1
| #define HAVE_UINTMAX_T 1
| #define HAVE_INTTYPES_H 1
| #define USE_POSIX_THREADS 1
| #define USE_POSIX_THREADS_WEAK 1
| #define HAVE_PTHREAD_RWLOCK 1
| #define HAVE_PTHREAD_MUTEX_RECURSIVE 1
| #define HAVE_ICONV 1
| #define ICONV_CONST 
| #define HAVE_BUILTIN_EXPECT 1
| #define HAVE_ARGZ_H 1
| #define HAVE_INTTYPES_H 1
| #define HAVE_LIMITS_H 1
| #define HAVE_UNISTD_H 1
| #define HAVE_SYS_PARAM_H 1
| #define HAVE_GETCWD 1
| #define HAVE_GETEGID 1
| #define HAVE_GETEUID 1
| #define HAVE_GETGID 1
| #define HAVE_GETUID 1
| #define HAVE_MEMPCPY 1
| #define HAVE_MUNMAP 1
| #define HAVE_STPCPY 1
| #define HAVE_STRCASECMP 1
| #define HAVE_STRDUP 1
| #define HAVE_STRTOUL 1
| #define HAVE_TSEARCH 1
| #define HAVE_USELOCALE 1
| #define HAVE_ARGZ_COUNT 1
| #define HAVE_ARGZ_STRINGIFY 1
| #define HAVE_ARGZ_NEXT 1
| #define HAVE___FSETLOCKING 1
| #define HAVE_DECL_FEOF_UNLOCKED 1
| #define HAVE_DECL_FGETS_UNLOCKED 1
| #define HAVE_LONG_LONG_INT 1
| #define HAVE_WCHAR_T 1
| #define HAVE_WINT_T 1
| #define HAVE_INTMAX_T 1
| #define HAVE_POSIX_PRINTF 1
| #define HAVE_STDINT_H 1
| #define HAVE_STDINT_H 1
| #define HAVE_WORKING_O_NOATIME 1
| #define HAVE_WORKING_O_NOFOLLOW 1
| #define HAVE_STDDEF_H 1
| #define HAVE_STDLIB_H 1
| #define HAVE_STRING_H 1
| #define HAVE_ASPRINTF 1
| #define HAVE_FWPRINTF 1
| #define HAVE_NEWLOCALE 1
| #define HAVE_PUTENV 1
| #define HAVE_SETENV 1
| #define HAVE_SETLOCALE 1
| #define HAVE_SNPRINTF 1
| #define HAVE_STRNLEN 1
| #define HAVE_WCSLEN 1
| #define HAVE_WCSNLEN 1
| #define HAVE_MBRTOWC 1
| #define HAVE_WCRTOMB 1
| #define HAVE_DECL__SNPRINTF 0
| #define HAVE_DECL__SNWPRINTF 0
| #define HAVE_DECL_GETC_UNLOCKED 1
| #define HAVE_LANGINFO_CODESET 1
| #define HAVE_LC_MESSAGES 1
| #define ENABLE_NLS 1
| #define HAVE_GETTEXT 1
| #define HAVE_DCGETTEXT 1
| #define HAVE_STRCHR 1
| #define HAVE_DL_DLOPEN 1
| #define ENABLE_CARD_SUPPORT 1
| #define ENABLE_AGENT_SUPPORT 1
| #define USE_GNUPG_ICONV 1
| #define STDC_HEADERS 1
| #define HAVE_UNISTD_H 1
| #define HAVE_LANGINFO_H 1
| #define HAVE_TERMIO_H 1
| #define HAVE_LOCALE_H 1
| #define HAVE_GETOPT_H 1
| #define HAVE_PWD_H 1
| #define HAVE_SIGNAL_H 1
| #define RETSIGTYPE void
| #define HAVE_DECL_SYS_SIGLIST 0
| /* end confdefs.h.  */
| #include <sys/types.h>
|         #include <sys/param.h>
| int
| main ()
| {
| 
|         #if BYTE_ORDER != BIG_ENDIAN
|          not big endian
|         #endif
|   ;
|   return 0;
| }
configure:14463: result: little
configure:14477: checking for byte typedef
configure:14498: gcc -c -g -O2  conftest.c >&5
conftest.c: In function 'main':
conftest.c:188:20: error: 'byte' undeclared (first use in this function)
  188 |     int a = sizeof(byte);
      |                    ^~~~
conftest.c:188:20: note: each undeclared identifier is reported only once for each function it appears in
configure:14498: $? = 1
configure: failed program was:
| /* confdefs.h */
| #define PACKAGE_NAME "gnupg"
| #define PACKAGE_TARNAME "gnupg"
| #define PACKAGE_VERSION "1.4.13"
| #define PACKAGE_STRING "gnupg 1.4.13"
| #define PACKAGE_BUGREPORT "http://bugs.gnupg.org"
| #define PACKAGE_URL ""
| #define PACKAGE "gnupg"
| #define VERSION "1.4.13"
| #define STDC_HEADERS 1
| #define HAVE_SYS_TYPES_H 1
| #define HAVE_SYS_STAT_H 1
| #define HAVE_STDLIB_H 1
| #define HAVE_STRING_H 1
| #define HAVE_MEMORY_H 1
| #define HAVE_STRINGS_H 1
| #define HAVE_INTTYPES_H 1
| #define HAVE_STDINT_H 1
| #define HAVE_UNISTD_H 1
| #define __EXTENSIONS__ 1
| #define _ALL_SOURCE 1
| #define _GNU_SOURCE 1
| #define _POSIX_PTHREAD_SEMANTICS 1
| #define _TANDEM_SOURCE 1
| #define EGD_SOCKET_NAME ""
| #define USE_RSA 1
| #define USE_IDEA 1
| #define USE_CAST5 1
| #define USE_BLOWFISH 1
| #define USE_AES 1
| #define USE_TWOFISH 1
| #define USE_CAMELLIA 1
| #define USE_SHA256 1
| #define PK_UID_CACHE_SIZE 4096
| #define EXEEXT ""
| #define USE_DNS_SRV 1
| #define USE_DNS_PKA 1
| #define USE_DNS_CERT 1
| #define HAVE_CURL_FREE 1
| #define HAVE_CURL_EASY_ESCAPE 1
| #define HAVE_CURL_EASY_UNESCAPE 1
| #define HAVE_LIBCURL 1
| #define LIBCURL_VERNUM 0x080F00
| #define LIBCURL_FEATURE_ALT_SVC 1
| #define LIBCURL_FEATURE_ASYNCHDNS 1
| #define LIBCURL_FEATURE_HSTS 1
| #define LIBCURL_FEATURE_HTTP2 1
| #define LIBCURL_FEATURE_HTTP3 1
| #define LIBCURL_FEATURE_HTTPS_PROXY 1
| #define LIBCURL_FEATURE_IPV6 1
| #define LIBCURL_FEATURE_LARGEFILE 1
| #define LIBCURL_FEATURE_LIBZ 1
| #define LIBCURL_FEATURE_NTLM 1
| #define LIBCURL_FEATURE_PSL 1
| #define LIBCURL_FEATURE_SSL 1
| #define LIBCURL_FEATURE_THREADSAFE 1
| #define LIBCURL_FEATURE_TLS_SRP 1
| #define LIBCURL_FEATURE_UNIXSOCKETS 1
| #define LIBCURL_PROTOCOL_DICT 1
| #define LIBCURL_PROTOCOL_FILE 1
| #define LIBCURL_PROTOCOL_FTP 1
| #define LIBCURL_PROTOCOL_FTPS 1
| #define LIBCURL_PROTOCOL_GOPHER 1
| #define LIBCURL_PROTOCOL_GOPHERS 1
| #define LIBCURL_PROTOCOL_HTTP 1
| #define LIBCURL_PROTOCOL_HTTPS 1
| #define LIBCURL_PROTOCOL_IMAP 1
| #define LIBCURL_PROTOCOL_IMAPS 1
| #define LIBCURL_PROTOCOL_IPFS 1
| #define LIBCURL_PROTOCOL_IPNS 1
| #define LIBCURL_PROTOCOL_MQTT 1
| #define LIBCURL_PROTOCOL_POP3 1
| #define LIBCURL_PROTOCOL_POP3S 1
| #define LIBCURL_PROTOCOL_RTSP 1
| #define LIBCURL_PROTOCOL_SMB 1
| #define LIBCURL_PROTOCOL_SMBS 1
| #define LIBCURL_PROTOCOL_SMTP 1
| #define LIBCURL_PROTOCOL_SMTPS 1
| #define LIBCURL_PROTOCOL_TELNET 1
| #define LIBCURL_PROTOCOL_TFTP 1
| #define LIBCURL_PROTOCOL_WS 1
| #define LIBCURL_PROTOCOL_WSS 1
| #define PRINTABLE_OS_NAME "GNU/Linux"
| #define NAME_OF_DEV_RANDOM "/dev/random"
| #define NAME_OF_DEV_URANDOM "/dev/urandom"
| #define HAVE_VISIBILITY 1
| #define HAVE_STDINT_H_WITH_UINTMAX 1
| #define HAVE_ALLOCA_H 1
| #define HAVE_ALLOCA 1
| #define HAVE_STDLIB_H 1
| #define HAVE_UNISTD_H 1
| #define HAVE_SYS_PARAM_H 1
| #define HAVE_GETPAGESIZE 1
| #define HAVE_MMAP 1
| #define INTDIV0_RAISES_SIGFPE 1
| #define HAVE_INTTYPES_H_WITH_UINTMAX 1
| #define HAVE_UNSIGNED_LONG_LONG_INT 1
| #define HAVE_UINTMAX_T 1
| #define HAVE_INTTYPES_H 1
| #define USE_POSIX_THREADS 1
| #define USE_POSIX_THREADS_WEAK 1
| #define HAVE_PTHREAD_RWLOCK 1
| #define HAVE_PTHREAD_MUTEX_RECURSIVE 1
| #define HAVE_ICONV 1
| #define ICONV_CONST 
| #define HAVE_BUILTIN_EXPECT 1
| #define HAVE_ARGZ_H 1
| #define HAVE_INTTYPES_H 1
| #define HAVE_LIMITS_H 1
| #define HAVE_UNISTD_H 1
| #define HAVE_SYS_PARAM_H 1
| #define HAVE_GETCWD 1
| #define HAVE_GETEGID 1
| #define HAVE_GETEUID 1
| #define HAVE_GETGID 1
| #define HAVE_GETUID 1
| #define HAVE_MEMPCPY 1
| #define HAVE_MUNMAP 1
| #define HAVE_STPCPY 1
| #define HAVE_STRCASECMP 1
| #define HAVE_STRDUP 1
| #define HAVE_STRTOUL 1
| #define HAVE_TSEARCH 1
| #define HAVE_USELOCALE 1
| #define HAVE_ARGZ_COUNT 1
| #define HAVE_ARGZ_STRINGIFY 1
| #define HAVE_ARGZ_NEXT 1
| #define HAVE___FSETLOCKING 1
| #define HAVE_DECL_FEOF_UNLOCKED 1
| #define HAVE_DECL_FGETS_UNLOCKED 1
| #define HAVE_LONG_LONG_INT 1
| #define HAVE_WCHAR_T 1
| #define HAVE_WINT_T 1
| #define HAVE_INTMAX_T 1
| #define HAVE_POSIX_PRINTF 1
| #define HAVE_STDINT_H 1
| #define HAVE_STDINT_H 1
| #define HAVE_WORKING_O_NOATIME 1
| #define HAVE_WORKING_O_NOFOLLOW 1
| #define HAVE_STDDEF_H 1
| #define HAVE_STDLIB_H 1
| #define HAVE_STRING_H 1
| #define HAVE_ASPRINTF 1
| #define HAVE_FWPRINTF 1
| #define HAVE_NEWLOCALE 1
| #define HAVE_PUTENV 1
| #define HAVE_SETENV 1
| #define HAVE_SETLOCALE 1
| #define HAVE_SNPRINTF 1
| #define HAVE_STRNLEN 1
| #define HAVE_WCSLEN 1
| #define HAVE_WCSNLEN 1
| #define HAVE_MBRTOWC 1
| #define HAVE_WCRTOMB 1
| #define HAVE_DECL__SNPRINTF 0
| #define HAVE_DECL__SNWPRINTF 0
| #define HAVE_DECL_GETC_UNLOCKED 1
| #define HAVE_LANGINFO_CODESET 1
| #define HAVE_LC_MESSAGES 1
| #define ENABLE_NLS 1
| #define HAVE_GETTEXT 1
| #define HAVE_DCGETTEXT 1
| #define HAVE_STRCHR 1
| #define HAVE_DL_DLOPEN 1
| #define ENABLE_CARD_SUPPORT 1
| #define ENABLE_AGENT_SUPPORT 1
| #define USE_GNUPG_ICONV 1
| #define STDC_HEADERS 1
| #define HAVE_UNISTD_H 1
| #define HAVE_LANGINFO_H 1
| #define HAVE_TERMIO_H 1
| #define HAVE_LOCALE_H 1
| #define HAVE_GETOPT_H 1
| #define HAVE_PWD_H 1
| #define HAVE_SIGNAL_H 1
| #define RETSIGTYPE void
| #define HAVE_DECL_SYS_SIGLIST 0
| #define LITTLE_ENDIAN_HOST 1
| /* end confdefs.h.  */
| #define _GNU_SOURCE 1
|     #include <stdlib.h>
|     #include <sys/types.h>
| int
| main ()
| {
| 
|     #undef byte
|     int a = sizeof(byte);
| 
|   ;
|   return 0;
| }
configure:14506: result: no
configure:14514: checking for ushort typedef
configure:14535: gcc -c -g -O2  conftest.c >&5
configure:14535: $? = 0
configure:14543: result: yes
configure:14551: checking for ulong typedef
configure:14572: gcc -c -g -O2  conftest.c >&5
configure:14572: $? = 0
configure:14580: result: yes
configure:14588: checking for u16 typedef
configure:14609: gcc -c -g -O2  conftest.c >&5
conftest.c: In function 'main':
conftest.c:190:20: error: 'u16' undeclared (first use in this function)
  190 |     int a = sizeof(u16);
      |                    ^~~
conftest.c:190:20: note: each undeclared identifier is reported only once for each function it appears in
configure:14609: $? = 1
configure: failed program was:
| /* confdefs.h */
| #define PACKAGE_NAME "gnupg"
| #define PACKAGE_TARNAME "gnupg"
| #define PACKAGE_VERSION "1.4.13"
| #define PACKAGE_STRING "gnupg 1.4.13"
| #define PACKAGE_BUGREPORT "http://bugs.gnupg.org"
| #define PACKAGE_URL ""
| #define PACKAGE "gnupg"
| #define VERSION "1.4.13"
| #define STDC_HEADERS 1
| #define HAVE_SYS_TYPES_H 1
| #define HAVE_SYS_STAT_H 1
| #define HAVE_STDLIB_H 1
| #define HAVE_STRING_H 1
| #define HAVE_MEMORY_H 1
| #define HAVE_STRINGS_H 1
| #define HAVE_INTTYPES_H 1
| #define HAVE_STDINT_H 1
| #define HAVE_UNISTD_H 1
| #define __EXTENSIONS__ 1
| #define _ALL_SOURCE 1
| #define _GNU_SOURCE 1
| #define _POSIX_PTHREAD_SEMANTICS 1
| #define _TANDEM_SOURCE 1
| #define EGD_SOCKET_NAME ""
| #define USE_RSA 1
| #define USE_IDEA 1
| #define USE_CAST5 1
| #define USE_BLOWFISH 1
| #define USE_AES 1
| #define USE_TWOFISH 1
| #define USE_CAMELLIA 1
| #define USE_SHA256 1
| #define PK_UID_CACHE_SIZE 4096
| #define EXEEXT ""
| #define USE_DNS_SRV 1
| #define USE_DNS_PKA 1
| #define USE_DNS_CERT 1
| #define HAVE_CURL_FREE 1
| #define HAVE_CURL_EASY_ESCAPE 1
| #define HAVE_CURL_EASY_UNESCAPE 1
| #define HAVE_LIBCURL 1
| #define LIBCURL_VERNUM 0x080F00
| #define LIBCURL_FEATURE_ALT_SVC 1
| #define LIBCURL_FEATURE_ASYNCHDNS 1
| #define LIBCURL_FEATURE_HSTS 1
| #define LIBCURL_FEATURE_HTTP2 1
| #define LIBCURL_FEATURE_HTTP3 1
| #define LIBCURL_FEATURE_HTTPS_PROXY 1
| #define LIBCURL_FEATURE_IPV6 1
| #define LIBCURL_FEATURE_LARGEFILE 1
| #define LIBCURL_FEATURE_LIBZ 1
| #define LIBCURL_FEATURE_NTLM 1
| #define LIBCURL_FEATURE_PSL 1
| #define LIBCURL_FEATURE_SSL 1
| #define LIBCURL_FEATURE_THREADSAFE 1
| #define LIBCURL_FEATURE_TLS_SRP 1
| #define LIBCURL_FEATURE_UNIXSOCKETS 1
| #define LIBCURL_PROTOCOL_DICT 1
| #define LIBCURL_PROTOCOL_FILE 1
| #define LIBCURL_PROTOCOL_FTP 1
| #define LIBCURL_PROTOCOL_FTPS 1
| #define LIBCURL_PROTOCOL_GOPHER 1
| #define LIBCURL_PROTOCOL_GOPHERS 1
| #define LIBCURL_PROTOCOL_HTTP 1
| #define LIBCURL_PROTOCOL_HTTPS 1
| #define LIBCURL_PROTOCOL_IMAP 1
| #define LIBCURL_PROTOCOL_IMAPS 1
| #define LIBCURL_PROTOCOL_IPFS 1
| #define LIBCURL_PROTOCOL_IPNS 1
| #define LIBCURL_PROTOCOL_MQTT 1
| #define LIBCURL_PROTOCOL_POP3 1
| #define LIBCURL_PROTOCOL_POP3S 1
| #define LIBCURL_PROTOCOL_RTSP 1
| #define LIBCURL_PROTOCOL_SMB 1
| #define LIBCURL_PROTOCOL_SMBS 1
| #define LIBCURL_PROTOCOL_SMTP 1
| #define LIBCURL_PROTOCOL_SMTPS 1
| #define LIBCURL_PROTOCOL_TELNET 1
| #define LIBCURL_PROTOCOL_TFTP 1
| #define LIBCURL_PROTOCOL_WS 1
| #define LIBCURL_PROTOCOL_WSS 1
| #define PRINTABLE_OS_NAME "GNU/Linux"
| #define NAME_OF_DEV_RANDOM "/dev/random"
| #define NAME_OF_DEV_URANDOM "/dev/urandom"
| #define HAVE_VISIBILITY 1
| #define HAVE_STDINT_H_WITH_UINTMAX 1
| #define HAVE_ALLOCA_H 1
| #define HAVE_ALLOCA 1
| #define HAVE_STDLIB_H 1
| #define HAVE_UNISTD_H 1
| #define HAVE_SYS_PARAM_H 1
| #define HAVE_GETPAGESIZE 1
| #define HAVE_MMAP 1
| #define INTDIV0_RAISES_SIGFPE 1
| #define HAVE_INTTYPES_H_WITH_UINTMAX 1
| #define HAVE_UNSIGNED_LONG_LONG_INT 1
| #define HAVE_UINTMAX_T 1
| #define HAVE_INTTYPES_H 1
| #define USE_POSIX_THREADS 1
| #define USE_POSIX_THREADS_WEAK 1
| #define HAVE_PTHREAD_RWLOCK 1
| #define HAVE_PTHREAD_MUTEX_RECURSIVE 1
| #define HAVE_ICONV 1
| #define ICONV_CONST 
| #define HAVE_BUILTIN_EXPECT 1
| #define HAVE_ARGZ_H 1
| #define HAVE_INTTYPES_H 1
| #define HAVE_LIMITS_H 1
| #define HAVE_UNISTD_H 1
| #define HAVE_SYS_PARAM_H 1
| #define HAVE_GETCWD 1
| #define HAVE_GETEGID 1
| #define HAVE_GETEUID 1
| #define HAVE_GETGID 1
| #define HAVE_GETUID 1
| #define HAVE_MEMPCPY 1
| #define HAVE_MUNMAP 1
| #define HAVE_STPCPY 1
| #define HAVE_STRCASECMP 1
| #define HAVE_STRDUP 1
| #define HAVE_STRTOUL 1
| #define HAVE_TSEARCH 1
| #define HAVE_USELOCALE 1
| #define HAVE_ARGZ_COUNT 1
| #define HAVE_ARGZ_STRINGIFY 1
| #define HAVE_ARGZ_NEXT 1
| #define HAVE___FSETLOCKING 1
| #define HAVE_DECL_FEOF_UNLOCKED 1
| #define HAVE_DECL_FGETS_UNLOCKED 1
| #define HAVE_LONG_LONG_INT 1
| #define HAVE_WCHAR_T 1
| #define HAVE_WINT_T 1
| #define HAVE_INTMAX_T 1
| #define HAVE_POSIX_PRINTF 1
| #define HAVE_STDINT_H 1
| #define HAVE_STDINT_H 1
| #define HAVE_WORKING_O_NOATIME 1
| #define HAVE_WORKING_O_NOFOLLOW 1
| #define HAVE_STDDEF_H 1
| #define HAVE_STDLIB_H 1
| #define HAVE_STRING_H 1
| #define HAVE_ASPRINTF 1
| #define HAVE_FWPRINTF 1
| #define HAVE_NEWLOCALE 1
| #define HAVE_PUTENV 1
| #define HAVE_SETENV 1
| #define HAVE_SETLOCALE 1
| #define HAVE_SNPRINTF 1
| #define HAVE_STRNLEN 1
| #define HAVE_WCSLEN 1
| #define HAVE_WCSNLEN 1
| #define HAVE_MBRTOWC 1
| #define HAVE_WCRTOMB 1
| #define HAVE_DECL__SNPRINTF 0
| #define HAVE_DECL__SNWPRINTF 0
| #define HAVE_DECL_GETC_UNLOCKED 1
| #define HAVE_LANGINFO_CODESET 1
| #define HAVE_LC_MESSAGES 1
| #define ENABLE_NLS 1
| #define HAVE_GETTEXT 1
| #define HAVE_DCGETTEXT 1
| #define HAVE_STRCHR 1
| #define HAVE_DL_DLOPEN 1
| #define ENABLE_CARD_SUPPORT 1
| #define ENABLE_AGENT_SUPPORT 1
| #define USE_GNUPG_ICONV 1
| #define STDC_HEADERS 1
| #define HAVE_UNISTD_H 1
| #define HAVE_LANGINFO_H 1
| #define HAVE_TERMIO_H 1
| #define HAVE_LOCALE_H 1
| #define HAVE_GETOPT_H 1
| #define HAVE_PWD_H 1
| #define HAVE_SIGNAL_H 1
| #define RETSIGTYPE void
| #define HAVE_DECL_SYS_SIGLIST 0
| #define LITTLE_ENDIAN_HOST 1
| #define HAVE_USHORT_TYPEDEF 1
| #define HAVE_ULONG_TYPEDEF 1
| /* end confdefs.h.  */
| #define _GNU_SOURCE 1
|     #include <stdlib.h>
|     #include <sys/types.h>
| int
| main ()
| {
| 
|     #undef u16
|     int a = sizeof(u16);
| 
|   ;
|   return 0;
| }
configure:14617: result: no
configure:14625: checking for u32 typedef
configure:14646: gcc -c -g -O2  conftest.c >&5
conftest.c: In function 'main':
conftest.c:190:20: error: 'u32' undeclared (first use in this function)
  190 |     int a = sizeof(u32);
      |                    ^~~
conftest.c:190:20: note: each undeclared identifier is reported only once for each function it appears in
configure:14646: $? = 1
configure: failed program was:
| /* confdefs.h */
| #define PACKAGE_NAME "gnupg"
| #define PACKAGE_TARNAME "gnupg"
| #define PACKAGE_VERSION "1.4.13"
| #define PACKAGE_STRING "gnupg 1.4.13"
| #define PACKAGE_BUGREPORT "http://bugs.gnupg.org"
| #define PACKAGE_URL ""
| #define PACKAGE "gnupg"
| #define VERSION "1.4.13"
| #define STDC_HEADERS 1
| #define HAVE_SYS_TYPES_H 1
| #define HAVE_SYS_STAT_H 1
| #define HAVE_STDLIB_H 1
| #define HAVE_STRING_H 1
| #define HAVE_MEMORY_H 1
| #define HAVE_STRINGS_H 1
| #define HAVE_INTTYPES_H 1
| #define HAVE_STDINT_H 1
| #define HAVE_UNISTD_H 1
| #define __EXTENSIONS__ 1
| #define _ALL_SOURCE 1
| #define _GNU_SOURCE 1
| #define _POSIX_PTHREAD_SEMANTICS 1
| #define _TANDEM_SOURCE 1
| #define EGD_SOCKET_NAME ""
| #define USE_RSA 1
| #define USE_IDEA 1
| #define USE_CAST5 1
| #define USE_BLOWFISH 1
| #define USE_AES 1
| #define USE_TWOFISH 1
| #define USE_CAMELLIA 1
| #define USE_SHA256 1
| #define PK_UID_CACHE_SIZE 4096
| #define EXEEXT ""
| #define USE_DNS_SRV 1
| #define USE_DNS_PKA 1
| #define USE_DNS_CERT 1
| #define HAVE_CURL_FREE 1
| #define HAVE_CURL_EASY_ESCAPE 1
| #define HAVE_CURL_EASY_UNESCAPE 1
| #define HAVE_LIBCURL 1
| #define LIBCURL_VERNUM 0x080F00
| #define LIBCURL_FEATURE_ALT_SVC 1
| #define LIBCURL_FEATURE_ASYNCHDNS 1
| #define LIBCURL_FEATURE_HSTS 1
| #define LIBCURL_FEATURE_HTTP2 1
| #define LIBCURL_FEATURE_HTTP3 1
| #define LIBCURL_FEATURE_HTTPS_PROXY 1
| #define LIBCURL_FEATURE_IPV6 1
| #define LIBCURL_FEATURE_LARGEFILE 1
| #define LIBCURL_FEATURE_LIBZ 1
| #define LIBCURL_FEATURE_NTLM 1
| #define LIBCURL_FEATURE_PSL 1
| #define LIBCURL_FEATURE_SSL 1
| #define LIBCURL_FEATURE_THREADSAFE 1
| #define LIBCURL_FEATURE_TLS_SRP 1
| #define LIBCURL_FEATURE_UNIXSOCKETS 1
| #define LIBCURL_PROTOCOL_DICT 1
| #define LIBCURL_PROTOCOL_FILE 1
| #define LIBCURL_PROTOCOL_FTP 1
| #define LIBCURL_PROTOCOL_FTPS 1
| #define LIBCURL_PROTOCOL_GOPHER 1
| #define LIBCURL_PROTOCOL_GOPHERS 1
| #define LIBCURL_PROTOCOL_HTTP 1
| #define LIBCURL_PROTOCOL_HTTPS 1
| #define LIBCURL_PROTOCOL_IMAP 1
| #define LIBCURL_PROTOCOL_IMAPS 1
| #define LIBCURL_PROTOCOL_IPFS 1
| #define LIBCURL_PROTOCOL_IPNS 1
| #define LIBCURL_PROTOCOL_MQTT 1
| #define LIBCURL_PROTOCOL_POP3 1
| #define LIBCURL_PROTOCOL_POP3S 1
| #define LIBCURL_PROTOCOL_RTSP 1
| #define LIBCURL_PROTOCOL_SMB 1
| #define LIBCURL_PROTOCOL_SMBS 1
| #define LIBCURL_PROTOCOL_SMTP 1
| #define LIBCURL_PROTOCOL_SMTPS 1
| #define LIBCURL_PROTOCOL_TELNET 1
| #define LIBCURL_PROTOCOL_TFTP 1
| #define LIBCURL_PROTOCOL_WS 1
| #define LIBCURL_PROTOCOL_WSS 1
| #define PRINTABLE_OS_NAME "GNU/Linux"
| #define NAME_OF_DEV_RANDOM "/dev/random"
| #define NAME_OF_DEV_URANDOM "/dev/urandom"
| #define HAVE_VISIBILITY 1
| #define HAVE_STDINT_H_WITH_UINTMAX 1
| #define HAVE_ALLOCA_H 1
| #define HAVE_ALLOCA 1
| #define HAVE_STDLIB_H 1
| #define HAVE_UNISTD_H 1
| #define HAVE_SYS_PARAM_H 1
| #define HAVE_GETPAGESIZE 1
| #define HAVE_MMAP 1
| #define INTDIV0_RAISES_SIGFPE 1
| #define HAVE_INTTYPES_H_WITH_UINTMAX 1
| #define HAVE_UNSIGNED_LONG_LONG_INT 1
| #define HAVE_UINTMAX_T 1
| #define HAVE_INTTYPES_H 1
| #define USE_POSIX_THREADS 1
| #define USE_POSIX_THREADS_WEAK 1
| #define HAVE_PTHREAD_RWLOCK 1
| #define HAVE_PTHREAD_MUTEX_RECURSIVE 1
| #define HAVE_ICONV 1
| #define ICONV_CONST 
| #define HAVE_BUILTIN_EXPECT 1
| #define HAVE_ARGZ_H 1
| #define HAVE_INTTYPES_H 1
| #define HAVE_LIMITS_H 1
| #define HAVE_UNISTD_H 1
| #define HAVE_SYS_PARAM_H 1
| #define HAVE_GETCWD 1
| #define HAVE_GETEGID 1
| #define HAVE_GETEUID 1
| #define HAVE_GETGID 1
| #define HAVE_GETUID 1
| #define HAVE_MEMPCPY 1
| #define HAVE_MUNMAP 1
| #define HAVE_STPCPY 1
| #define HAVE_STRCASECMP 1
| #define HAVE_STRDUP 1
| #define HAVE_STRTOUL 1
| #define HAVE_TSEARCH 1
| #define HAVE_USELOCALE 1
| #define HAVE_ARGZ_COUNT 1
| #define HAVE_ARGZ_STRINGIFY 1
| #define HAVE_ARGZ_NEXT 1
| #define HAVE___FSETLOCKING 1
| #define HAVE_DECL_FEOF_UNLOCKED 1
| #define HAVE_DECL_FGETS_UNLOCKED 1
| #define HAVE_LONG_LONG_INT 1
| #define HAVE_WCHAR_T 1
| #define HAVE_WINT_T 1
| #define HAVE_INTMAX_T 1
| #define HAVE_POSIX_PRINTF 1
| #define HAVE_STDINT_H 1
| #define HAVE_STDINT_H 1
| #define HAVE_WORKING_O_NOATIME 1
| #define HAVE_WORKING_O_NOFOLLOW 1
| #define HAVE_STDDEF_H 1
| #define HAVE_STDLIB_H 1
| #define HAVE_STRING_H 1
| #define HAVE_ASPRINTF 1
| #define HAVE_FWPRINTF 1
| #define HAVE_NEWLOCALE 1
| #define HAVE_PUTENV 1
| #define HAVE_SETENV 1
| #define HAVE_SETLOCALE 1
| #define HAVE_SNPRINTF 1
| #define HAVE_STRNLEN 1
| #define HAVE_WCSLEN 1
| #define HAVE_WCSNLEN 1
| #define HAVE_MBRTOWC 1
| #define HAVE_WCRTOMB 1
| #define HAVE_DECL__SNPRINTF 0
| #define HAVE_DECL__SNWPRINTF 0
| #define HAVE_DECL_GETC_UNLOCKED 1
| #define HAVE_LANGINFO_CODESET 1
| #define HAVE_LC_MESSAGES 1
| #define ENABLE_NLS 1
| #define HAVE_GETTEXT 1
| #define HAVE_DCGETTEXT 1
| #define HAVE_STRCHR 1
| #define HAVE_DL_DLOPEN 1
| #define ENABLE_CARD_SUPPORT 1
| #define ENABLE_AGENT_SUPPORT 1
| #define USE_GNUPG_ICONV 1
| #define STDC_HEADERS 1
| #define HAVE_UNISTD_H 1
| #define HAVE_LANGINFO_H 1
| #define HAVE_TERMIO_H 1
| #define HAVE_LOCALE_H 1
| #define HAVE_GETOPT_H 1
| #define HAVE_PWD_H 1
| #define HAVE_SIGNAL_H 1
| #define RETSIGTYPE void
| #define HAVE_DECL_SYS_SIGLIST 0
| #define LITTLE_ENDIAN_HOST 1
| #define HAVE_USHORT_TYPEDEF 1
| #define HAVE_ULONG_TYPEDEF 1
| /* end confdefs.h.  */
| #define _GNU_SOURCE 1
|     #include <stdlib.h>
|     #include <sys/types.h>
| int
| main ()
| {
| 
|     #undef u32
|     int a = sizeof(u32);
| 
|   ;
|   return 0;
| }
configure:14654: result: no
configure:14667: checking size of unsigned short
configure:14672: gcc -o conftest -g -O2   conftest.c  >&5
configure:14672: $? = 0
configure:14672: ./conftest
configure:14672: $? = 0
configure:14686: result: 2
configure:14700: checking size of unsigned int
configure:14705: gcc -o conftest -g -O2   conftest.c  >&5
configure:14705: $? = 0
configure:14705: ./conftest
configure:14705: $? = 0
configure:14719: result: 4
configure:14733: checking size of unsigned long
configure:14738: gcc -o conftest -g -O2   conftest.c  >&5
configure:14738: $? = 0
configure:14738: ./conftest
configure:14738: $? = 0
configure:14752: result: 8
configure:14766: checking size of unsigned long long
configure:14771: gcc -o conftest -g -O2   conftest.c  >&5
configure:14771: $? = 0
configure:14771: ./conftest
configure:14771: $? = 0
configure:14785: result: 8
configure:14795: checking whether time.h and sys/time.h may both be included
configure:14815: gcc -c -g -O2  conftest.c >&5
configure:14815: $? = 0
configure:14822: result: yes
configure:14834: checking size of time_t
configure:14839: gcc -o conftest -g -O2   conftest.c  >&5
configure:14839: $? = 0
configure:14839: ./conftest
configure:14839: $? = 0
configure:14866: result: 8
configure:14876: checking whether time_t is unsigned
configure:14906: gcc -c -g -O2  conftest.c >&5
configure:14906: $? = 0
configure:14913: result: no
configure:14925: checking for inttypes.h
configure:14925: result: yes
configure:14935: checking for UINT64_C
configure:14952: gcc -o conftest -g -O2   conftest.c  >&5
configure:14952: $? = 0
configure:14960: result: yes
configure:14968: checking size of uint64_t
configure:14973: gcc -o conftest -g -O2   conftest.c  >&5
configure:14973: $? = 0
configure:14973: ./conftest
configure:14973: $? = 0
configure:14987: result: 8
configure:15031: checking whether getpagesize is declared
configure:15031: gcc -c -g -O2  conftest.c >&5
configure:15031: $? = 0
configure:15031: result: yes
configure:15042: checking for _LARGEFILE_SOURCE value needed for large files
configure:15061: gcc -o conftest -g -O2   conftest.c  >&5
configure:15061: $? = 0
configure:15089: result: no
configure:15112: checking for vprintf
configure:15112: gcc -o conftest -g -O2   conftest.c  >&5
conftest.c:216:6: warning: conflicting types for built-in function 'vprintf'; expected 'int(const char *, __va_list_tag *)' [-Wbuiltin-declaration-mismatch]
  216 | char vprintf ();
      |      ^~~~~~~
conftest.c:204:1: note: 'vprintf' is declared in header '<stdio.h>'
  203 | # include <limits.h>
  204 | #else
configure:15112: $? = 0
configure:15112: result: yes
configure:15118: checking for _doprnt
configure:15118: gcc -o conftest -g -O2   conftest.c  >&5
/usr/bin/ld: /tmp/cciml0Gp.o: in function `main':
/home/spirals/Documents/THESE/ENSEIGNEMENT/2025-2026/TP_Cours_Clémentine/CNP_TP_student_git/CNP_TP/src/gnupg-1.4.13/conftest.c:228:(.text.startup+0xb): undefined reference to `_doprnt'
collect2: error: ld returned 1 exit status
configure:15118: $? = 1
configure: failed program was:
| /* confdefs.h */
| #define PACKAGE_NAME "gnupg"
| #define PACKAGE_TARNAME "gnupg"
| #define PACKAGE_VERSION "1.4.13"
| #define PACKAGE_STRING "gnupg 1.4.13"
| #define PACKAGE_BUGREPORT "http://bugs.gnupg.org"
| #define PACKAGE_URL ""
| #define PACKAGE "gnupg"
| #define VERSION "1.4.13"
| #define STDC_HEADERS 1
| #define HAVE_SYS_TYPES_H 1
| #define HAVE_SYS_STAT_H 1
| #define HAVE_STDLIB_H 1
| #define HAVE_STRING_H 1
| #define HAVE_MEMORY_H 1
| #define HAVE_STRINGS_H 1
| #define HAVE_INTTYPES_H 1
| #define HAVE_STDINT_H 1
| #define HAVE_UNISTD_H 1
| #define __EXTENSIONS__ 1
| #define _ALL_SOURCE 1
| #define _GNU_SOURCE 1
| #define _POSIX_PTHREAD_SEMANTICS 1
| #define _TANDEM_SOURCE 1
| #define EGD_SOCKET_NAME ""
| #define USE_RSA 1
| #define USE_IDEA 1
| #define USE_CAST5 1
| #define USE_BLOWFISH 1
| #define USE_AES 1
| #define USE_TWOFISH 1
| #define USE_CAMELLIA 1
| #define USE_SHA256 1
| #define PK_UID_CACHE_SIZE 4096
| #define EXEEXT ""
| #define USE_DNS_SRV 1
| #define USE_DNS_PKA 1
| #define USE_DNS_CERT 1
| #define HAVE_CURL_FREE 1
| #define HAVE_CURL_EASY_ESCAPE 1
| #define HAVE_CURL_EASY_UNESCAPE 1
| #define HAVE_LIBCURL 1
| #define LIBCURL_VERNUM 0x080F00
| #define LIBCURL_FEATURE_ALT_SVC 1
| #define LIBCURL_FEATURE_ASYNCHDNS 1
| #define LIBCURL_FEATURE_HSTS 1
| #define LIBCURL_FEATURE_HTTP2 1
| #define LIBCURL_FEATURE_HTTP3 1
| #define LIBCURL_FEATURE_HTTPS_PROXY 1
| #define LIBCURL_FEATURE_IPV6 1
| #define LIBCURL_FEATURE_LARGEFILE 1
| #define LIBCURL_FEATURE_LIBZ 1
| #define LIBCURL_FEATURE_NTLM 1
| #define LIBCURL_FEATURE_PSL 1
| #define LIBCURL_FEATURE_SSL 1
| #define LIBCURL_FEATURE_THREADSAFE 1
| #define LIBCURL_FEATURE_TLS_SRP 1
| #define LIBCURL_FEATURE_UNIXSOCKETS 1
| #define LIBCURL_PROTOCOL_DICT 1
| #define LIBCURL_PROTOCOL_FILE 1
| #define LIBCURL_PROTOCOL_FTP 1
| #define LIBCURL_PROTOCOL_FTPS 1
| #define LIBCURL_PROTOCOL_GOPHER 1
| #define LIBCURL_PROTOCOL_GOPHERS 1
| #define LIBCURL_PROTOCOL_HTTP 1
| #define LIBCURL_PROTOCOL_HTTPS 1
| #define LIBCURL_PROTOCOL_IMAP 1
| #define LIBCURL_PROTOCOL_IMAPS 1
| #define LIBCURL_PROTOCOL_IPFS 1
| #define LIBCURL_PROTOCOL_IPNS 1
| #define LIBCURL_PROTOCOL_MQTT 1
| #define LIBCURL_PROTOCOL_POP3 1
| #define LIBCURL_PROTOCOL_POP3S 1
| #define LIBCURL_PROTOCOL_RTSP 1
| #define LIBCURL_PROTOCOL_SMB 1
| #define LIBCURL_PROTOCOL_SMBS 1
| #define LIBCURL_PROTOCOL_SMTP 1
| #define LIBCURL_PROTOCOL_SMTPS 1
| #define LIBCURL_PROTOCOL_TELNET 1
| #define LIBCURL_PROTOCOL_TFTP 1
| #define LIBCURL_PROTOCOL_WS 1
| #define LIBCURL_PROTOCOL_WSS 1
| #define PRINTABLE_OS_NAME "GNU/Linux"
| #define NAME_OF_DEV_RANDOM "/dev/random"
| #define NAME_OF_DEV_URANDOM "/dev/urandom"
| #define HAVE_VISIBILITY 1
| #define HAVE_STDINT_H_WITH_UINTMAX 1
| #define HAVE_ALLOCA_H 1
| #define HAVE_ALLOCA 1
| #define HAVE_STDLIB_H 1
| #define HAVE_UNISTD_H 1
| #define HAVE_SYS_PARAM_H 1
| #define HAVE_GETPAGESIZE 1
| #define HAVE_MMAP 1
| #define INTDIV0_RAISES_SIGFPE 1
| #define HAVE_INTTYPES_H_WITH_UINTMAX 1
| #define HAVE_UNSIGNED_LONG_LONG_INT 1
| #define HAVE_UINTMAX_T 1
| #define HAVE_INTTYPES_H 1
| #define USE_POSIX_THREADS 1
| #define USE_POSIX_THREADS_WEAK 1
| #define HAVE_PTHREAD_RWLOCK 1
| #define HAVE_PTHREAD_MUTEX_RECURSIVE 1
| #define HAVE_ICONV 1
| #define ICONV_CONST 
| #define HAVE_BUILTIN_EXPECT 1
| #define HAVE_ARGZ_H 1
| #define HAVE_INTTYPES_H 1
| #define HAVE_LIMITS_H 1
| #define HAVE_UNISTD_H 1
| #define HAVE_SYS_PARAM_H 1
| #define HAVE_GETCWD 1
| #define HAVE_GETEGID 1
| #define HAVE_GETEUID 1
| #define HAVE_GETGID 1
| #define HAVE_GETUID 1
| #define HAVE_MEMPCPY 1
| #define HAVE_MUNMAP 1
| #define HAVE_STPCPY 1
| #define HAVE_STRCASECMP 1
| #define HAVE_STRDUP 1
| #define HAVE_STRTOUL 1
| #define HAVE_TSEARCH 1
| #define HAVE_USELOCALE 1
| #define HAVE_ARGZ_COUNT 1
| #define HAVE_ARGZ_STRINGIFY 1
| #define HAVE_ARGZ_NEXT 1
| #define HAVE___FSETLOCKING 1
| #define HAVE_DECL_FEOF_UNLOCKED 1
| #define HAVE_DECL_FGETS_UNLOCKED 1
| #define HAVE_LONG_LONG_INT 1
| #define HAVE_WCHAR_T 1
| #define HAVE_WINT_T 1
| #define HAVE_INTMAX_T 1
| #define HAVE_POSIX_PRINTF 1
| #define HAVE_STDINT_H 1
| #define HAVE_STDINT_H 1
| #define HAVE_WORKING_O_NOATIME 1
| #define HAVE_WORKING_O_NOFOLLOW 1
| #define HAVE_STDDEF_H 1
| #define HAVE_STDLIB_H 1
| #define HAVE_STRING_H 1
| #define HAVE_ASPRINTF 1
| #define HAVE_FWPRINTF 1
| #define HAVE_NEWLOCALE 1
| #define HAVE_PUTENV 1
| #define HAVE_SETENV 1
| #define HAVE_SETLOCALE 1
| #define HAVE_SNPRINTF 1
| #define HAVE_STRNLEN 1
| #define HAVE_WCSLEN 1
| #define HAVE_WCSNLEN 1
| #define HAVE_MBRTOWC 1
| #define HAVE_WCRTOMB 1
| #define HAVE_DECL__SNPRINTF 0
| #define HAVE_DECL__SNWPRINTF 0
| #define HAVE_DECL_GETC_UNLOCKED 1
| #define HAVE_LANGINFO_CODESET 1
| #define HAVE_LC_MESSAGES 1
| #define ENABLE_NLS 1
| #define HAVE_GETTEXT 1
| #define HAVE_DCGETTEXT 1
| #define HAVE_STRCHR 1
| #define HAVE_DL_DLOPEN 1
| #define ENABLE_CARD_SUPPORT 1
| #define ENABLE_AGENT_SUPPORT 1
| #define USE_GNUPG_ICONV 1
| #define STDC_HEADERS 1
| #define HAVE_UNISTD_H 1
| #define HAVE_LANGINFO_H 1
| #define HAVE_TERMIO_H 1
| #define HAVE_LOCALE_H 1
| #define HAVE_GETOPT_H 1
| #define HAVE_PWD_H 1
| #define HAVE_SIGNAL_H 1
| #define RETSIGTYPE void
| #define HAVE_DECL_SYS_SIGLIST 0
| #define LITTLE_ENDIAN_HOST 1
| #define HAVE_USHORT_TYPEDEF 1
| #define HAVE_ULONG_TYPEDEF 1
| #define SIZEOF_UNSIGNED_SHORT 2
| #define SIZEOF_UNSIGNED_INT 4
| #define SIZEOF_UNSIGNED_LONG 8
| #define SIZEOF_UNSIGNED_LONG_LONG 8
| #define TIME_WITH_SYS_TIME 1
| #define SIZEOF_TIME_T 8
| #define HAVE_INTTYPES_H 1
| #define SIZEOF_UINT64_T 8
| #define USE_SHA512 1
| #define HAVE_DECL_GETPAGESIZE 1
| #define HAVE_FSEEKO 1
| #define HAVE_VPRINTF 1
| /* end confdefs.h.  */
| /* Define _doprnt to an innocuous variant, in case <limits.h> declares _doprnt.
|    For example, HP-UX 11i <limits.h> declares gettimeofday.  */
| #define _doprnt innocuous__doprnt
| 
| /* System header to define __stub macros and hopefully few prototypes,
|     which can conflict with char _doprnt (); below.
|     Prefer <limits.h> to <assert.h> if __STDC__ is defined, since
|     <limits.h> exists even on freestanding compilers.  */
| 
| #ifdef __STDC__
| # include <limits.h>
| #else
| # include <assert.h>
| #endif
| 
| #undef _doprnt
| 
| /* Override any GCC internal prototype to avoid an error.
|    Use char because int might match the return type of a GCC
|    builtin and then its argument prototype would still apply.  */
| #ifdef __cplusplus
| extern "C"
| #endif
| char _doprnt ();
| /* The GNU C library defines this for functions which it implements
|     to always fail with ENOSYS.  Some functions are actually named
|     something starting with __ and the normal name is an alias.  */
| #if defined __stub__doprnt || defined __stub____doprnt
| choke me
| #endif
| 
| int
| main ()
| {
| return _doprnt ();
|   ;
|   return 0;
| }
configure:15118: result: no
configure:15129: checking for pid_t
configure:15129: gcc -c -g -O2  conftest.c >&5
configure:15129: $? = 0
configure:15129: gcc -c -g -O2  conftest.c >&5
conftest.c: In function 'main':
conftest.c:230:20: error: expected expression before ')' token
  230 | if (sizeof ((pid_t)))
      |                    ^
configure:15129: $? = 1
configure: failed program was:
| /* confdefs.h */
| #define PACKAGE_NAME "gnupg"
| #define PACKAGE_TARNAME "gnupg"
| #define PACKAGE_VERSION "1.4.13"
| #define PACKAGE_STRING "gnupg 1.4.13"
| #define PACKAGE_BUGREPORT "http://bugs.gnupg.org"
| #define PACKAGE_URL ""
| #define PACKAGE "gnupg"
| #define VERSION "1.4.13"
| #define STDC_HEADERS 1
| #define HAVE_SYS_TYPES_H 1
| #define HAVE_SYS_STAT_H 1
| #define HAVE_STDLIB_H 1
| #define HAVE_STRING_H 1
| #define HAVE_MEMORY_H 1
| #define HAVE_STRINGS_H 1
| #define HAVE_INTTYPES_H 1
| #define HAVE_STDINT_H 1
| #define HAVE_UNISTD_H 1
| #define __EXTENSIONS__ 1
| #define _ALL_SOURCE 1
| #define _GNU_SOURCE 1
| #define _POSIX_PTHREAD_SEMANTICS 1
| #define _TANDEM_SOURCE 1
| #define EGD_SOCKET_NAME ""
| #define USE_RSA 1
| #define USE_IDEA 1
| #define USE_CAST5 1
| #define USE_BLOWFISH 1
| #define USE_AES 1
| #define USE_TWOFISH 1
| #define USE_CAMELLIA 1
| #define USE_SHA256 1
| #define PK_UID_CACHE_SIZE 4096
| #define EXEEXT ""
| #define USE_DNS_SRV 1
| #define USE_DNS_PKA 1
| #define USE_DNS_CERT 1
| #define HAVE_CURL_FREE 1
| #define HAVE_CURL_EASY_ESCAPE 1
| #define HAVE_CURL_EASY_UNESCAPE 1
| #define HAVE_LIBCURL 1
| #define LIBCURL_VERNUM 0x080F00
| #define LIBCURL_FEATURE_ALT_SVC 1
| #define LIBCURL_FEATURE_ASYNCHDNS 1
| #define LIBCURL_FEATURE_HSTS 1
| #define LIBCURL_FEATURE_HTTP2 1
| #define LIBCURL_FEATURE_HTTP3 1
| #define LIBCURL_FEATURE_HTTPS_PROXY 1
| #define LIBCURL_FEATURE_IPV6 1
| #define LIBCURL_FEATURE_LARGEFILE 1
| #define LIBCURL_FEATURE_LIBZ 1
| #define LIBCURL_FEATURE_NTLM 1
| #define LIBCURL_FEATURE_PSL 1
| #define LIBCURL_FEATURE_SSL 1
| #define LIBCURL_FEATURE_THREADSAFE 1
| #define LIBCURL_FEATURE_TLS_SRP 1
| #define LIBCURL_FEATURE_UNIXSOCKETS 1
| #define LIBCURL_PROTOCOL_DICT 1
| #define LIBCURL_PROTOCOL_FILE 1
| #define LIBCURL_PROTOCOL_FTP 1
| #define LIBCURL_PROTOCOL_FTPS 1
| #define LIBCURL_PROTOCOL_GOPHER 1
| #define LIBCURL_PROTOCOL_GOPHERS 1
| #define LIBCURL_PROTOCOL_HTTP 1
| #define LIBCURL_PROTOCOL_HTTPS 1
| #define LIBCURL_PROTOCOL_IMAP 1
| #define LIBCURL_PROTOCOL_IMAPS 1
| #define LIBCURL_PROTOCOL_IPFS 1
| #define LIBCURL_PROTOCOL_IPNS 1
| #define LIBCURL_PROTOCOL_MQTT 1
| #define LIBCURL_PROTOCOL_POP3 1
| #define LIBCURL_PROTOCOL_POP3S 1
| #define LIBCURL_PROTOCOL_RTSP 1
| #define LIBCURL_PROTOCOL_SMB 1
| #define LIBCURL_PROTOCOL_SMBS 1
| #define LIBCURL_PROTOCOL_SMTP 1
| #define LIBCURL_PROTOCOL_SMTPS 1
| #define LIBCURL_PROTOCOL_TELNET 1
| #define LIBCURL_PROTOCOL_TFTP 1
| #define LIBCURL_PROTOCOL_WS 1
| #define LIBCURL_PROTOCOL_WSS 1
| #define PRINTABLE_OS_NAME "GNU/Linux"
| #define NAME_OF_DEV_RANDOM "/dev/random"
| #define NAME_OF_DEV_URANDOM "/dev/urandom"
| #define HAVE_VISIBILITY 1
| #define HAVE_STDINT_H_WITH_UINTMAX 1
| #define HAVE_ALLOCA_H 1
| #define HAVE_ALLOCA 1
| #define HAVE_STDLIB_H 1
| #define HAVE_UNISTD_H 1
| #define HAVE_SYS_PARAM_H 1
| #define HAVE_GETPAGESIZE 1
| #define HAVE_MMAP 1
| #define INTDIV0_RAISES_SIGFPE 1
| #define HAVE_INTTYPES_H_WITH_UINTMAX 1
| #define HAVE_UNSIGNED_LONG_LONG_INT 1
| #define HAVE_UINTMAX_T 1
| #define HAVE_INTTYPES_H 1
| #define USE_POSIX_THREADS 1
| #define USE_POSIX_THREADS_WEAK 1
| #define HAVE_PTHREAD_RWLOCK 1
| #define HAVE_PTHREAD_MUTEX_RECURSIVE 1
| #define HAVE_ICONV 1
| #define ICONV_CONST 
| #define HAVE_BUILTIN_EXPECT 1
| #define HAVE_ARGZ_H 1
| #define HAVE_INTTYPES_H 1
| #define HAVE_LIMITS_H 1
| #define HAVE_UNISTD_H 1
| #define HAVE_SYS_PARAM_H 1
| #define HAVE_GETCWD 1
| #define HAVE_GETEGID 1
| #define HAVE_GETEUID 1
| #define HAVE_GETGID 1
| #define HAVE_GETUID 1
| #define HAVE_MEMPCPY 1
| #define HAVE_MUNMAP 1
| #define HAVE_STPCPY 1
| #define HAVE_STRCASECMP 1
| #define HAVE_STRDUP 1
| #define HAVE_STRTOUL 1
| #define HAVE_TSEARCH 1
| #define HAVE_USELOCALE 1
| #define HAVE_ARGZ_COUNT 1
| #define HAVE_ARGZ_STRINGIFY 1
| #define HAVE_ARGZ_NEXT 1
| #define HAVE___FSETLOCKING 1
| #define HAVE_DECL_FEOF_UNLOCKED 1
| #define HAVE_DECL_FGETS_UNLOCKED 1
| #define HAVE_LONG_LONG_INT 1
| #define HAVE_WCHAR_T 1
| #define HAVE_WINT_T 1
| #define HAVE_INTMAX_T 1
| #define HAVE_POSIX_PRINTF 1
| #define HAVE_STDINT_H 1
| #define HAVE_STDINT_H 1
| #define HAVE_WORKING_O_NOATIME 1
| #define HAVE_WORKING_O_NOFOLLOW 1
| #define HAVE_STDDEF_H 1
| #define HAVE_STDLIB_H 1
| #define HAVE_STRING_H 1
| #define HAVE_ASPRINTF 1
| #define HAVE_FWPRINTF 1
| #define HAVE_NEWLOCALE 1
| #define HAVE_PUTENV 1
| #define HAVE_SETENV 1
| #define HAVE_SETLOCALE 1
| #define HAVE_SNPRINTF 1
| #define HAVE_STRNLEN 1
| #define HAVE_WCSLEN 1
| #define HAVE_WCSNLEN 1
| #define HAVE_MBRTOWC 1
| #define HAVE_WCRTOMB 1
| #define HAVE_DECL__SNPRINTF 0
| #define HAVE_DECL__SNWPRINTF 0
| #define HAVE_DECL_GETC_UNLOCKED 1
| #define HAVE_LANGINFO_CODESET 1
| #define HAVE_LC_MESSAGES 1
| #define ENABLE_NLS 1
| #define HAVE_GETTEXT 1
| #define HAVE_DCGETTEXT 1
| #define HAVE_STRCHR 1
| #define HAVE_DL_DLOPEN 1
| #define ENABLE_CARD_SUPPORT 1
| #define ENABLE_AGENT_SUPPORT 1
| #define USE_GNUPG_ICONV 1
| #define STDC_HEADERS 1
| #define HAVE_UNISTD_H 1
| #define HAVE_LANGINFO_H 1
| #define HAVE_TERMIO_H 1
| #define HAVE_LOCALE_H 1
| #define HAVE_GETOPT_H 1
| #define HAVE_PWD_H 1
| #define HAVE_SIGNAL_H 1
| #define RETSIGTYPE void
| #define HAVE_DECL_SYS_SIGLIST 0
| #define LITTLE_ENDIAN_HOST 1
| #define HAVE_USHORT_TYPEDEF 1
| #define HAVE_ULONG_TYPEDEF 1
| #define SIZEOF_UNSIGNED_SHORT 2
| #define SIZEOF_UNSIGNED_INT 4
| #define SIZEOF_UNSIGNED_LONG 8
| #define SIZEOF_UNSIGNED_LONG_LONG 8
| #define TIME_WITH_SYS_TIME 1
| #define SIZEOF_TIME_T 8
| #define HAVE_INTTYPES_H 1
| #define SIZEOF_UINT64_T 8
| #define USE_SHA512 1
| #define HAVE_DECL_GETPAGESIZE 1
| #define HAVE_FSEEKO 1
| #define HAVE_VPRINTF 1
| /* end confdefs.h.  */
| #include <stdio.h>
| #ifdef HAVE_SYS_TYPES_H
| # include <sys/types.h>
| #endif
| #ifdef HAVE_SYS_STAT_H
| # include <sys/stat.h>
| #endif
| #ifdef STDC_HEADERS
| # include <stdlib.h>
| # include <stddef.h>
| #else
| # ifdef HAVE_STDLIB_H
| #  include <stdlib.h>
| # endif
| #endif
| #ifdef HAVE_STRING_H
| # if !defined STDC_HEADERS && defined HAVE_MEMORY_H
| #  include <memory.h>
| # endif
| # include <string.h>
| #endif
| #ifdef HAVE_STRINGS_H
| # include <strings.h>
| #endif
| #ifdef HAVE_INTTYPES_H
| # include <inttypes.h>
| #endif
| #ifdef HAVE_STDINT_H
| # include <stdint.h>
| #endif
| #ifdef HAVE_UNISTD_H
| # include <unistd.h>
| #endif
| int
| main ()
| {
| if (sizeof ((pid_t)))
| 	    return 0;
|   ;
|   return 0;
| }
configure:15129: result: yes
configure:15142: checking vfork.h usability
configure:15142: gcc -c -g -O2  conftest.c >&5
conftest.c:227:10: fatal error: vfork.h: No such file or directory
  227 | #include <vfork.h>
      |          ^~~~~~~~~
compilation terminated.
configure:15142: $? = 1
configure: failed program was:
| /* confdefs.h */
| #define PACKAGE_NAME "gnupg"
| #define PACKAGE_TARNAME "gnupg"
| #define PACKAGE_VERSION "1.4.13"
| #define PACKAGE_STRING "gnupg 1.4.13"
| #define PACKAGE_BUGREPORT "http://bugs.gnupg.org"
| #define PACKAGE_URL ""
| #define PACKAGE "gnupg"
| #define VERSION "1.4.13"
| #define STDC_HEADERS 1
| #define HAVE_SYS_TYPES_H 1
| #define HAVE_SYS_STAT_H 1
| #define HAVE_STDLIB_H 1
| #define HAVE_STRING_H 1
| #define HAVE_MEMORY_H 1
| #define HAVE_STRINGS_H 1
| #define HAVE_INTTYPES_H 1
| #define HAVE_STDINT_H 1
| #define HAVE_UNISTD_H 1
| #define __EXTENSIONS__ 1
| #define _ALL_SOURCE 1
| #define _GNU_SOURCE 1
| #define _POSIX_PTHREAD_SEMANTICS 1
| #define _TANDEM_SOURCE 1
| #define EGD_SOCKET_NAME ""
| #define USE_RSA 1
| #define USE_IDEA 1
| #define USE_CAST5 1
| #define USE_BLOWFISH 1
| #define USE_AES 1
| #define USE_TWOFISH 1
| #define USE_CAMELLIA 1
| #define USE_SHA256 1
| #define PK_UID_CACHE_SIZE 4096
| #define EXEEXT ""
| #define USE_DNS_SRV 1
| #define USE_DNS_PKA 1
| #define USE_DNS_CERT 1
| #define HAVE_CURL_FREE 1
| #define HAVE_CURL_EASY_ESCAPE 1
| #define HAVE_CURL_EASY_UNESCAPE 1
| #define HAVE_LIBCURL 1
| #define LIBCURL_VERNUM 0x080F00
| #define LIBCURL_FEATURE_ALT_SVC 1
| #define LIBCURL_FEATURE_ASYNCHDNS 1
| #define LIBCURL_FEATURE_HSTS 1
| #define LIBCURL_FEATURE_HTTP2 1
| #define LIBCURL_FEATURE_HTTP3 1
| #define LIBCURL_FEATURE_HTTPS_PROXY 1
| #define LIBCURL_FEATURE_IPV6 1
| #define LIBCURL_FEATURE_LARGEFILE 1
| #define LIBCURL_FEATURE_LIBZ 1
| #define LIBCURL_FEATURE_NTLM 1
| #define LIBCURL_FEATURE_PSL 1
| #define LIBCURL_FEATURE_SSL 1
| #define LIBCURL_FEATURE_THREADSAFE 1
| #define LIBCURL_FEATURE_TLS_SRP 1
| #define LIBCURL_FEATURE_UNIXSOCKETS 1
| #define LIBCURL_PROTOCOL_DICT 1
| #define LIBCURL_PROTOCOL_FILE 1
| #define LIBCURL_PROTOCOL_FTP 1
| #define LIBCURL_PROTOCOL_FTPS 1
| #define LIBCURL_PROTOCOL_GOPHER 1
| #define LIBCURL_PROTOCOL_GOPHERS 1
| #define LIBCURL_PROTOCOL_HTTP 1
| #define LIBCURL_PROTOCOL_HTTPS 1
| #define LIBCURL_PROTOCOL_IMAP 1
| #define LIBCURL_PROTOCOL_IMAPS 1
| #define LIBCURL_PROTOCOL_IPFS 1
| #define LIBCURL_PROTOCOL_IPNS 1
| #define LIBCURL_PROTOCOL_MQTT 1
| #define LIBCURL_PROTOCOL_POP3 1
| #define LIBCURL_PROTOCOL_POP3S 1
| #define LIBCURL_PROTOCOL_RTSP 1
| #define LIBCURL_PROTOCOL_SMB 1
| #define LIBCURL_PROTOCOL_SMBS 1
| #define LIBCURL_PROTOCOL_SMTP 1
| #define LIBCURL_PROTOCOL_SMTPS 1
| #define LIBCURL_PROTOCOL_TELNET 1
| #define LIBCURL_PROTOCOL_TFTP 1
| #define LIBCURL_PROTOCOL_WS 1
| #define LIBCURL_PROTOCOL_WSS 1
| #define PRINTABLE_OS_NAME "GNU/Linux"
| #define NAME_OF_DEV_RANDOM "/dev/random"
| #define NAME_OF_DEV_URANDOM "/dev/urandom"
| #define HAVE_VISIBILITY 1
| #define HAVE_STDINT_H_WITH_UINTMAX 1
| #define HAVE_ALLOCA_H 1
| #define HAVE_ALLOCA 1
| #define HAVE_STDLIB_H 1
| #define HAVE_UNISTD_H 1
| #define HAVE_SYS_PARAM_H 1
| #define HAVE_GETPAGESIZE 1
| #define HAVE_MMAP 1
| #define INTDIV0_RAISES_SIGFPE 1
| #define HAVE_INTTYPES_H_WITH_UINTMAX 1
| #define HAVE_UNSIGNED_LONG_LONG_INT 1
| #define HAVE_UINTMAX_T 1
| #define HAVE_INTTYPES_H 1
| #define USE_POSIX_THREADS 1
| #define USE_POSIX_THREADS_WEAK 1
| #define HAVE_PTHREAD_RWLOCK 1
| #define HAVE_PTHREAD_MUTEX_RECURSIVE 1
| #define HAVE_ICONV 1
| #define ICONV_CONST 
| #define HAVE_BUILTIN_EXPECT 1
| #define HAVE_ARGZ_H 1
| #define HAVE_INTTYPES_H 1
| #define HAVE_LIMITS_H 1
| #define HAVE_UNISTD_H 1
| #define HAVE_SYS_PARAM_H 1
| #define HAVE_GETCWD 1
| #define HAVE_GETEGID 1
| #define HAVE_GETEUID 1
| #define HAVE_GETGID 1
| #define HAVE_GETUID 1
| #define HAVE_MEMPCPY 1
| #define HAVE_MUNMAP 1
| #define HAVE_STPCPY 1
| #define HAVE_STRCASECMP 1
| #define HAVE_STRDUP 1
| #define HAVE_STRTOUL 1
| #define HAVE_TSEARCH 1
| #define HAVE_USELOCALE 1
| #define HAVE_ARGZ_COUNT 1
| #define HAVE_ARGZ_STRINGIFY 1
| #define HAVE_ARGZ_NEXT 1
| #define HAVE___FSETLOCKING 1
| #define HAVE_DECL_FEOF_UNLOCKED 1
| #define HAVE_DECL_FGETS_UNLOCKED 1
| #define HAVE_LONG_LONG_INT 1
| #define HAVE_WCHAR_T 1
| #define HAVE_WINT_T 1
| #define HAVE_INTMAX_T 1
| #define HAVE_POSIX_PRINTF 1
| #define HAVE_STDINT_H 1
| #define HAVE_STDINT_H 1
| #define HAVE_WORKING_O_NOATIME 1
| #define HAVE_WORKING_O_NOFOLLOW 1
| #define HAVE_STDDEF_H 1
| #define HAVE_STDLIB_H 1
| #define HAVE_STRING_H 1
| #define HAVE_ASPRINTF 1
| #define HAVE_FWPRINTF 1
| #define HAVE_NEWLOCALE 1
| #define HAVE_PUTENV 1
| #define HAVE_SETENV 1
| #define HAVE_SETLOCALE 1
| #define HAVE_SNPRINTF 1
| #define HAVE_STRNLEN 1
| #define HAVE_WCSLEN 1
| #define HAVE_WCSNLEN 1
| #define HAVE_MBRTOWC 1
| #define HAVE_WCRTOMB 1
| #define HAVE_DECL__SNPRINTF 0
| #define HAVE_DECL__SNWPRINTF 0
| #define HAVE_DECL_GETC_UNLOCKED 1
| #define HAVE_LANGINFO_CODESET 1
| #define HAVE_LC_MESSAGES 1
| #define ENABLE_NLS 1
| #define HAVE_GETTEXT 1
| #define HAVE_DCGETTEXT 1
| #define HAVE_STRCHR 1
| #define HAVE_DL_DLOPEN 1
| #define ENABLE_CARD_SUPPORT 1
| #define ENABLE_AGENT_SUPPORT 1
| #define USE_GNUPG_ICONV 1
| #define STDC_HEADERS 1
| #define HAVE_UNISTD_H 1
| #define HAVE_LANGINFO_H 1
| #define HAVE_TERMIO_H 1
| #define HAVE_LOCALE_H 1
| #define HAVE_GETOPT_H 1
| #define HAVE_PWD_H 1
| #define HAVE_SIGNAL_H 1
| #define RETSIGTYPE void
| #define HAVE_DECL_SYS_SIGLIST 0
| #define LITTLE_ENDIAN_HOST 1
| #define HAVE_USHORT_TYPEDEF 1
| #define HAVE_ULONG_TYPEDEF 1
| #define SIZEOF_UNSIGNED_SHORT 2
| #define SIZEOF_UNSIGNED_INT 4
| #define SIZEOF_UNSIGNED_LONG 8
| #define SIZEOF_UNSIGNED_LONG_LONG 8
| #define TIME_WITH_SYS_TIME 1
| #define SIZEOF_TIME_T 8
| #define HAVE_INTTYPES_H 1
| #define SIZEOF_UINT64_T 8
| #define USE_SHA512 1
| #define HAVE_DECL_GETPAGESIZE 1
| #define HAVE_FSEEKO 1
| #define HAVE_VPRINTF 1
| /* end confdefs.h.  */
| #include <stdio.h>
| #ifdef HAVE_SYS_TYPES_H
| # include <sys/types.h>
| #endif
| #ifdef HAVE_SYS_STAT_H
| # include <sys/stat.h>
| #endif
| #ifdef STDC_HEADERS
| # include <stdlib.h>
| # include <stddef.h>
| #else
| # ifdef HAVE_STDLIB_H
| #  include <stdlib.h>
| # endif
| #endif
| #ifdef HAVE_STRING_H
| # if !defined STDC_HEADERS && defined HAVE_MEMORY_H
| #  include <memory.h>
| # endif
| # include <string.h>
| #endif
| #ifdef HAVE_STRINGS_H
| # include <strings.h>
| #endif
| #ifdef HAVE_INTTYPES_H
| # include <inttypes.h>
| #endif
| #ifdef HAVE_STDINT_H
| # include <stdint.h>
| #endif
| #ifdef HAVE_UNISTD_H
| # include <unistd.h>
| #endif
| #include <vfork.h>
configure:15142: result: no
configure:15142: checking vfork.h presence
configure:15142: gcc -E  conftest.c
conftest.c:194:10: fatal error: vfork.h: No such file or directory
  194 | #include <vfork.h>
      |          ^~~~~~~~~
compilation terminated.
configure:15142: $? = 1
configure: failed program was:
| /* confdefs.h */
| #define PACKAGE_NAME "gnupg"
| #define PACKAGE_TARNAME "gnupg"
| #define PACKAGE_VERSION "1.4.13"
| #define PACKAGE_STRING "gnupg 1.4.13"
| #define PACKAGE_BUGREPORT "http://bugs.gnupg.org"
| #define PACKAGE_URL ""
| #define PACKAGE "gnupg"
| #define VERSION "1.4.13"
| #define STDC_HEADERS 1
| #define HAVE_SYS_TYPES_H 1
| #define HAVE_SYS_STAT_H 1
| #define HAVE_STDLIB_H 1
| #define HAVE_STRING_H 1
| #define HAVE_MEMORY_H 1
| #define HAVE_STRINGS_H 1
| #define HAVE_INTTYPES_H 1
| #define HAVE_STDINT_H 1
| #define HAVE_UNISTD_H 1
| #define __EXTENSIONS__ 1
| #define _ALL_SOURCE 1
| #define _GNU_SOURCE 1
| #define _POSIX_PTHREAD_SEMANTICS 1
| #define _TANDEM_SOURCE 1
| #define EGD_SOCKET_NAME ""
| #define USE_RSA 1
| #define USE_IDEA 1
| #define USE_CAST5 1
| #define USE_BLOWFISH 1
| #define USE_AES 1
| #define USE_TWOFISH 1
| #define USE_CAMELLIA 1
| #define USE_SHA256 1
| #define PK_UID_CACHE_SIZE 4096
| #define EXEEXT ""
| #define USE_DNS_SRV 1
| #define USE_DNS_PKA 1
| #define USE_DNS_CERT 1
| #define HAVE_CURL_FREE 1
| #define HAVE_CURL_EASY_ESCAPE 1
| #define HAVE_CURL_EASY_UNESCAPE 1
| #define HAVE_LIBCURL 1
| #define LIBCURL_VERNUM 0x080F00
| #define LIBCURL_FEATURE_ALT_SVC 1
| #define LIBCURL_FEATURE_ASYNCHDNS 1
| #define LIBCURL_FEATURE_HSTS 1
| #define LIBCURL_FEATURE_HTTP2 1
| #define LIBCURL_FEATURE_HTTP3 1
| #define LIBCURL_FEATURE_HTTPS_PROXY 1
| #define LIBCURL_FEATURE_IPV6 1
| #define LIBCURL_FEATURE_LARGEFILE 1
| #define LIBCURL_FEATURE_LIBZ 1
| #define LIBCURL_FEATURE_NTLM 1
| #define LIBCURL_FEATURE_PSL 1
| #define LIBCURL_FEATURE_SSL 1
| #define LIBCURL_FEATURE_THREADSAFE 1
| #define LIBCURL_FEATURE_TLS_SRP 1
| #define LIBCURL_FEATURE_UNIXSOCKETS 1
| #define LIBCURL_PROTOCOL_DICT 1
| #define LIBCURL_PROTOCOL_FILE 1
| #define LIBCURL_PROTOCOL_FTP 1
| #define LIBCURL_PROTOCOL_FTPS 1
| #define LIBCURL_PROTOCOL_GOPHER 1
| #define LIBCURL_PROTOCOL_GOPHERS 1
| #define LIBCURL_PROTOCOL_HTTP 1
| #define LIBCURL_PROTOCOL_HTTPS 1
| #define LIBCURL_PROTOCOL_IMAP 1
| #define LIBCURL_PROTOCOL_IMAPS 1
| #define LIBCURL_PROTOCOL_IPFS 1
| #define LIBCURL_PROTOCOL_IPNS 1
| #define LIBCURL_PROTOCOL_MQTT 1
| #define LIBCURL_PROTOCOL_POP3 1
| #define LIBCURL_PROTOCOL_POP3S 1
| #define LIBCURL_PROTOCOL_RTSP 1
| #define LIBCURL_PROTOCOL_SMB 1
| #define LIBCURL_PROTOCOL_SMBS 1
| #define LIBCURL_PROTOCOL_SMTP 1
| #define LIBCURL_PROTOCOL_SMTPS 1
| #define LIBCURL_PROTOCOL_TELNET 1
| #define LIBCURL_PROTOCOL_TFTP 1
| #define LIBCURL_PROTOCOL_WS 1
| #define LIBCURL_PROTOCOL_WSS 1
| #define PRINTABLE_OS_NAME "GNU/Linux"
| #define NAME_OF_DEV_RANDOM "/dev/random"
| #define NAME_OF_DEV_URANDOM "/dev/urandom"
| #define HAVE_VISIBILITY 1
| #define HAVE_STDINT_H_WITH_UINTMAX 1
| #define HAVE_ALLOCA_H 1
| #define HAVE_ALLOCA 1
| #define HAVE_STDLIB_H 1
| #define HAVE_UNISTD_H 1
| #define HAVE_SYS_PARAM_H 1
| #define HAVE_GETPAGESIZE 1
| #define HAVE_MMAP 1
| #define INTDIV0_RAISES_SIGFPE 1
| #define HAVE_INTTYPES_H_WITH_UINTMAX 1
| #define HAVE_UNSIGNED_LONG_LONG_INT 1
| #define HAVE_UINTMAX_T 1
| #define HAVE_INTTYPES_H 1
| #define USE_POSIX_THREADS 1
| #define USE_POSIX_THREADS_WEAK 1
| #define HAVE_PTHREAD_RWLOCK 1
| #define HAVE_PTHREAD_MUTEX_RECURSIVE 1
| #define HAVE_ICONV 1
| #define ICONV_CONST 
| #define HAVE_BUILTIN_EXPECT 1
| #define HAVE_ARGZ_H 1
| #define HAVE_INTTYPES_H 1
| #define HAVE_LIMITS_H 1
| #define HAVE_UNISTD_H 1
| #define HAVE_SYS_PARAM_H 1
| #define HAVE_GETCWD 1
| #define HAVE_GETEGID 1
| #define HAVE_GETEUID 1
| #define HAVE_GETGID 1
| #define HAVE_GETUID 1
| #define HAVE_MEMPCPY 1
| #define HAVE_MUNMAP 1
| #define HAVE_STPCPY 1
| #define HAVE_STRCASECMP 1
| #define HAVE_STRDUP 1
| #define HAVE_STRTOUL 1
| #define HAVE_TSEARCH 1
| #define HAVE_USELOCALE 1
| #define HAVE_ARGZ_COUNT 1
| #define HAVE_ARGZ_STRINGIFY 1
| #define HAVE_ARGZ_NEXT 1
| #define HAVE___FSETLOCKING 1
| #define HAVE_DECL_FEOF_UNLOCKED 1
| #define HAVE_DECL_FGETS_UNLOCKED 1
| #define HAVE_LONG_LONG_INT 1
| #define HAVE_WCHAR_T 1
| #define HAVE_WINT_T 1
| #define HAVE_INTMAX_T 1
| #define HAVE_POSIX_PRINTF 1
| #define HAVE_STDINT_H 1
| #define HAVE_STDINT_H 1
| #define HAVE_WORKING_O_NOATIME 1
| #define HAVE_WORKING_O_NOFOLLOW 1
| #define HAVE_STDDEF_H 1
| #define HAVE_STDLIB_H 1
| #define HAVE_STRING_H 1
| #define HAVE_ASPRINTF 1
| #define HAVE_FWPRINTF 1
| #define HAVE_NEWLOCALE 1
| #define HAVE_PUTENV 1
| #define HAVE_SETENV 1
| #define HAVE_SETLOCALE 1
| #define HAVE_SNPRINTF 1
| #define HAVE_STRNLEN 1
| #define HAVE_WCSLEN 1
| #define HAVE_WCSNLEN 1
| #define HAVE_MBRTOWC 1
| #define HAVE_WCRTOMB 1
| #define HAVE_DECL__SNPRINTF 0
| #define HAVE_DECL__SNWPRINTF 0
| #define HAVE_DECL_GETC_UNLOCKED 1
| #define HAVE_LANGINFO_CODESET 1
| #define HAVE_LC_MESSAGES 1
| #define ENABLE_NLS 1
| #define HAVE_GETTEXT 1
| #define HAVE_DCGETTEXT 1
| #define HAVE_STRCHR 1
| #define HAVE_DL_DLOPEN 1
| #define ENABLE_CARD_SUPPORT 1
| #define ENABLE_AGENT_SUPPORT 1
| #define USE_GNUPG_ICONV 1
| #define STDC_HEADERS 1
| #define HAVE_UNISTD_H 1
| #define HAVE_LANGINFO_H 1
| #define HAVE_TERMIO_H 1
| #define HAVE_LOCALE_H 1
| #define HAVE_GETOPT_H 1
| #define HAVE_PWD_H 1
| #define HAVE_SIGNAL_H 1
| #define RETSIGTYPE void
| #define HAVE_DECL_SYS_SIGLIST 0
| #define LITTLE_ENDIAN_HOST 1
| #define HAVE_USHORT_TYPEDEF 1
| #define HAVE_ULONG_TYPEDEF 1
| #define SIZEOF_UNSIGNED_SHORT 2
| #define SIZEOF_UNSIGNED_INT 4
| #define SIZEOF_UNSIGNED_LONG 8
| #define SIZEOF_UNSIGNED_LONG_LONG 8
| #define TIME_WITH_SYS_TIME 1
| #define SIZEOF_TIME_T 8
| #define HAVE_INTTYPES_H 1
| #define SIZEOF_UINT64_T 8
| #define USE_SHA512 1
| #define HAVE_DECL_GETPAGESIZE 1
| #define HAVE_FSEEKO 1
| #define HAVE_VPRINTF 1
| /* end confdefs.h.  */
| #include <vfork.h>
configure:15142: result: no
configure:15142: checking for vfork.h
configure:15142: result: no
configure:15155: checking for fork
configure:15155: gcc -o conftest -g -O2   conftest.c  >&5
conftest.c:217:6: warning: conflicting types for built-in function 'fork'; expected 'int(void)' [-Wbuiltin-declaration-mismatch]
  217 | char fork ();
      |      ^~~~
configure:15155: $? = 0
configure:15155: result: yes
configure:15155: checking for vfork
configure:15155: gcc -o conftest -g -O2   conftest.c  >&5
configure:15155: $? = 0
configure:15155: result: yes
configure:15165: checking for working fork
configure:15187: gcc -o conftest -g -O2   conftest.c  >&5
configure:15187: $? = 0
configure:15187: ./conftest
configure:15187: $? = 0
configure:15197: result: yes
configure:15218: checking for working vfork
configure:15328: result: yes
configure:15356: checking for strerror
configure:15356: gcc -o conftest -g -O2   conftest.c  >&5
configure:15356: $? = 0
configure:15356: result: yes
configure:15356: checking for stpcpy
configure:15356: result: yes
configure:15356: checking for strlwr
configure:15356: gcc -o conftest -g -O2   conftest.c  >&5
/usr/bin/ld: /tmp/cc6firuR.o: in function `main':
/home/spirals/Documents/THESE/ENSEIGNEMENT/2025-2026/TP_Cours_Clémentine/CNP_TP_student_git/CNP_TP/src/gnupg-1.4.13/conftest.c:234:(.text.startup+0xb): undefined reference to `strlwr'
collect2: error: ld returned 1 exit status
configure:15356: $? = 1
configure: failed program was:
| /* confdefs.h */
| #define PACKAGE_NAME "gnupg"
| #define PACKAGE_TARNAME "gnupg"
| #define PACKAGE_VERSION "1.4.13"
| #define PACKAGE_STRING "gnupg 1.4.13"
| #define PACKAGE_BUGREPORT "http://bugs.gnupg.org"
| #define PACKAGE_URL ""
| #define PACKAGE "gnupg"
| #define VERSION "1.4.13"
| #define STDC_HEADERS 1
| #define HAVE_SYS_TYPES_H 1
| #define HAVE_SYS_STAT_H 1
| #define HAVE_STDLIB_H 1
| #define HAVE_STRING_H 1
| #define HAVE_MEMORY_H 1
| #define HAVE_STRINGS_H 1
| #define HAVE_INTTYPES_H 1
| #define HAVE_STDINT_H 1
| #define HAVE_UNISTD_H 1
| #define __EXTENSIONS__ 1
| #define _ALL_SOURCE 1
| #define _GNU_SOURCE 1
| #define _POSIX_PTHREAD_SEMANTICS 1
| #define _TANDEM_SOURCE 1
| #define EGD_SOCKET_NAME ""
| #define USE_RSA 1
| #define USE_IDEA 1
| #define USE_CAST5 1
| #define USE_BLOWFISH 1
| #define USE_AES 1
| #define USE_TWOFISH 1
| #define USE_CAMELLIA 1
| #define USE_SHA256 1
| #define PK_UID_CACHE_SIZE 4096
| #define EXEEXT ""
| #define USE_DNS_SRV 1
| #define USE_DNS_PKA 1
| #define USE_DNS_CERT 1
| #define HAVE_CURL_FREE 1
| #define HAVE_CURL_EASY_ESCAPE 1
| #define HAVE_CURL_EASY_UNESCAPE 1
| #define HAVE_LIBCURL 1
| #define LIBCURL_VERNUM 0x080F00
| #define LIBCURL_FEATURE_ALT_SVC 1
| #define LIBCURL_FEATURE_ASYNCHDNS 1
| #define LIBCURL_FEATURE_HSTS 1
| #define LIBCURL_FEATURE_HTTP2 1
| #define LIBCURL_FEATURE_HTTP3 1
| #define LIBCURL_FEATURE_HTTPS_PROXY 1
| #define LIBCURL_FEATURE_IPV6 1
| #define LIBCURL_FEATURE_LARGEFILE 1
| #define LIBCURL_FEATURE_LIBZ 1
| #define LIBCURL_FEATURE_NTLM 1
| #define LIBCURL_FEATURE_PSL 1
| #define LIBCURL_FEATURE_SSL 1
| #define LIBCURL_FEATURE_THREADSAFE 1
| #define LIBCURL_FEATURE_TLS_SRP 1
| #define LIBCURL_FEATURE_UNIXSOCKETS 1
| #define LIBCURL_PROTOCOL_DICT 1
| #define LIBCURL_PROTOCOL_FILE 1
| #define LIBCURL_PROTOCOL_FTP 1
| #define LIBCURL_PROTOCOL_FTPS 1
| #define LIBCURL_PROTOCOL_GOPHER 1
| #define LIBCURL_PROTOCOL_GOPHERS 1
| #define LIBCURL_PROTOCOL_HTTP 1
| #define LIBCURL_PROTOCOL_HTTPS 1
| #define LIBCURL_PROTOCOL_IMAP 1
| #define LIBCURL_PROTOCOL_IMAPS 1
| #define LIBCURL_PROTOCOL_IPFS 1
| #define LIBCURL_PROTOCOL_IPNS 1
| #define LIBCURL_PROTOCOL_MQTT 1
| #define LIBCURL_PROTOCOL_POP3 1
| #define LIBCURL_PROTOCOL_POP3S 1
| #define LIBCURL_PROTOCOL_RTSP 1
| #define LIBCURL_PROTOCOL_SMB 1
| #define LIBCURL_PROTOCOL_SMBS 1
| #define LIBCURL_PROTOCOL_SMTP 1
| #define LIBCURL_PROTOCOL_SMTPS 1
| #define LIBCURL_PROTOCOL_TELNET 1
| #define LIBCURL_PROTOCOL_TFTP 1
| #define LIBCURL_PROTOCOL_WS 1
| #define LIBCURL_PROTOCOL_WSS 1
| #define PRINTABLE_OS_NAME "GNU/Linux"
| #define NAME_OF_DEV_RANDOM "/dev/random"
| #define NAME_OF_DEV_URANDOM "/dev/urandom"
| #define HAVE_VISIBILITY 1
| #define HAVE_STDINT_H_WITH_UINTMAX 1
| #define HAVE_ALLOCA_H 1
| #define HAVE_ALLOCA 1
| #define HAVE_STDLIB_H 1
| #define HAVE_UNISTD_H 1
| #define HAVE_SYS_PARAM_H 1
| #define HAVE_GETPAGESIZE 1
| #define HAVE_MMAP 1
| #define INTDIV0_RAISES_SIGFPE 1
| #define HAVE_INTTYPES_H_WITH_UINTMAX 1
| #define HAVE_UNSIGNED_LONG_LONG_INT 1
| #define HAVE_UINTMAX_T 1
| #define HAVE_INTTYPES_H 1
| #define USE_POSIX_THREADS 1
| #define USE_POSIX_THREADS_WEAK 1
| #define HAVE_PTHREAD_RWLOCK 1
| #define HAVE_PTHREAD_MUTEX_RECURSIVE 1
| #define HAVE_ICONV 1
| #define ICONV_CONST 
| #define HAVE_BUILTIN_EXPECT 1
| #define HAVE_ARGZ_H 1
| #define HAVE_INTTYPES_H 1
| #define HAVE_LIMITS_H 1
| #define HAVE_UNISTD_H 1
| #define HAVE_SYS_PARAM_H 1
| #define HAVE_GETCWD 1
| #define HAVE_GETEGID 1
| #define HAVE_GETEUID 1
| #define HAVE_GETGID 1
| #define HAVE_GETUID 1
| #define HAVE_MEMPCPY 1
| #define HAVE_MUNMAP 1
| #define HAVE_STPCPY 1
| #define HAVE_STRCASECMP 1
| #define HAVE_STRDUP 1
| #define HAVE_STRTOUL 1
| #define HAVE_TSEARCH 1
| #define HAVE_USELOCALE 1
| #define HAVE_ARGZ_COUNT 1
| #define HAVE_ARGZ_STRINGIFY 1
| #define HAVE_ARGZ_NEXT 1
| #define HAVE___FSETLOCKING 1
| #define HAVE_DECL_FEOF_UNLOCKED 1
| #define HAVE_DECL_FGETS_UNLOCKED 1
| #define HAVE_LONG_LONG_INT 1
| #define HAVE_WCHAR_T 1
| #define HAVE_WINT_T 1
| #define HAVE_INTMAX_T 1
| #define HAVE_POSIX_PRINTF 1
| #define HAVE_STDINT_H 1
| #define HAVE_STDINT_H 1
| #define HAVE_WORKING_O_NOATIME 1
| #define HAVE_WORKING_O_NOFOLLOW 1
| #define HAVE_STDDEF_H 1
| #define HAVE_STDLIB_H 1
| #define HAVE_STRING_H 1
| #define HAVE_ASPRINTF 1
| #define HAVE_FWPRINTF 1
| #define HAVE_NEWLOCALE 1
| #define HAVE_PUTENV 1
| #define HAVE_SETENV 1
| #define HAVE_SETLOCALE 1
| #define HAVE_SNPRINTF 1
| #define HAVE_STRNLEN 1
| #define HAVE_WCSLEN 1
| #define HAVE_WCSNLEN 1
| #define HAVE_MBRTOWC 1
| #define HAVE_WCRTOMB 1
| #define HAVE_DECL__SNPRINTF 0
| #define HAVE_DECL__SNWPRINTF 0
| #define HAVE_DECL_GETC_UNLOCKED 1
| #define HAVE_LANGINFO_CODESET 1
| #define HAVE_LC_MESSAGES 1
| #define ENABLE_NLS 1
| #define HAVE_GETTEXT 1
| #define HAVE_DCGETTEXT 1
| #define HAVE_STRCHR 1
| #define HAVE_DL_DLOPEN 1
| #define ENABLE_CARD_SUPPORT 1
| #define ENABLE_AGENT_SUPPORT 1
| #define USE_GNUPG_ICONV 1
| #define STDC_HEADERS 1
| #define HAVE_UNISTD_H 1
| #define HAVE_LANGINFO_H 1
| #define HAVE_TERMIO_H 1
| #define HAVE_LOCALE_H 1
| #define HAVE_GETOPT_H 1
| #define HAVE_PWD_H 1
| #define HAVE_SIGNAL_H 1
| #define RETSIGTYPE void
| #define HAVE_DECL_SYS_SIGLIST 0
| #define LITTLE_ENDIAN_HOST 1
| #define HAVE_USHORT_TYPEDEF 1
| #define HAVE_ULONG_TYPEDEF 1
| #define SIZEOF_UNSIGNED_SHORT 2
| #define SIZEOF_UNSIGNED_INT 4
| #define SIZEOF_UNSIGNED_LONG 8
| #define SIZEOF_UNSIGNED_LONG_LONG 8
| #define TIME_WITH_SYS_TIME 1
| #define SIZEOF_TIME_T 8
| #define HAVE_INTTYPES_H 1
| #define SIZEOF_UINT64_T 8
| #define USE_SHA512 1
| #define HAVE_DECL_GETPAGESIZE 1
| #define HAVE_FSEEKO 1
| #define HAVE_VPRINTF 1
| #define HAVE_FORK 1
| #define HAVE_VFORK 1
| #define HAVE_WORKING_VFORK 1
| #define HAVE_WORKING_FORK 1
| #define HAVE_STRERROR 1
| #define HAVE_STPCPY 1
| /* end confdefs.h.  */
| /* Define strlwr to an innocuous variant, in case <limits.h> declares strlwr.
|    For example, HP-UX 11i <limits.h> declares gettimeofday.  */
| #define strlwr innocuous_strlwr
| 
| /* System header to define __stub macros and hopefully few prototypes,
|     which can conflict with char strlwr (); below.
|     Prefer <limits.h> to <assert.h> if __STDC__ is defined, since
|     <limits.h> exists even on freestanding compilers.  */
| 
| #ifdef __STDC__
| # include <limits.h>
| #else
| # include <assert.h>
| #endif
| 
| #undef strlwr
| 
| /* Override any GCC internal prototype to avoid an error.
|    Use char because int might match the return type of a GCC
|    builtin and then its argument prototype would still apply.  */
| #ifdef __cplusplus
| extern "C"
| #endif
| char strlwr ();
| /* The GNU C library defines this for functions which it implements
|     to always fail with ENOSYS.  Some functions are actually named
|     something starting with __ and the normal name is an alias.  */
| #if defined __stub_strlwr || defined __stub___strlwr
| choke me
| #endif
| 
| int
| main ()
| {
| return strlwr ();
|   ;
|   return 0;
| }
configure:15356: result: no
configure:15356: checking for tcgetattr
configure:15356: gcc -o conftest -g -O2   conftest.c  >&5
configure:15356: $? = 0
configure:15356: result: yes
configure:15356: checking for strtoul
configure:15356: result: yes
configure:15356: checking for mmap
configure:15356: gcc -o conftest -g -O2   conftest.c  >&5
configure:15356: $? = 0
configure:15356: result: yes
configure:15356: checking for sysconf
configure:15356: gcc -o conftest -g -O2   conftest.c  >&5
configure:15356: $? = 0
configure:15356: result: yes
configure:15368: checking for strcasecmp
configure:15368: result: yes
configure:15368: checking for strncasecmp
configure:15368: gcc -o conftest -g -O2   conftest.c  >&5
conftest.c:228:6: warning: conflicting types for built-in function 'strncasecmp'; expected 'int(const char *, const char *, long unsigned int)' [-Wbuiltin-declaration-mismatch]
  228 | char strncasecmp ();
      |      ^~~~~~~~~~~
configure:15368: $? = 0
configure:15368: result: yes
configure:15368: checking for ctermid
configure:15368: gcc -o conftest -g -O2   conftest.c  >&5
configure:15368: $? = 0
configure:15368: result: yes
configure:15368: checking for times
configure:15368: gcc -o conftest -g -O2   conftest.c  >&5
configure:15368: $? = 0
configure:15368: result: yes
configure:15368: checking for unsetenv
configure:15368: gcc -o conftest -g -O2   conftest.c  >&5
configure:15368: $? = 0
configure:15368: result: yes
configure:15368: checking for getpwnam
configure:15368: gcc -o conftest -g -O2   conftest.c  >&5
configure:15368: $? = 0
configure:15368: result: yes
configure:15368: checking for getpwuid
configure:15368: gcc -o conftest -g -O2   conftest.c  >&5
configure:15368: $? = 0
configure:15368: result: yes
configure:15380: checking for memmove
configure:15380: gcc -o conftest -g -O2   conftest.c  >&5
conftest.c:234:6: warning: conflicting types for built-in function 'memmove'; expected 'void *(void *, const void *, long unsigned int)' [-Wbuiltin-declaration-mismatch]
  234 | char memmove ();
      |      ^~~~~~~
conftest.c:222:1: note: 'memmove' is declared in header '<string.h>'
  221 | # include <limits.h>
  222 | #else
configure:15380: $? = 0
configure:15380: result: yes
configure:15380: checking for gettimeofday
configure:15380: gcc -o conftest -g -O2   conftest.c  >&5
configure:15380: $? = 0
configure:15380: result: yes
configure:15380: checking for getrusage
configure:15380: gcc -o conftest -g -O2   conftest.c  >&5
configure:15380: $? = 0
configure:15380: result: yes
configure:15380: checking for setrlimit
configure:15380: gcc -o conftest -g -O2   conftest.c  >&5
configure:15380: $? = 0
configure:15380: result: yes
configure:15380: checking for clock_gettime
configure:15380: gcc -o conftest -g -O2   conftest.c  >&5
configure:15380: $? = 0
configure:15380: result: yes
configure:15392: checking for atexit
configure:15392: gcc -o conftest -g -O2   conftest.c  >&5
configure:15392: $? = 0
configure:15392: result: yes
configure:15392: checking for raise
configure:15392: gcc -o conftest -g -O2   conftest.c  >&5
configure:15392: $? = 0
configure:15392: result: yes
configure:15392: checking for getpagesize
configure:15392: result: yes
configure:15392: checking for strftime
configure:15392: gcc -o conftest -g -O2   conftest.c  >&5
conftest.c:242:6: warning: conflicting types for built-in function 'strftime'; expected 'long unsigned int(char *, long unsigned int,  const char *, const void *)' [-Wbuiltin-declaration-mismatch]
  242 | char strftime ();
      |      ^~~~~~~~
conftest.c:230:1: note: 'strftime' is declared in header '<time.h>'
  229 | # include <limits.h>
  230 | #else
configure:15392: $? = 0
configure:15392: result: yes
configure:15392: checking for nl_langinfo
configure:15392: gcc -o conftest -g -O2   conftest.c  >&5
configure:15392: $? = 0
configure:15392: result: yes
configure:15392: checking for setlocale
configure:15392: result: yes
configure:15404: checking for waitpid
configure:15404: gcc -o conftest -g -O2   conftest.c  >&5
configure:15404: $? = 0
configure:15404: result: yes
configure:15404: checking for wait4
configure:15404: gcc -o conftest -g -O2   conftest.c  >&5
configure:15404: $? = 0
configure:15404: result: yes
configure:15404: checking for sigaction
configure:15404: gcc -o conftest -g -O2   conftest.c  >&5
configure:15404: $? = 0
configure:15404: result: yes
configure:15404: checking for sigprocmask
configure:15404: gcc -o conftest -g -O2   conftest.c  >&5
configure:15404: $? = 0
configure:15404: result: yes
configure:15404: checking for rand
configure:15404: gcc -o conftest -g -O2   conftest.c  >&5
configure:15404: $? = 0
configure:15404: result: yes
configure:15404: checking for pipe
configure:15404: gcc -o conftest -g -O2   conftest.c  >&5
configure:15404: $? = 0
configure:15404: result: yes
configure:15404: checking for stat
configure:15404: gcc -o conftest -g -O2   conftest.c  >&5
configure:15404: $? = 0
configure:15404: result: yes
configure:15404: checking for getaddrinfo
configure:15404: gcc -o conftest -g -O2   conftest.c  >&5
configure:15404: $? = 0
configure:15404: result: yes
configure:15416: checking for fcntl
configure:15416: gcc -o conftest -g -O2   conftest.c  >&5
configure:15416: $? = 0
configure:15416: result: yes
configure:15416: checking for ftruncate
configure:15416: gcc -o conftest -g -O2   conftest.c  >&5
configure:15416: $? = 0
configure:15416: result: yes
configure:15416: checking for inet_ntop
configure:15416: gcc -o conftest -g -O2   conftest.c  >&5
configure:15416: $? = 0
configure:15416: result: yes
configure:15425: checking for mkdtemp
configure:15425: gcc -o conftest -g -O2   conftest.c  >&5
configure:15425: $? = 0
configure:15425: result: yes
configure:15438: checking for timegm
configure:15438: gcc -o conftest -g -O2   conftest.c  >&5
configure:15438: $? = 0
configure:15438: result: yes
configure:15451: checking for isascii
configure:15451: gcc -o conftest -g -O2   conftest.c  >&5
conftest.c:258:6: warning: conflicting types for built-in function 'isascii'; expected 'int(int)' [-Wbuiltin-declaration-mismatch]
  258 | char isascii ();
      |      ^~~~~~~
configure:15451: $? = 0
configure:15451: result: yes
configure:15464: checking for memrchr
configure:15464: gcc -o conftest -g -O2   conftest.c  >&5
configure:15464: $? = 0
configure:15464: result: yes
configure:15477: checking for strsep
configure:15477: gcc -o conftest -g -O2   conftest.c  >&5
configure:15477: $? = 0
configure:15477: result: yes
configure:15492: checking for struct sigaction
configure:15492: gcc -c -g -O2  conftest.c >&5
configure:15492: $? = 0
configure:15492: gcc -c -g -O2  conftest.c >&5
conftest.c: In function 'main':
conftest.c:243:31: error: expected expression before ')' token
  243 | if (sizeof ((struct sigaction)))
      |                               ^
configure:15492: $? = 1
configure: failed program was:
| /* confdefs.h */
| #define PACKAGE_NAME "gnupg"
| #define PACKAGE_TARNAME "gnupg"
| #define PACKAGE_VERSION "1.4.13"
| #define PACKAGE_STRING "gnupg 1.4.13"
| #define PACKAGE_BUGREPORT "http://bugs.gnupg.org"
| #define PACKAGE_URL ""
| #define PACKAGE "gnupg"
| #define VERSION "1.4.13"
| #define STDC_HEADERS 1
| #define HAVE_SYS_TYPES_H 1
| #define HAVE_SYS_STAT_H 1
| #define HAVE_STDLIB_H 1
| #define HAVE_STRING_H 1
| #define HAVE_MEMORY_H 1
| #define HAVE_STRINGS_H 1
| #define HAVE_INTTYPES_H 1
| #define HAVE_STDINT_H 1
| #define HAVE_UNISTD_H 1
| #define __EXTENSIONS__ 1
| #define _ALL_SOURCE 1
| #define _GNU_SOURCE 1
| #define _POSIX_PTHREAD_SEMANTICS 1
| #define _TANDEM_SOURCE 1
| #define EGD_SOCKET_NAME ""
| #define USE_RSA 1
| #define USE_IDEA 1
| #define USE_CAST5 1
| #define USE_BLOWFISH 1
| #define USE_AES 1
| #define USE_TWOFISH 1
| #define USE_CAMELLIA 1
| #define USE_SHA256 1
| #define PK_UID_CACHE_SIZE 4096
| #define EXEEXT ""
| #define USE_DNS_SRV 1
| #define USE_DNS_PKA 1
| #define USE_DNS_CERT 1
| #define HAVE_CURL_FREE 1
| #define HAVE_CURL_EASY_ESCAPE 1
| #define HAVE_CURL_EASY_UNESCAPE 1
| #define HAVE_LIBCURL 1
| #define LIBCURL_VERNUM 0x080F00
| #define LIBCURL_FEATURE_ALT_SVC 1
| #define LIBCURL_FEATURE_ASYNCHDNS 1
| #define LIBCURL_FEATURE_HSTS 1
| #define LIBCURL_FEATURE_HTTP2 1
| #define LIBCURL_FEATURE_HTTP3 1
| #define LIBCURL_FEATURE_HTTPS_PROXY 1
| #define LIBCURL_FEATURE_IPV6 1
| #define LIBCURL_FEATURE_LARGEFILE 1
| #define LIBCURL_FEATURE_LIBZ 1
| #define LIBCURL_FEATURE_NTLM 1
| #define LIBCURL_FEATURE_PSL 1
| #define LIBCURL_FEATURE_SSL 1
| #define LIBCURL_FEATURE_THREADSAFE 1
| #define LIBCURL_FEATURE_TLS_SRP 1
| #define LIBCURL_FEATURE_UNIXSOCKETS 1
| #define LIBCURL_PROTOCOL_DICT 1
| #define LIBCURL_PROTOCOL_FILE 1
| #define LIBCURL_PROTOCOL_FTP 1
| #define LIBCURL_PROTOCOL_FTPS 1
| #define LIBCURL_PROTOCOL_GOPHER 1
| #define LIBCURL_PROTOCOL_GOPHERS 1
| #define LIBCURL_PROTOCOL_HTTP 1
| #define LIBCURL_PROTOCOL_HTTPS 1
| #define LIBCURL_PROTOCOL_IMAP 1
| #define LIBCURL_PROTOCOL_IMAPS 1
| #define LIBCURL_PROTOCOL_IPFS 1
| #define LIBCURL_PROTOCOL_IPNS 1
| #define LIBCURL_PROTOCOL_MQTT 1
| #define LIBCURL_PROTOCOL_POP3 1
| #define LIBCURL_PROTOCOL_POP3S 1
| #define LIBCURL_PROTOCOL_RTSP 1
| #define LIBCURL_PROTOCOL_SMB 1
| #define LIBCURL_PROTOCOL_SMBS 1
| #define LIBCURL_PROTOCOL_SMTP 1
| #define LIBCURL_PROTOCOL_SMTPS 1
| #define LIBCURL_PROTOCOL_TELNET 1
| #define LIBCURL_PROTOCOL_TFTP 1
| #define LIBCURL_PROTOCOL_WS 1
| #define LIBCURL_PROTOCOL_WSS 1
| #define PRINTABLE_OS_NAME "GNU/Linux"
| #define NAME_OF_DEV_RANDOM "/dev/random"
| #define NAME_OF_DEV_URANDOM "/dev/urandom"
| #define HAVE_VISIBILITY 1
| #define HAVE_STDINT_H_WITH_UINTMAX 1
| #define HAVE_ALLOCA_H 1
| #define HAVE_ALLOCA 1
| #define HAVE_STDLIB_H 1
| #define HAVE_UNISTD_H 1
| #define HAVE_SYS_PARAM_H 1
| #define HAVE_GETPAGESIZE 1
| #define HAVE_MMAP 1
| #define INTDIV0_RAISES_SIGFPE 1
| #define HAVE_INTTYPES_H_WITH_UINTMAX 1
| #define HAVE_UNSIGNED_LONG_LONG_INT 1
| #define HAVE_UINTMAX_T 1
| #define HAVE_INTTYPES_H 1
| #define USE_POSIX_THREADS 1
| #define USE_POSIX_THREADS_WEAK 1
| #define HAVE_PTHREAD_RWLOCK 1
| #define HAVE_PTHREAD_MUTEX_RECURSIVE 1
| #define HAVE_ICONV 1
| #define ICONV_CONST 
| #define HAVE_BUILTIN_EXPECT 1
| #define HAVE_ARGZ_H 1
| #define HAVE_INTTYPES_H 1
| #define HAVE_LIMITS_H 1
| #define HAVE_UNISTD_H 1
| #define HAVE_SYS_PARAM_H 1
| #define HAVE_GETCWD 1
| #define HAVE_GETEGID 1
| #define HAVE_GETEUID 1
| #define HAVE_GETGID 1
| #define HAVE_GETUID 1
| #define HAVE_MEMPCPY 1
| #define HAVE_MUNMAP 1
| #define HAVE_STPCPY 1
| #define HAVE_STRCASECMP 1
| #define HAVE_STRDUP 1
| #define HAVE_STRTOUL 1
| #define HAVE_TSEARCH 1
| #define HAVE_USELOCALE 1
| #define HAVE_ARGZ_COUNT 1
| #define HAVE_ARGZ_STRINGIFY 1
| #define HAVE_ARGZ_NEXT 1
| #define HAVE___FSETLOCKING 1
| #define HAVE_DECL_FEOF_UNLOCKED 1
| #define HAVE_DECL_FGETS_UNLOCKED 1
| #define HAVE_LONG_LONG_INT 1
| #define HAVE_WCHAR_T 1
| #define HAVE_WINT_T 1
| #define HAVE_INTMAX_T 1
| #define HAVE_POSIX_PRINTF 1
| #define HAVE_STDINT_H 1
| #define HAVE_STDINT_H 1
| #define HAVE_WORKING_O_NOATIME 1
| #define HAVE_WORKING_O_NOFOLLOW 1
| #define HAVE_STDDEF_H 1
| #define HAVE_STDLIB_H 1
| #define HAVE_STRING_H 1
| #define HAVE_ASPRINTF 1
| #define HAVE_FWPRINTF 1
| #define HAVE_NEWLOCALE 1
| #define HAVE_PUTENV 1
| #define HAVE_SETENV 1
| #define HAVE_SETLOCALE 1
| #define HAVE_SNPRINTF 1
| #define HAVE_STRNLEN 1
| #define HAVE_WCSLEN 1
| #define HAVE_WCSNLEN 1
| #define HAVE_MBRTOWC 1
| #define HAVE_WCRTOMB 1
| #define HAVE_DECL__SNPRINTF 0
| #define HAVE_DECL__SNWPRINTF 0
| #define HAVE_DECL_GETC_UNLOCKED 1
| #define HAVE_LANGINFO_CODESET 1
| #define HAVE_LC_MESSAGES 1
| #define ENABLE_NLS 1
| #define HAVE_GETTEXT 1
| #define HAVE_DCGETTEXT 1
| #define HAVE_STRCHR 1
| #define HAVE_DL_DLOPEN 1
| #define ENABLE_CARD_SUPPORT 1
| #define ENABLE_AGENT_SUPPORT 1
| #define USE_GNUPG_ICONV 1
| #define STDC_HEADERS 1
| #define HAVE_UNISTD_H 1
| #define HAVE_LANGINFO_H 1
| #define HAVE_TERMIO_H 1
| #define HAVE_LOCALE_H 1
| #define HAVE_GETOPT_H 1
| #define HAVE_PWD_H 1
| #define HAVE_SIGNAL_H 1
| #define RETSIGTYPE void
| #define HAVE_DECL_SYS_SIGLIST 0
| #define LITTLE_ENDIAN_HOST 1
| #define HAVE_USHORT_TYPEDEF 1
| #define HAVE_ULONG_TYPEDEF 1
| #define SIZEOF_UNSIGNED_SHORT 2
| #define SIZEOF_UNSIGNED_INT 4
| #define SIZEOF_UNSIGNED_LONG 8
| #define SIZEOF_UNSIGNED_LONG_LONG 8
| #define TIME_WITH_SYS_TIME 1
| #define SIZEOF_TIME_T 8
| #define HAVE_INTTYPES_H 1
| #define SIZEOF_UINT64_T 8
| #define USE_SHA512 1
| #define HAVE_DECL_GETPAGESIZE 1
| #define HAVE_FSEEKO 1
| #define HAVE_VPRINTF 1
| #define HAVE_FORK 1
| #define HAVE_VFORK 1
| #define HAVE_WORKING_VFORK 1
| #define HAVE_WORKING_FORK 1
| #define HAVE_STRERROR 1
| #define HAVE_STPCPY 1
| #define HAVE_TCGETATTR 1
| #define HAVE_STRTOUL 1
| #define HAVE_MMAP 1
| #define HAVE_SYSCONF 1
| #define HAVE_STRCASECMP 1
| #define HAVE_STRNCASECMP 1
| #define HAVE_CTERMID 1
| #define HAVE_TIMES 1
| #define HAVE_UNSETENV 1
| #define HAVE_GETPWNAM 1
| #define HAVE_GETPWUID 1
| #define HAVE_MEMMOVE 1
| #define HAVE_GETTIMEOFDAY 1
| #define HAVE_GETRUSAGE 1
| #define HAVE_SETRLIMIT 1
| #define HAVE_CLOCK_GETTIME 1
| #define HAVE_ATEXIT 1
| #define HAVE_RAISE 1
| #define HAVE_GETPAGESIZE 1
| #define HAVE_STRFTIME 1
| #define HAVE_NL_LANGINFO 1
| #define HAVE_SETLOCALE 1
| #define HAVE_WAITPID 1
| #define HAVE_WAIT4 1
| #define HAVE_SIGACTION 1
| #define HAVE_SIGPROCMASK 1
| #define HAVE_RAND 1
| #define HAVE_PIPE 1
| #define HAVE_STAT 1
| #define HAVE_GETADDRINFO 1
| #define HAVE_FCNTL 1
| #define HAVE_FTRUNCATE 1
| #define HAVE_INET_NTOP 1
| #define HAVE_MKDTEMP 1
| #define HAVE_TIMEGM 1
| #define HAVE_ISASCII 1
| #define HAVE_MEMRCHR 1
| #define HAVE_STRSEP 1
| /* end confdefs.h.  */
| #include <signal.h>
| 
| int
| main ()
| {
| if (sizeof ((struct sigaction)))
| 	    return 0;
|   ;
|   return 0;
| }
configure:15492: result: yes
configure:15502: checking for sigset_t
configure:15502: gcc -c -g -O2  conftest.c >&5
configure:15502: $? = 0
configure:15502: gcc -c -g -O2  conftest.c >&5
conftest.c: In function 'main':
conftest.c:244:23: error: expected expression before ')' token
  244 | if (sizeof ((sigset_t)))
      |                       ^
configure:15502: $? = 1
configure: failed program was:
| /* confdefs.h */
| #define PACKAGE_NAME "gnupg"
| #define PACKAGE_TARNAME "gnupg"
| #define PACKAGE_VERSION "1.4.13"
| #define PACKAGE_STRING "gnupg 1.4.13"
| #define PACKAGE_BUGREPORT "http://bugs.gnupg.org"
| #define PACKAGE_URL ""
| #define PACKAGE "gnupg"
| #define VERSION "1.4.13"
| #define STDC_HEADERS 1
| #define HAVE_SYS_TYPES_H 1
| #define HAVE_SYS_STAT_H 1
| #define HAVE_STDLIB_H 1
| #define HAVE_STRING_H 1
| #define HAVE_MEMORY_H 1
| #define HAVE_STRINGS_H 1
| #define HAVE_INTTYPES_H 1
| #define HAVE_STDINT_H 1
| #define HAVE_UNISTD_H 1
| #define __EXTENSIONS__ 1
| #define _ALL_SOURCE 1
| #define _GNU_SOURCE 1
| #define _POSIX_PTHREAD_SEMANTICS 1
| #define _TANDEM_SOURCE 1
| #define EGD_SOCKET_NAME ""
| #define USE_RSA 1
| #define USE_IDEA 1
| #define USE_CAST5 1
| #define USE_BLOWFISH 1
| #define USE_AES 1
| #define USE_TWOFISH 1
| #define USE_CAMELLIA 1
| #define USE_SHA256 1
| #define PK_UID_CACHE_SIZE 4096
| #define EXEEXT ""
| #define USE_DNS_SRV 1
| #define USE_DNS_PKA 1
| #define USE_DNS_CERT 1
| #define HAVE_CURL_FREE 1
| #define HAVE_CURL_EASY_ESCAPE 1
| #define HAVE_CURL_EASY_UNESCAPE 1
| #define HAVE_LIBCURL 1
| #define LIBCURL_VERNUM 0x080F00
| #define LIBCURL_FEATURE_ALT_SVC 1
| #define LIBCURL_FEATURE_ASYNCHDNS 1
| #define LIBCURL_FEATURE_HSTS 1
| #define LIBCURL_FEATURE_HTTP2 1
| #define LIBCURL_FEATURE_HTTP3 1
| #define LIBCURL_FEATURE_HTTPS_PROXY 1
| #define LIBCURL_FEATURE_IPV6 1
| #define LIBCURL_FEATURE_LARGEFILE 1
| #define LIBCURL_FEATURE_LIBZ 1
| #define LIBCURL_FEATURE_NTLM 1
| #define LIBCURL_FEATURE_PSL 1
| #define LIBCURL_FEATURE_SSL 1
| #define LIBCURL_FEATURE_THREADSAFE 1
| #define LIBCURL_FEATURE_TLS_SRP 1
| #define LIBCURL_FEATURE_UNIXSOCKETS 1
| #define LIBCURL_PROTOCOL_DICT 1
| #define LIBCURL_PROTOCOL_FILE 1
| #define LIBCURL_PROTOCOL_FTP 1
| #define LIBCURL_PROTOCOL_FTPS 1
| #define LIBCURL_PROTOCOL_GOPHER 1
| #define LIBCURL_PROTOCOL_GOPHERS 1
| #define LIBCURL_PROTOCOL_HTTP 1
| #define LIBCURL_PROTOCOL_HTTPS 1
| #define LIBCURL_PROTOCOL_IMAP 1
| #define LIBCURL_PROTOCOL_IMAPS 1
| #define LIBCURL_PROTOCOL_IPFS 1
| #define LIBCURL_PROTOCOL_IPNS 1
| #define LIBCURL_PROTOCOL_MQTT 1
| #define LIBCURL_PROTOCOL_POP3 1
| #define LIBCURL_PROTOCOL_POP3S 1
| #define LIBCURL_PROTOCOL_RTSP 1
| #define LIBCURL_PROTOCOL_SMB 1
| #define LIBCURL_PROTOCOL_SMBS 1
| #define LIBCURL_PROTOCOL_SMTP 1
| #define LIBCURL_PROTOCOL_SMTPS 1
| #define LIBCURL_PROTOCOL_TELNET 1
| #define LIBCURL_PROTOCOL_TFTP 1
| #define LIBCURL_PROTOCOL_WS 1
| #define LIBCURL_PROTOCOL_WSS 1
| #define PRINTABLE_OS_NAME "GNU/Linux"
| #define NAME_OF_DEV_RANDOM "/dev/random"
| #define NAME_OF_DEV_URANDOM "/dev/urandom"
| #define HAVE_VISIBILITY 1
| #define HAVE_STDINT_H_WITH_UINTMAX 1
| #define HAVE_ALLOCA_H 1
| #define HAVE_ALLOCA 1
| #define HAVE_STDLIB_H 1
| #define HAVE_UNISTD_H 1
| #define HAVE_SYS_PARAM_H 1
| #define HAVE_GETPAGESIZE 1
| #define HAVE_MMAP 1
| #define INTDIV0_RAISES_SIGFPE 1
| #define HAVE_INTTYPES_H_WITH_UINTMAX 1
| #define HAVE_UNSIGNED_LONG_LONG_INT 1
| #define HAVE_UINTMAX_T 1
| #define HAVE_INTTYPES_H 1
| #define USE_POSIX_THREADS 1
| #define USE_POSIX_THREADS_WEAK 1
| #define HAVE_PTHREAD_RWLOCK 1
| #define HAVE_PTHREAD_MUTEX_RECURSIVE 1
| #define HAVE_ICONV 1
| #define ICONV_CONST 
| #define HAVE_BUILTIN_EXPECT 1
| #define HAVE_ARGZ_H 1
| #define HAVE_INTTYPES_H 1
| #define HAVE_LIMITS_H 1
| #define HAVE_UNISTD_H 1
| #define HAVE_SYS_PARAM_H 1
| #define HAVE_GETCWD 1
| #define HAVE_GETEGID 1
| #define HAVE_GETEUID 1
| #define HAVE_GETGID 1
| #define HAVE_GETUID 1
| #define HAVE_MEMPCPY 1
| #define HAVE_MUNMAP 1
| #define HAVE_STPCPY 1
| #define HAVE_STRCASECMP 1
| #define HAVE_STRDUP 1
| #define HAVE_STRTOUL 1
| #define HAVE_TSEARCH 1
| #define HAVE_USELOCALE 1
| #define HAVE_ARGZ_COUNT 1
| #define HAVE_ARGZ_STRINGIFY 1
| #define HAVE_ARGZ_NEXT 1
| #define HAVE___FSETLOCKING 1
| #define HAVE_DECL_FEOF_UNLOCKED 1
| #define HAVE_DECL_FGETS_UNLOCKED 1
| #define HAVE_LONG_LONG_INT 1
| #define HAVE_WCHAR_T 1
| #define HAVE_WINT_T 1
| #define HAVE_INTMAX_T 1
| #define HAVE_POSIX_PRINTF 1
| #define HAVE_STDINT_H 1
| #define HAVE_STDINT_H 1
| #define HAVE_WORKING_O_NOATIME 1
| #define HAVE_WORKING_O_NOFOLLOW 1
| #define HAVE_STDDEF_H 1
| #define HAVE_STDLIB_H 1
| #define HAVE_STRING_H 1
| #define HAVE_ASPRINTF 1
| #define HAVE_FWPRINTF 1
| #define HAVE_NEWLOCALE 1
| #define HAVE_PUTENV 1
| #define HAVE_SETENV 1
| #define HAVE_SETLOCALE 1
| #define HAVE_SNPRINTF 1
| #define HAVE_STRNLEN 1
| #define HAVE_WCSLEN 1
| #define HAVE_WCSNLEN 1
| #define HAVE_MBRTOWC 1
| #define HAVE_WCRTOMB 1
| #define HAVE_DECL__SNPRINTF 0
| #define HAVE_DECL__SNWPRINTF 0
| #define HAVE_DECL_GETC_UNLOCKED 1
| #define HAVE_LANGINFO_CODESET 1
| #define HAVE_LC_MESSAGES 1
| #define ENABLE_NLS 1
| #define HAVE_GETTEXT 1
| #define HAVE_DCGETTEXT 1
| #define HAVE_STRCHR 1
| #define HAVE_DL_DLOPEN 1
| #define ENABLE_CARD_SUPPORT 1
| #define ENABLE_AGENT_SUPPORT 1
| #define USE_GNUPG_ICONV 1
| #define STDC_HEADERS 1
| #define HAVE_UNISTD_H 1
| #define HAVE_LANGINFO_H 1
| #define HAVE_TERMIO_H 1
| #define HAVE_LOCALE_H 1
| #define HAVE_GETOPT_H 1
| #define HAVE_PWD_H 1
| #define HAVE_SIGNAL_H 1
| #define RETSIGTYPE void
| #define HAVE_DECL_SYS_SIGLIST 0
| #define LITTLE_ENDIAN_HOST 1
| #define HAVE_USHORT_TYPEDEF 1
| #define HAVE_ULONG_TYPEDEF 1
| #define SIZEOF_UNSIGNED_SHORT 2
| #define SIZEOF_UNSIGNED_INT 4
| #define SIZEOF_UNSIGNED_LONG 8
| #define SIZEOF_UNSIGNED_LONG_LONG 8
| #define TIME_WITH_SYS_TIME 1
| #define SIZEOF_TIME_T 8
| #define HAVE_INTTYPES_H 1
| #define SIZEOF_UINT64_T 8
| #define USE_SHA512 1
| #define HAVE_DECL_GETPAGESIZE 1
| #define HAVE_FSEEKO 1
| #define HAVE_VPRINTF 1
| #define HAVE_FORK 1
| #define HAVE_VFORK 1
| #define HAVE_WORKING_VFORK 1
| #define HAVE_WORKING_FORK 1
| #define HAVE_STRERROR 1
| #define HAVE_STPCPY 1
| #define HAVE_TCGETATTR 1
| #define HAVE_STRTOUL 1
| #define HAVE_MMAP 1
| #define HAVE_SYSCONF 1
| #define HAVE_STRCASECMP 1
| #define HAVE_STRNCASECMP 1
| #define HAVE_CTERMID 1
| #define HAVE_TIMES 1
| #define HAVE_UNSETENV 1
| #define HAVE_GETPWNAM 1
| #define HAVE_GETPWUID 1
| #define HAVE_MEMMOVE 1
| #define HAVE_GETTIMEOFDAY 1
| #define HAVE_GETRUSAGE 1
| #define HAVE_SETRLIMIT 1
| #define HAVE_CLOCK_GETTIME 1
| #define HAVE_ATEXIT 1
| #define HAVE_RAISE 1
| #define HAVE_GETPAGESIZE 1
| #define HAVE_STRFTIME 1
| #define HAVE_NL_LANGINFO 1
| #define HAVE_SETLOCALE 1
| #define HAVE_WAITPID 1
| #define HAVE_WAIT4 1
| #define HAVE_SIGACTION 1
| #define HAVE_SIGPROCMASK 1
| #define HAVE_RAND 1
| #define HAVE_PIPE 1
| #define HAVE_STAT 1
| #define HAVE_GETADDRINFO 1
| #define HAVE_FCNTL 1
| #define HAVE_FTRUNCATE 1
| #define HAVE_INET_NTOP 1
| #define HAVE_MKDTEMP 1
| #define HAVE_TIMEGM 1
| #define HAVE_ISASCII 1
| #define HAVE_MEMRCHR 1
| #define HAVE_STRSEP 1
| #define HAVE_STRUCT_SIGACTION 1
| /* end confdefs.h.  */
| #include <signal.h>
| 
| int
| main ()
| {
| if (sizeof ((sigset_t)))
| 	    return 0;
|   ;
|   return 0;
| }
configure:15502: result: yes
configure:15518: checking for getopt
configure:15518: gcc -o conftest -g -O2   conftest.c  >&5
configure:15518: $? = 0
configure:15518: result: yes
configure:15571: checking for gethrtime
configure:15590: gcc -o conftest -g -O2   conftest.c  >&5
conftest.c: In function 'main':
conftest.c:245:20: error: unknown type name 'hrtime_t'
  245 |                    hrtime_t tv;
      |                    ^~~~~~~~
conftest.c:246:25: warning: implicit declaration of function 'gethrtime' [-Wimplicit-function-declaration]
  246 |                    tv = gethrtime();
      |                         ^~~~~~~~~
configure:15590: $? = 1
configure: failed program was:
| /* confdefs.h */
| #define PACKAGE_NAME "gnupg"
| #define PACKAGE_TARNAME "gnupg"
| #define PACKAGE_VERSION "1.4.13"
| #define PACKAGE_STRING "gnupg 1.4.13"
| #define PACKAGE_BUGREPORT "http://bugs.gnupg.org"
| #define PACKAGE_URL ""
| #define PACKAGE "gnupg"
| #define VERSION "1.4.13"
| #define STDC_HEADERS 1
| #define HAVE_SYS_TYPES_H 1
| #define HAVE_SYS_STAT_H 1
| #define HAVE_STDLIB_H 1
| #define HAVE_STRING_H 1
| #define HAVE_MEMORY_H 1
| #define HAVE_STRINGS_H 1
| #define HAVE_INTTYPES_H 1
| #define HAVE_STDINT_H 1
| #define HAVE_UNISTD_H 1
| #define __EXTENSIONS__ 1
| #define _ALL_SOURCE 1
| #define _GNU_SOURCE 1
| #define _POSIX_PTHREAD_SEMANTICS 1
| #define _TANDEM_SOURCE 1
| #define EGD_SOCKET_NAME ""
| #define USE_RSA 1
| #define USE_IDEA 1
| #define USE_CAST5 1
| #define USE_BLOWFISH 1
| #define USE_AES 1
| #define USE_TWOFISH 1
| #define USE_CAMELLIA 1
| #define USE_SHA256 1
| #define PK_UID_CACHE_SIZE 4096
| #define EXEEXT ""
| #define USE_DNS_SRV 1
| #define USE_DNS_PKA 1
| #define USE_DNS_CERT 1
| #define HAVE_CURL_FREE 1
| #define HAVE_CURL_EASY_ESCAPE 1
| #define HAVE_CURL_EASY_UNESCAPE 1
| #define HAVE_LIBCURL 1
| #define LIBCURL_VERNUM 0x080F00
| #define LIBCURL_FEATURE_ALT_SVC 1
| #define LIBCURL_FEATURE_ASYNCHDNS 1
| #define LIBCURL_FEATURE_HSTS 1
| #define LIBCURL_FEATURE_HTTP2 1
| #define LIBCURL_FEATURE_HTTP3 1
| #define LIBCURL_FEATURE_HTTPS_PROXY 1
| #define LIBCURL_FEATURE_IPV6 1
| #define LIBCURL_FEATURE_LARGEFILE 1
| #define LIBCURL_FEATURE_LIBZ 1
| #define LIBCURL_FEATURE_NTLM 1
| #define LIBCURL_FEATURE_PSL 1
| #define LIBCURL_FEATURE_SSL 1
| #define LIBCURL_FEATURE_THREADSAFE 1
| #define LIBCURL_FEATURE_TLS_SRP 1
| #define LIBCURL_FEATURE_UNIXSOCKETS 1
| #define LIBCURL_PROTOCOL_DICT 1
| #define LIBCURL_PROTOCOL_FILE 1
| #define LIBCURL_PROTOCOL_FTP 1
| #define LIBCURL_PROTOCOL_FTPS 1
| #define LIBCURL_PROTOCOL_GOPHER 1
| #define LIBCURL_PROTOCOL_GOPHERS 1
| #define LIBCURL_PROTOCOL_HTTP 1
| #define LIBCURL_PROTOCOL_HTTPS 1
| #define LIBCURL_PROTOCOL_IMAP 1
| #define LIBCURL_PROTOCOL_IMAPS 1
| #define LIBCURL_PROTOCOL_IPFS 1
| #define LIBCURL_PROTOCOL_IPNS 1
| #define LIBCURL_PROTOCOL_MQTT 1
| #define LIBCURL_PROTOCOL_POP3 1
| #define LIBCURL_PROTOCOL_POP3S 1
| #define LIBCURL_PROTOCOL_RTSP 1
| #define LIBCURL_PROTOCOL_SMB 1
| #define LIBCURL_PROTOCOL_SMBS 1
| #define LIBCURL_PROTOCOL_SMTP 1
| #define LIBCURL_PROTOCOL_SMTPS 1
| #define LIBCURL_PROTOCOL_TELNET 1
| #define LIBCURL_PROTOCOL_TFTP 1
| #define LIBCURL_PROTOCOL_WS 1
| #define LIBCURL_PROTOCOL_WSS 1
| #define PRINTABLE_OS_NAME "GNU/Linux"
| #define NAME_OF_DEV_RANDOM "/dev/random"
| #define NAME_OF_DEV_URANDOM "/dev/urandom"
| #define HAVE_VISIBILITY 1
| #define HAVE_STDINT_H_WITH_UINTMAX 1
| #define HAVE_ALLOCA_H 1
| #define HAVE_ALLOCA 1
| #define HAVE_STDLIB_H 1
| #define HAVE_UNISTD_H 1
| #define HAVE_SYS_PARAM_H 1
| #define HAVE_GETPAGESIZE 1
| #define HAVE_MMAP 1
| #define INTDIV0_RAISES_SIGFPE 1
| #define HAVE_INTTYPES_H_WITH_UINTMAX 1
| #define HAVE_UNSIGNED_LONG_LONG_INT 1
| #define HAVE_UINTMAX_T 1
| #define HAVE_INTTYPES_H 1
| #define USE_POSIX_THREADS 1
| #define USE_POSIX_THREADS_WEAK 1
| #define HAVE_PTHREAD_RWLOCK 1
| #define HAVE_PTHREAD_MUTEX_RECURSIVE 1
| #define HAVE_ICONV 1
| #define ICONV_CONST 
| #define HAVE_BUILTIN_EXPECT 1
| #define HAVE_ARGZ_H 1
| #define HAVE_INTTYPES_H 1
| #define HAVE_LIMITS_H 1
| #define HAVE_UNISTD_H 1
| #define HAVE_SYS_PARAM_H 1
| #define HAVE_GETCWD 1
| #define HAVE_GETEGID 1
| #define HAVE_GETEUID 1
| #define HAVE_GETGID 1
| #define HAVE_GETUID 1
| #define HAVE_MEMPCPY 1
| #define HAVE_MUNMAP 1
| #define HAVE_STPCPY 1
| #define HAVE_STRCASECMP 1
| #define HAVE_STRDUP 1
| #define HAVE_STRTOUL 1
| #define HAVE_TSEARCH 1
| #define HAVE_USELOCALE 1
| #define HAVE_ARGZ_COUNT 1
| #define HAVE_ARGZ_STRINGIFY 1
| #define HAVE_ARGZ_NEXT 1
| #define HAVE___FSETLOCKING 1
| #define HAVE_DECL_FEOF_UNLOCKED 1
| #define HAVE_DECL_FGETS_UNLOCKED 1
| #define HAVE_LONG_LONG_INT 1
| #define HAVE_WCHAR_T 1
| #define HAVE_WINT_T 1
| #define HAVE_INTMAX_T 1
| #define HAVE_POSIX_PRINTF 1
| #define HAVE_STDINT_H 1
| #define HAVE_STDINT_H 1
| #define HAVE_WORKING_O_NOATIME 1
| #define HAVE_WORKING_O_NOFOLLOW 1
| #define HAVE_STDDEF_H 1
| #define HAVE_STDLIB_H 1
| #define HAVE_STRING_H 1
| #define HAVE_ASPRINTF 1
| #define HAVE_FWPRINTF 1
| #define HAVE_NEWLOCALE 1
| #define HAVE_PUTENV 1
| #define HAVE_SETENV 1
| #define HAVE_SETLOCALE 1
| #define HAVE_SNPRINTF 1
| #define HAVE_STRNLEN 1
| #define HAVE_WCSLEN 1
| #define HAVE_WCSNLEN 1
| #define HAVE_MBRTOWC 1
| #define HAVE_WCRTOMB 1
| #define HAVE_DECL__SNPRINTF 0
| #define HAVE_DECL__SNWPRINTF 0
| #define HAVE_DECL_GETC_UNLOCKED 1
| #define HAVE_LANGINFO_CODESET 1
| #define HAVE_LC_MESSAGES 1
| #define ENABLE_NLS 1
| #define HAVE_GETTEXT 1
| #define HAVE_DCGETTEXT 1
| #define HAVE_STRCHR 1
| #define HAVE_DL_DLOPEN 1
| #define ENABLE_CARD_SUPPORT 1
| #define ENABLE_AGENT_SUPPORT 1
| #define USE_GNUPG_ICONV 1
| #define STDC_HEADERS 1
| #define HAVE_UNISTD_H 1
| #define HAVE_LANGINFO_H 1
| #define HAVE_TERMIO_H 1
| #define HAVE_LOCALE_H 1
| #define HAVE_GETOPT_H 1
| #define HAVE_PWD_H 1
| #define HAVE_SIGNAL_H 1
| #define RETSIGTYPE void
| #define HAVE_DECL_SYS_SIGLIST 0
| #define LITTLE_ENDIAN_HOST 1
| #define HAVE_USHORT_TYPEDEF 1
| #define HAVE_ULONG_TYPEDEF 1
| #define SIZEOF_UNSIGNED_SHORT 2
| #define SIZEOF_UNSIGNED_INT 4
| #define SIZEOF_UNSIGNED_LONG 8
| #define SIZEOF_UNSIGNED_LONG_LONG 8
| #define TIME_WITH_SYS_TIME 1
| #define SIZEOF_TIME_T 8
| #define HAVE_INTTYPES_H 1
| #define SIZEOF_UINT64_T 8
| #define USE_SHA512 1
| #define HAVE_DECL_GETPAGESIZE 1
| #define HAVE_FSEEKO 1
| #define HAVE_VPRINTF 1
| #define HAVE_FORK 1
| #define HAVE_VFORK 1
| #define HAVE_WORKING_VFORK 1
| #define HAVE_WORKING_FORK 1
| #define HAVE_STRERROR 1
| #define HAVE_STPCPY 1
| #define HAVE_TCGETATTR 1
| #define HAVE_STRTOUL 1
| #define HAVE_MMAP 1
| #define HAVE_SYSCONF 1
| #define HAVE_STRCASECMP 1
| #define HAVE_STRNCASECMP 1
| #define HAVE_CTERMID 1
| #define HAVE_TIMES 1
| #define HAVE_UNSETENV 1
| #define HAVE_GETPWNAM 1
| #define HAVE_GETPWUID 1
| #define HAVE_MEMMOVE 1
| #define HAVE_GETTIMEOFDAY 1
| #define HAVE_GETRUSAGE 1
| #define HAVE_SETRLIMIT 1
| #define HAVE_CLOCK_GETTIME 1
| #define HAVE_ATEXIT 1
| #define HAVE_RAISE 1
| #define HAVE_GETPAGESIZE 1
| #define HAVE_STRFTIME 1
| #define HAVE_NL_LANGINFO 1
| #define HAVE_SETLOCALE 1
| #define HAVE_WAITPID 1
| #define HAVE_WAIT4 1
| #define HAVE_SIGACTION 1
| #define HAVE_SIGPROCMASK 1
| #define HAVE_RAND 1
| #define HAVE_PIPE 1
| #define HAVE_STAT 1
| #define HAVE_GETADDRINFO 1
| #define HAVE_FCNTL 1
| #define HAVE_FTRUNCATE 1
| #define HAVE_INET_NTOP 1
| #define HAVE_MKDTEMP 1
| #define HAVE_TIMEGM 1
| #define HAVE_ISASCII 1
| #define HAVE_MEMRCHR 1
| #define HAVE_STRSEP 1
| #define HAVE_STRUCT_SIGACTION 1
| #define HAVE_SIGSET_T 1
| /* end confdefs.h.  */
| #include <sys/times.h>
| int
| main ()
| {
| 
|                    hrtime_t tv;
|                    tv = gethrtime();
| 
|   ;
|   return 0;
| }
configure:15599: result: no
configure:15646: checking for mlock
configure:15646: gcc -o conftest -g -O2   conftest.c  >&5
configure:15646: $? = 0
configure:15646: result: yes
configure:15770: checking for sysconf
configure:15770: result: yes
configure:15770: checking for getpagesize
configure:15770: result: yes
configure:15779: checking whether mlock is broken
configure:15829: gcc -o conftest -g -O2   conftest.c  >&5
configure:15829: $? = 0
configure:15829: ./conftest
configure:15829: $? = 0
configure:15860: result: no
configure:15872: checking for sys/stat.h
configure:15872: result: yes
configure:15872: checking for unistd.h
configure:15872: result: yes
configure:15872: checking direct.h usability
configure:15872: gcc -c -g -O2  conftest.c >&5
conftest.c:278:10: fatal error: direct.h: No such file or directory
  278 | #include <direct.h>
      |          ^~~~~~~~~~
compilation terminated.
configure:15872: $? = 1
configure: failed program was:
| /* confdefs.h */
| #define PACKAGE_NAME "gnupg"
| #define PACKAGE_TARNAME "gnupg"
| #define PACKAGE_VERSION "1.4.13"
| #define PACKAGE_STRING "gnupg 1.4.13"
| #define PACKAGE_BUGREPORT "http://bugs.gnupg.org"
| #define PACKAGE_URL ""
| #define PACKAGE "gnupg"
| #define VERSION "1.4.13"
| #define STDC_HEADERS 1
| #define HAVE_SYS_TYPES_H 1
| #define HAVE_SYS_STAT_H 1
| #define HAVE_STDLIB_H 1
| #define HAVE_STRING_H 1
| #define HAVE_MEMORY_H 1
| #define HAVE_STRINGS_H 1
| #define HAVE_INTTYPES_H 1
| #define HAVE_STDINT_H 1
| #define HAVE_UNISTD_H 1
| #define __EXTENSIONS__ 1
| #define _ALL_SOURCE 1
| #define _GNU_SOURCE 1
| #define _POSIX_PTHREAD_SEMANTICS 1
| #define _TANDEM_SOURCE 1
| #define EGD_SOCKET_NAME ""
| #define USE_RSA 1
| #define USE_IDEA 1
| #define USE_CAST5 1
| #define USE_BLOWFISH 1
| #define USE_AES 1
| #define USE_TWOFISH 1
| #define USE_CAMELLIA 1
| #define USE_SHA256 1
| #define PK_UID_CACHE_SIZE 4096
| #define EXEEXT ""
| #define USE_DNS_SRV 1
| #define USE_DNS_PKA 1
| #define USE_DNS_CERT 1
| #define HAVE_CURL_FREE 1
| #define HAVE_CURL_EASY_ESCAPE 1
| #define HAVE_CURL_EASY_UNESCAPE 1
| #define HAVE_LIBCURL 1
| #define LIBCURL_VERNUM 0x080F00
| #define LIBCURL_FEATURE_ALT_SVC 1
| #define LIBCURL_FEATURE_ASYNCHDNS 1
| #define LIBCURL_FEATURE_HSTS 1
| #define LIBCURL_FEATURE_HTTP2 1
| #define LIBCURL_FEATURE_HTTP3 1
| #define LIBCURL_FEATURE_HTTPS_PROXY 1
| #define LIBCURL_FEATURE_IPV6 1
| #define LIBCURL_FEATURE_LARGEFILE 1
| #define LIBCURL_FEATURE_LIBZ 1
| #define LIBCURL_FEATURE_NTLM 1
| #define LIBCURL_FEATURE_PSL 1
| #define LIBCURL_FEATURE_SSL 1
| #define LIBCURL_FEATURE_THREADSAFE 1
| #define LIBCURL_FEATURE_TLS_SRP 1
| #define LIBCURL_FEATURE_UNIXSOCKETS 1
| #define LIBCURL_PROTOCOL_DICT 1
| #define LIBCURL_PROTOCOL_FILE 1
| #define LIBCURL_PROTOCOL_FTP 1
| #define LIBCURL_PROTOCOL_FTPS 1
| #define LIBCURL_PROTOCOL_GOPHER 1
| #define LIBCURL_PROTOCOL_GOPHERS 1
| #define LIBCURL_PROTOCOL_HTTP 1
| #define LIBCURL_PROTOCOL_HTTPS 1
| #define LIBCURL_PROTOCOL_IMAP 1
| #define LIBCURL_PROTOCOL_IMAPS 1
| #define LIBCURL_PROTOCOL_IPFS 1
| #define LIBCURL_PROTOCOL_IPNS 1
| #define LIBCURL_PROTOCOL_MQTT 1
| #define LIBCURL_PROTOCOL_POP3 1
| #define LIBCURL_PROTOCOL_POP3S 1
| #define LIBCURL_PROTOCOL_RTSP 1
| #define LIBCURL_PROTOCOL_SMB 1
| #define LIBCURL_PROTOCOL_SMBS 1
| #define LIBCURL_PROTOCOL_SMTP 1
| #define LIBCURL_PROTOCOL_SMTPS 1
| #define LIBCURL_PROTOCOL_TELNET 1
| #define LIBCURL_PROTOCOL_TFTP 1
| #define LIBCURL_PROTOCOL_WS 1
| #define LIBCURL_PROTOCOL_WSS 1
| #define PRINTABLE_OS_NAME "GNU/Linux"
| #define NAME_OF_DEV_RANDOM "/dev/random"
| #define NAME_OF_DEV_URANDOM "/dev/urandom"
| #define HAVE_VISIBILITY 1
| #define HAVE_STDINT_H_WITH_UINTMAX 1
| #define HAVE_ALLOCA_H 1
| #define HAVE_ALLOCA 1
| #define HAVE_STDLIB_H 1
| #define HAVE_UNISTD_H 1
| #define HAVE_SYS_PARAM_H 1
| #define HAVE_GETPAGESIZE 1
| #define HAVE_MMAP 1
| #define INTDIV0_RAISES_SIGFPE 1
| #define HAVE_INTTYPES_H_WITH_UINTMAX 1
| #define HAVE_UNSIGNED_LONG_LONG_INT 1
| #define HAVE_UINTMAX_T 1
| #define HAVE_INTTYPES_H 1
| #define USE_POSIX_THREADS 1
| #define USE_POSIX_THREADS_WEAK 1
| #define HAVE_PTHREAD_RWLOCK 1
| #define HAVE_PTHREAD_MUTEX_RECURSIVE 1
| #define HAVE_ICONV 1
| #define ICONV_CONST 
| #define HAVE_BUILTIN_EXPECT 1
| #define HAVE_ARGZ_H 1
| #define HAVE_INTTYPES_H 1
| #define HAVE_LIMITS_H 1
| #define HAVE_UNISTD_H 1
| #define HAVE_SYS_PARAM_H 1
| #define HAVE_GETCWD 1
| #define HAVE_GETEGID 1
| #define HAVE_GETEUID 1
| #define HAVE_GETGID 1
| #define HAVE_GETUID 1
| #define HAVE_MEMPCPY 1
| #define HAVE_MUNMAP 1
| #define HAVE_STPCPY 1
| #define HAVE_STRCASECMP 1
| #define HAVE_STRDUP 1
| #define HAVE_STRTOUL 1
| #define HAVE_TSEARCH 1
| #define HAVE_USELOCALE 1
| #define HAVE_ARGZ_COUNT 1
| #define HAVE_ARGZ_STRINGIFY 1
| #define HAVE_ARGZ_NEXT 1
| #define HAVE___FSETLOCKING 1
| #define HAVE_DECL_FEOF_UNLOCKED 1
| #define HAVE_DECL_FGETS_UNLOCKED 1
| #define HAVE_LONG_LONG_INT 1
| #define HAVE_WCHAR_T 1
| #define HAVE_WINT_T 1
| #define HAVE_INTMAX_T 1
| #define HAVE_POSIX_PRINTF 1
| #define HAVE_STDINT_H 1
| #define HAVE_STDINT_H 1
| #define HAVE_WORKING_O_NOATIME 1
| #define HAVE_WORKING_O_NOFOLLOW 1
| #define HAVE_STDDEF_H 1
| #define HAVE_STDLIB_H 1
| #define HAVE_STRING_H 1
| #define HAVE_ASPRINTF 1
| #define HAVE_FWPRINTF 1
| #define HAVE_NEWLOCALE 1
| #define HAVE_PUTENV 1
| #define HAVE_SETENV 1
| #define HAVE_SETLOCALE 1
| #define HAVE_SNPRINTF 1
| #define HAVE_STRNLEN 1
| #define HAVE_WCSLEN 1
| #define HAVE_WCSNLEN 1
| #define HAVE_MBRTOWC 1
| #define HAVE_WCRTOMB 1
| #define HAVE_DECL__SNPRINTF 0
| #define HAVE_DECL__SNWPRINTF 0
| #define HAVE_DECL_GETC_UNLOCKED 1
| #define HAVE_LANGINFO_CODESET 1
| #define HAVE_LC_MESSAGES 1
| #define ENABLE_NLS 1
| #define HAVE_GETTEXT 1
| #define HAVE_DCGETTEXT 1
| #define HAVE_STRCHR 1
| #define HAVE_DL_DLOPEN 1
| #define ENABLE_CARD_SUPPORT 1
| #define ENABLE_AGENT_SUPPORT 1
| #define USE_GNUPG_ICONV 1
| #define STDC_HEADERS 1
| #define HAVE_UNISTD_H 1
| #define HAVE_LANGINFO_H 1
| #define HAVE_TERMIO_H 1
| #define HAVE_LOCALE_H 1
| #define HAVE_GETOPT_H 1
| #define HAVE_PWD_H 1
| #define HAVE_SIGNAL_H 1
| #define RETSIGTYPE void
| #define HAVE_DECL_SYS_SIGLIST 0
| #define LITTLE_ENDIAN_HOST 1
| #define HAVE_USHORT_TYPEDEF 1
| #define HAVE_ULONG_TYPEDEF 1
| #define SIZEOF_UNSIGNED_SHORT 2
| #define SIZEOF_UNSIGNED_INT 4
| #define SIZEOF_UNSIGNED_LONG 8
| #define SIZEOF_UNSIGNED_LONG_LONG 8
| #define TIME_WITH_SYS_TIME 1
| #define SIZEOF_TIME_T 8
| #define HAVE_INTTYPES_H 1
| #define SIZEOF_UINT64_T 8
| #define USE_SHA512 1
| #define HAVE_DECL_GETPAGESIZE 1
| #define HAVE_FSEEKO 1
| #define HAVE_VPRINTF 1
| #define HAVE_FORK 1
| #define HAVE_VFORK 1
| #define HAVE_WORKING_VFORK 1
| #define HAVE_WORKING_FORK 1
| #define HAVE_STRERROR 1
| #define HAVE_STPCPY 1
| #define HAVE_TCGETATTR 1
| #define HAVE_STRTOUL 1
| #define HAVE_MMAP 1
| #define HAVE_SYSCONF 1
| #define HAVE_STRCASECMP 1
| #define HAVE_STRNCASECMP 1
| #define HAVE_CTERMID 1
| #define HAVE_TIMES 1
| #define HAVE_UNSETENV 1
| #define HAVE_GETPWNAM 1
| #define HAVE_GETPWUID 1
| #define HAVE_MEMMOVE 1
| #define HAVE_GETTIMEOFDAY 1
| #define HAVE_GETRUSAGE 1
| #define HAVE_SETRLIMIT 1
| #define HAVE_CLOCK_GETTIME 1
| #define HAVE_ATEXIT 1
| #define HAVE_RAISE 1
| #define HAVE_GETPAGESIZE 1
| #define HAVE_STRFTIME 1
| #define HAVE_NL_LANGINFO 1
| #define HAVE_SETLOCALE 1
| #define HAVE_WAITPID 1
| #define HAVE_WAIT4 1
| #define HAVE_SIGACTION 1
| #define HAVE_SIGPROCMASK 1
| #define HAVE_RAND 1
| #define HAVE_PIPE 1
| #define HAVE_STAT 1
| #define HAVE_GETADDRINFO 1
| #define HAVE_FCNTL 1
| #define HAVE_FTRUNCATE 1
| #define HAVE_INET_NTOP 1
| #define HAVE_MKDTEMP 1
| #define HAVE_TIMEGM 1
| #define HAVE_ISASCII 1
| #define HAVE_MEMRCHR 1
| #define HAVE_STRSEP 1
| #define HAVE_STRUCT_SIGACTION 1
| #define HAVE_SIGSET_T 1
| #define HAVE_MLOCK 1
| #define HAVE_SYSCONF 1
| #define HAVE_GETPAGESIZE 1
| #define HAVE_SYS_STAT_H 1
| #define HAVE_UNISTD_H 1
| /* end confdefs.h.  */
| #include <stdio.h>
| #ifdef HAVE_SYS_TYPES_H
| # include <sys/types.h>
| #endif
| #ifdef HAVE_SYS_STAT_H
| # include <sys/stat.h>
| #endif
| #ifdef STDC_HEADERS
| # include <stdlib.h>
| # include <stddef.h>
| #else
| # ifdef HAVE_STDLIB_H
| #  include <stdlib.h>
| # endif
| #endif
| #ifdef HAVE_STRING_H
| # if !defined STDC_HEADERS && defined HAVE_MEMORY_H
| #  include <memory.h>
| # endif
| # include <string.h>
| #endif
| #ifdef HAVE_STRINGS_H
| # include <strings.h>
| #endif
| #ifdef HAVE_INTTYPES_H
| # include <inttypes.h>
| #endif
| #ifdef HAVE_STDINT_H
| # include <stdint.h>
| #endif
| #ifdef HAVE_UNISTD_H
| # include <unistd.h>
| #endif
| #include <direct.h>
configure:15872: result: no
configure:15872: checking direct.h presence
configure:15872: gcc -E  conftest.c
conftest.c:245:10: fatal error: direct.h: No such file or directory
  245 | #include <direct.h>
      |          ^~~~~~~~~~
compilation terminated.
configure:15872: $? = 1
configure: failed program was:
| /* confdefs.h */
| #define PACKAGE_NAME "gnupg"
| #define PACKAGE_TARNAME "gnupg"
| #define PACKAGE_VERSION "1.4.13"
| #define PACKAGE_STRING "gnupg 1.4.13"
| #define PACKAGE_BUGREPORT "http://bugs.gnupg.org"
| #define PACKAGE_URL ""
| #define PACKAGE "gnupg"
| #define VERSION "1.4.13"
| #define STDC_HEADERS 1
| #define HAVE_SYS_TYPES_H 1
| #define HAVE_SYS_STAT_H 1
| #define HAVE_STDLIB_H 1
| #define HAVE_STRING_H 1
| #define HAVE_MEMORY_H 1
| #define HAVE_STRINGS_H 1
| #define HAVE_INTTYPES_H 1
| #define HAVE_STDINT_H 1
| #define HAVE_UNISTD_H 1
| #define __EXTENSIONS__ 1
| #define _ALL_SOURCE 1
| #define _GNU_SOURCE 1
| #define _POSIX_PTHREAD_SEMANTICS 1
| #define _TANDEM_SOURCE 1
| #define EGD_SOCKET_NAME ""
| #define USE_RSA 1
| #define USE_IDEA 1
| #define USE_CAST5 1
| #define USE_BLOWFISH 1
| #define USE_AES 1
| #define USE_TWOFISH 1
| #define USE_CAMELLIA 1
| #define USE_SHA256 1
| #define PK_UID_CACHE_SIZE 4096
| #define EXEEXT ""
| #define USE_DNS_SRV 1
| #define USE_DNS_PKA 1
| #define USE_DNS_CERT 1
| #define HAVE_CURL_FREE 1
| #define HAVE_CURL_EASY_ESCAPE 1
| #define HAVE_CURL_EASY_UNESCAPE 1
| #define HAVE_LIBCURL 1
| #define LIBCURL_VERNUM 0x080F00
| #define LIBCURL_FEATURE_ALT_SVC 1
| #define LIBCURL_FEATURE_ASYNCHDNS 1
| #define LIBCURL_FEATURE_HSTS 1
| #define LIBCURL_FEATURE_HTTP2 1
| #define LIBCURL_FEATURE_HTTP3 1
| #define LIBCURL_FEATURE_HTTPS_PROXY 1
| #define LIBCURL_FEATURE_IPV6 1
| #define LIBCURL_FEATURE_LARGEFILE 1
| #define LIBCURL_FEATURE_LIBZ 1
| #define LIBCURL_FEATURE_NTLM 1
| #define LIBCURL_FEATURE_PSL 1
| #define LIBCURL_FEATURE_SSL 1
| #define LIBCURL_FEATURE_THREADSAFE 1
| #define LIBCURL_FEATURE_TLS_SRP 1
| #define LIBCURL_FEATURE_UNIXSOCKETS 1
| #define LIBCURL_PROTOCOL_DICT 1
| #define LIBCURL_PROTOCOL_FILE 1
| #define LIBCURL_PROTOCOL_FTP 1
| #define LIBCURL_PROTOCOL_FTPS 1
| #define LIBCURL_PROTOCOL_GOPHER 1
| #define LIBCURL_PROTOCOL_GOPHERS 1
| #define LIBCURL_PROTOCOL_HTTP 1
| #define LIBCURL_PROTOCOL_HTTPS 1
| #define LIBCURL_PROTOCOL_IMAP 1
| #define LIBCURL_PROTOCOL_IMAPS 1
| #define LIBCURL_PROTOCOL_IPFS 1
| #define LIBCURL_PROTOCOL_IPNS 1
| #define LIBCURL_PROTOCOL_MQTT 1
| #define LIBCURL_PROTOCOL_POP3 1
| #define LIBCURL_PROTOCOL_POP3S 1
| #define LIBCURL_PROTOCOL_RTSP 1
| #define LIBCURL_PROTOCOL_SMB 1
| #define LIBCURL_PROTOCOL_SMBS 1
| #define LIBCURL_PROTOCOL_SMTP 1
| #define LIBCURL_PROTOCOL_SMTPS 1
| #define LIBCURL_PROTOCOL_TELNET 1
| #define LIBCURL_PROTOCOL_TFTP 1
| #define LIBCURL_PROTOCOL_WS 1
| #define LIBCURL_PROTOCOL_WSS 1
| #define PRINTABLE_OS_NAME "GNU/Linux"
| #define NAME_OF_DEV_RANDOM "/dev/random"
| #define NAME_OF_DEV_URANDOM "/dev/urandom"
| #define HAVE_VISIBILITY 1
| #define HAVE_STDINT_H_WITH_UINTMAX 1
| #define HAVE_ALLOCA_H 1
| #define HAVE_ALLOCA 1
| #define HAVE_STDLIB_H 1
| #define HAVE_UNISTD_H 1
| #define HAVE_SYS_PARAM_H 1
| #define HAVE_GETPAGESIZE 1
| #define HAVE_MMAP 1
| #define INTDIV0_RAISES_SIGFPE 1
| #define HAVE_INTTYPES_H_WITH_UINTMAX 1
| #define HAVE_UNSIGNED_LONG_LONG_INT 1
| #define HAVE_UINTMAX_T 1
| #define HAVE_INTTYPES_H 1
| #define USE_POSIX_THREADS 1
| #define USE_POSIX_THREADS_WEAK 1
| #define HAVE_PTHREAD_RWLOCK 1
| #define HAVE_PTHREAD_MUTEX_RECURSIVE 1
| #define HAVE_ICONV 1
| #define ICONV_CONST 
| #define HAVE_BUILTIN_EXPECT 1
| #define HAVE_ARGZ_H 1
| #define HAVE_INTTYPES_H 1
| #define HAVE_LIMITS_H 1
| #define HAVE_UNISTD_H 1
| #define HAVE_SYS_PARAM_H 1
| #define HAVE_GETCWD 1
| #define HAVE_GETEGID 1
| #define HAVE_GETEUID 1
| #define HAVE_GETGID 1
| #define HAVE_GETUID 1
| #define HAVE_MEMPCPY 1
| #define HAVE_MUNMAP 1
| #define HAVE_STPCPY 1
| #define HAVE_STRCASECMP 1
| #define HAVE_STRDUP 1
| #define HAVE_STRTOUL 1
| #define HAVE_TSEARCH 1
| #define HAVE_USELOCALE 1
| #define HAVE_ARGZ_COUNT 1
| #define HAVE_ARGZ_STRINGIFY 1
| #define HAVE_ARGZ_NEXT 1
| #define HAVE___FSETLOCKING 1
| #define HAVE_DECL_FEOF_UNLOCKED 1
| #define HAVE_DECL_FGETS_UNLOCKED 1
| #define HAVE_LONG_LONG_INT 1
| #define HAVE_WCHAR_T 1
| #define HAVE_WINT_T 1
| #define HAVE_INTMAX_T 1
| #define HAVE_POSIX_PRINTF 1
| #define HAVE_STDINT_H 1
| #define HAVE_STDINT_H 1
| #define HAVE_WORKING_O_NOATIME 1
| #define HAVE_WORKING_O_NOFOLLOW 1
| #define HAVE_STDDEF_H 1
| #define HAVE_STDLIB_H 1
| #define HAVE_STRING_H 1
| #define HAVE_ASPRINTF 1
| #define HAVE_FWPRINTF 1
| #define HAVE_NEWLOCALE 1
| #define HAVE_PUTENV 1
| #define HAVE_SETENV 1
| #define HAVE_SETLOCALE 1
| #define HAVE_SNPRINTF 1
| #define HAVE_STRNLEN 1
| #define HAVE_WCSLEN 1
| #define HAVE_WCSNLEN 1
| #define HAVE_MBRTOWC 1
| #define HAVE_WCRTOMB 1
| #define HAVE_DECL__SNPRINTF 0
| #define HAVE_DECL__SNWPRINTF 0
| #define HAVE_DECL_GETC_UNLOCKED 1
| #define HAVE_LANGINFO_CODESET 1
| #define HAVE_LC_MESSAGES 1
| #define ENABLE_NLS 1
| #define HAVE_GETTEXT 1
| #define HAVE_DCGETTEXT 1
| #define HAVE_STRCHR 1
| #define HAVE_DL_DLOPEN 1
| #define ENABLE_CARD_SUPPORT 1
| #define ENABLE_AGENT_SUPPORT 1
| #define USE_GNUPG_ICONV 1
| #define STDC_HEADERS 1
| #define HAVE_UNISTD_H 1
| #define HAVE_LANGINFO_H 1
| #define HAVE_TERMIO_H 1
| #define HAVE_LOCALE_H 1
| #define HAVE_GETOPT_H 1
| #define HAVE_PWD_H 1
| #define HAVE_SIGNAL_H 1
| #define RETSIGTYPE void
| #define HAVE_DECL_SYS_SIGLIST 0
| #define LITTLE_ENDIAN_HOST 1
| #define HAVE_USHORT_TYPEDEF 1
| #define HAVE_ULONG_TYPEDEF 1
| #define SIZEOF_UNSIGNED_SHORT 2
| #define SIZEOF_UNSIGNED_INT 4
| #define SIZEOF_UNSIGNED_LONG 8
| #define SIZEOF_UNSIGNED_LONG_LONG 8
| #define TIME_WITH_SYS_TIME 1
| #define SIZEOF_TIME_T 8
| #define HAVE_INTTYPES_H 1
| #define SIZEOF_UINT64_T 8
| #define USE_SHA512 1
| #define HAVE_DECL_GETPAGESIZE 1
| #define HAVE_FSEEKO 1
| #define HAVE_VPRINTF 1
| #define HAVE_FORK 1
| #define HAVE_VFORK 1
| #define HAVE_WORKING_VFORK 1
| #define HAVE_WORKING_FORK 1
| #define HAVE_STRERROR 1
| #define HAVE_STPCPY 1
| #define HAVE_TCGETATTR 1
| #define HAVE_STRTOUL 1
| #define HAVE_MMAP 1
| #define HAVE_SYSCONF 1
| #define HAVE_STRCASECMP 1
| #define HAVE_STRNCASECMP 1
| #define HAVE_CTERMID 1
| #define HAVE_TIMES 1
| #define HAVE_UNSETENV 1
| #define HAVE_GETPWNAM 1
| #define HAVE_GETPWUID 1
| #define HAVE_MEMMOVE 1
| #define HAVE_GETTIMEOFDAY 1
| #define HAVE_GETRUSAGE 1
| #define HAVE_SETRLIMIT 1
| #define HAVE_CLOCK_GETTIME 1
| #define HAVE_ATEXIT 1
| #define HAVE_RAISE 1
| #define HAVE_GETPAGESIZE 1
| #define HAVE_STRFTIME 1
| #define HAVE_NL_LANGINFO 1
| #define HAVE_SETLOCALE 1
| #define HAVE_WAITPID 1
| #define HAVE_WAIT4 1
| #define HAVE_SIGACTION 1
| #define HAVE_SIGPROCMASK 1
| #define HAVE_RAND 1
| #define HAVE_PIPE 1
| #define HAVE_STAT 1
| #define HAVE_GETADDRINFO 1
| #define HAVE_FCNTL 1
| #define HAVE_FTRUNCATE 1
| #define HAVE_INET_NTOP 1
| #define HAVE_MKDTEMP 1
| #define HAVE_TIMEGM 1
| #define HAVE_ISASCII 1
| #define HAVE_MEMRCHR 1
| #define HAVE_STRSEP 1
| #define HAVE_STRUCT_SIGACTION 1
| #define HAVE_SIGSET_T 1
| #define HAVE_MLOCK 1
| #define HAVE_SYSCONF 1
| #define HAVE_GETPAGESIZE 1
| #define HAVE_SYS_STAT_H 1
| #define HAVE_UNISTD_H 1
| /* end confdefs.h.  */
| #include <direct.h>
configure:15872: result: no
configure:15872: checking for direct.h
configure:15872: result: no
configure:15882: checking if mkdir takes one argument
configure:15908: gcc -c -g -O2  conftest.c >&5
configure:15908: $? = 0
configure:15915: result: no
configure:15928: checking system features for estream-printf
configure:15932: checking for stdint.h
configure:15932: result: yes
configure:15943: checking for long long int
configure:16025: result: yes
configure:16034: checking for long double
configure:16067: result: yes
configure:16077: checking for intmax_t
configure:16077: gcc -c -g -O2  conftest.c >&5
configure:16077: $? = 0
configure:16077: gcc -c -g -O2  conftest.c >&5
conftest.c: In function 'main':
conftest.c:284:23: error: expected expression before ')' token
  284 | if (sizeof ((intmax_t)))
      |                       ^
configure:16077: $? = 1
configure: failed program was:
| /* confdefs.h */
| #define PACKAGE_NAME "gnupg"
| #define PACKAGE_TARNAME "gnupg"
| #define PACKAGE_VERSION "1.4.13"
| #define PACKAGE_STRING "gnupg 1.4.13"
| #define PACKAGE_BUGREPORT "http://bugs.gnupg.org"
| #define PACKAGE_URL ""
| #define PACKAGE "gnupg"
| #define VERSION "1.4.13"
| #define STDC_HEADERS 1
| #define HAVE_SYS_TYPES_H 1
| #define HAVE_SYS_STAT_H 1
| #define HAVE_STDLIB_H 1
| #define HAVE_STRING_H 1
| #define HAVE_MEMORY_H 1
| #define HAVE_STRINGS_H 1
| #define HAVE_INTTYPES_H 1
| #define HAVE_STDINT_H 1
| #define HAVE_UNISTD_H 1
| #define __EXTENSIONS__ 1
| #define _ALL_SOURCE 1
| #define _GNU_SOURCE 1
| #define _POSIX_PTHREAD_SEMANTICS 1
| #define _TANDEM_SOURCE 1
| #define EGD_SOCKET_NAME ""
| #define USE_RSA 1
| #define USE_IDEA 1
| #define USE_CAST5 1
| #define USE_BLOWFISH 1
| #define USE_AES 1
| #define USE_TWOFISH 1
| #define USE_CAMELLIA 1
| #define USE_SHA256 1
| #define PK_UID_CACHE_SIZE 4096
| #define EXEEXT ""
| #define USE_DNS_SRV 1
| #define USE_DNS_PKA 1
| #define USE_DNS_CERT 1
| #define HAVE_CURL_FREE 1
| #define HAVE_CURL_EASY_ESCAPE 1
| #define HAVE_CURL_EASY_UNESCAPE 1
| #define HAVE_LIBCURL 1
| #define LIBCURL_VERNUM 0x080F00
| #define LIBCURL_FEATURE_ALT_SVC 1
| #define LIBCURL_FEATURE_ASYNCHDNS 1
| #define LIBCURL_FEATURE_HSTS 1
| #define LIBCURL_FEATURE_HTTP2 1
| #define LIBCURL_FEATURE_HTTP3 1
| #define LIBCURL_FEATURE_HTTPS_PROXY 1
| #define LIBCURL_FEATURE_IPV6 1
| #define LIBCURL_FEATURE_LARGEFILE 1
| #define LIBCURL_FEATURE_LIBZ 1
| #define LIBCURL_FEATURE_NTLM 1
| #define LIBCURL_FEATURE_PSL 1
| #define LIBCURL_FEATURE_SSL 1
| #define LIBCURL_FEATURE_THREADSAFE 1
| #define LIBCURL_FEATURE_TLS_SRP 1
| #define LIBCURL_FEATURE_UNIXSOCKETS 1
| #define LIBCURL_PROTOCOL_DICT 1
| #define LIBCURL_PROTOCOL_FILE 1
| #define LIBCURL_PROTOCOL_FTP 1
| #define LIBCURL_PROTOCOL_FTPS 1
| #define LIBCURL_PROTOCOL_GOPHER 1
| #define LIBCURL_PROTOCOL_GOPHERS 1
| #define LIBCURL_PROTOCOL_HTTP 1
| #define LIBCURL_PROTOCOL_HTTPS 1
| #define LIBCURL_PROTOCOL_IMAP 1
| #define LIBCURL_PROTOCOL_IMAPS 1
| #define LIBCURL_PROTOCOL_IPFS 1
| #define LIBCURL_PROTOCOL_IPNS 1
| #define LIBCURL_PROTOCOL_MQTT 1
| #define LIBCURL_PROTOCOL_POP3 1
| #define LIBCURL_PROTOCOL_POP3S 1
| #define LIBCURL_PROTOCOL_RTSP 1
| #define LIBCURL_PROTOCOL_SMB 1
| #define LIBCURL_PROTOCOL_SMBS 1
| #define LIBCURL_PROTOCOL_SMTP 1
| #define LIBCURL_PROTOCOL_SMTPS 1
| #define LIBCURL_PROTOCOL_TELNET 1
| #define LIBCURL_PROTOCOL_TFTP 1
| #define LIBCURL_PROTOCOL_WS 1
| #define LIBCURL_PROTOCOL_WSS 1
| #define PRINTABLE_OS_NAME "GNU/Linux"
| #define NAME_OF_DEV_RANDOM "/dev/random"
| #define NAME_OF_DEV_URANDOM "/dev/urandom"
| #define HAVE_VISIBILITY 1
| #define HAVE_STDINT_H_WITH_UINTMAX 1
| #define HAVE_ALLOCA_H 1
| #define HAVE_ALLOCA 1
| #define HAVE_STDLIB_H 1
| #define HAVE_UNISTD_H 1
| #define HAVE_SYS_PARAM_H 1
| #define HAVE_GETPAGESIZE 1
| #define HAVE_MMAP 1
| #define INTDIV0_RAISES_SIGFPE 1
| #define HAVE_INTTYPES_H_WITH_UINTMAX 1
| #define HAVE_UNSIGNED_LONG_LONG_INT 1
| #define HAVE_UINTMAX_T 1
| #define HAVE_INTTYPES_H 1
| #define USE_POSIX_THREADS 1
| #define USE_POSIX_THREADS_WEAK 1
| #define HAVE_PTHREAD_RWLOCK 1
| #define HAVE_PTHREAD_MUTEX_RECURSIVE 1
| #define HAVE_ICONV 1
| #define ICONV_CONST 
| #define HAVE_BUILTIN_EXPECT 1
| #define HAVE_ARGZ_H 1
| #define HAVE_INTTYPES_H 1
| #define HAVE_LIMITS_H 1
| #define HAVE_UNISTD_H 1
| #define HAVE_SYS_PARAM_H 1
| #define HAVE_GETCWD 1
| #define HAVE_GETEGID 1
| #define HAVE_GETEUID 1
| #define HAVE_GETGID 1
| #define HAVE_GETUID 1
| #define HAVE_MEMPCPY 1
| #define HAVE_MUNMAP 1
| #define HAVE_STPCPY 1
| #define HAVE_STRCASECMP 1
| #define HAVE_STRDUP 1
| #define HAVE_STRTOUL 1
| #define HAVE_TSEARCH 1
| #define HAVE_USELOCALE 1
| #define HAVE_ARGZ_COUNT 1
| #define HAVE_ARGZ_STRINGIFY 1
| #define HAVE_ARGZ_NEXT 1
| #define HAVE___FSETLOCKING 1
| #define HAVE_DECL_FEOF_UNLOCKED 1
| #define HAVE_DECL_FGETS_UNLOCKED 1
| #define HAVE_LONG_LONG_INT 1
| #define HAVE_WCHAR_T 1
| #define HAVE_WINT_T 1
| #define HAVE_INTMAX_T 1
| #define HAVE_POSIX_PRINTF 1
| #define HAVE_STDINT_H 1
| #define HAVE_STDINT_H 1
| #define HAVE_WORKING_O_NOATIME 1
| #define HAVE_WORKING_O_NOFOLLOW 1
| #define HAVE_STDDEF_H 1
| #define HAVE_STDLIB_H 1
| #define HAVE_STRING_H 1
| #define HAVE_ASPRINTF 1
| #define HAVE_FWPRINTF 1
| #define HAVE_NEWLOCALE 1
| #define HAVE_PUTENV 1
| #define HAVE_SETENV 1
| #define HAVE_SETLOCALE 1
| #define HAVE_SNPRINTF 1
| #define HAVE_STRNLEN 1
| #define HAVE_WCSLEN 1
| #define HAVE_WCSNLEN 1
| #define HAVE_MBRTOWC 1
| #define HAVE_WCRTOMB 1
| #define HAVE_DECL__SNPRINTF 0
| #define HAVE_DECL__SNWPRINTF 0
| #define HAVE_DECL_GETC_UNLOCKED 1
| #define HAVE_LANGINFO_CODESET 1
| #define HAVE_LC_MESSAGES 1
| #define ENABLE_NLS 1
| #define HAVE_GETTEXT 1
| #define HAVE_DCGETTEXT 1
| #define HAVE_STRCHR 1
| #define HAVE_DL_DLOPEN 1
| #define ENABLE_CARD_SUPPORT 1
| #define ENABLE_AGENT_SUPPORT 1
| #define USE_GNUPG_ICONV 1
| #define STDC_HEADERS 1
| #define HAVE_UNISTD_H 1
| #define HAVE_LANGINFO_H 1
| #define HAVE_TERMIO_H 1
| #define HAVE_LOCALE_H 1
| #define HAVE_GETOPT_H 1
| #define HAVE_PWD_H 1
| #define HAVE_SIGNAL_H 1
| #define RETSIGTYPE void
| #define HAVE_DECL_SYS_SIGLIST 0
| #define LITTLE_ENDIAN_HOST 1
| #define HAVE_USHORT_TYPEDEF 1
| #define HAVE_ULONG_TYPEDEF 1
| #define SIZEOF_UNSIGNED_SHORT 2
| #define SIZEOF_UNSIGNED_INT 4
| #define SIZEOF_UNSIGNED_LONG 8
| #define SIZEOF_UNSIGNED_LONG_LONG 8
| #define TIME_WITH_SYS_TIME 1
| #define SIZEOF_TIME_T 8
| #define HAVE_INTTYPES_H 1
| #define SIZEOF_UINT64_T 8
| #define USE_SHA512 1
| #define HAVE_DECL_GETPAGESIZE 1
| #define HAVE_FSEEKO 1
| #define HAVE_VPRINTF 1
| #define HAVE_FORK 1
| #define HAVE_VFORK 1
| #define HAVE_WORKING_VFORK 1
| #define HAVE_WORKING_FORK 1
| #define HAVE_STRERROR 1
| #define HAVE_STPCPY 1
| #define HAVE_TCGETATTR 1
| #define HAVE_STRTOUL 1
| #define HAVE_MMAP 1
| #define HAVE_SYSCONF 1
| #define HAVE_STRCASECMP 1
| #define HAVE_STRNCASECMP 1
| #define HAVE_CTERMID 1
| #define HAVE_TIMES 1
| #define HAVE_UNSETENV 1
| #define HAVE_GETPWNAM 1
| #define HAVE_GETPWUID 1
| #define HAVE_MEMMOVE 1
| #define HAVE_GETTIMEOFDAY 1
| #define HAVE_GETRUSAGE 1
| #define HAVE_SETRLIMIT 1
| #define HAVE_CLOCK_GETTIME 1
| #define HAVE_ATEXIT 1
| #define HAVE_RAISE 1
| #define HAVE_GETPAGESIZE 1
| #define HAVE_STRFTIME 1
| #define HAVE_NL_LANGINFO 1
| #define HAVE_SETLOCALE 1
| #define HAVE_WAITPID 1
| #define HAVE_WAIT4 1
| #define HAVE_SIGACTION 1
| #define HAVE_SIGPROCMASK 1
| #define HAVE_RAND 1
| #define HAVE_PIPE 1
| #define HAVE_STAT 1
| #define HAVE_GETADDRINFO 1
| #define HAVE_FCNTL 1
| #define HAVE_FTRUNCATE 1
| #define HAVE_INET_NTOP 1
| #define HAVE_MKDTEMP 1
| #define HAVE_TIMEGM 1
| #define HAVE_ISASCII 1
| #define HAVE_MEMRCHR 1
| #define HAVE_STRSEP 1
| #define HAVE_STRUCT_SIGACTION 1
| #define HAVE_SIGSET_T 1
| #define HAVE_MLOCK 1
| #define HAVE_SYSCONF 1
| #define HAVE_GETPAGESIZE 1
| #define HAVE_SYS_STAT_H 1
| #define HAVE_UNISTD_H 1
| #define HAVE_STDINT_H 1
| #define HAVE_LONG_LONG_INT 1
| #define HAVE_LONG_DOUBLE 1
| /* end confdefs.h.  */
| #include <stdio.h>
| #ifdef HAVE_SYS_TYPES_H
| # include <sys/types.h>
| #endif
| #ifdef HAVE_SYS_STAT_H
| # include <sys/stat.h>
| #endif
| #ifdef STDC_HEADERS
| # include <stdlib.h>
| # include <stddef.h>
| #else
| # ifdef HAVE_STDLIB_H
| #  include <stdlib.h>
| # endif
| #endif
| #ifdef HAVE_STRING_H
| # if !defined STDC_HEADERS && defined HAVE_MEMORY_H
| #  include <memory.h>
| # endif
| # include <string.h>
| #endif
| #ifdef HAVE_STRINGS_H
| # include <strings.h>
| #endif
| #ifdef HAVE_INTTYPES_H
| # include <inttypes.h>
| #endif
| #ifdef HAVE_STDINT_H
| # include <stdint.h>
| #endif
| #ifdef HAVE_UNISTD_H
| # include <unistd.h>
| #endif
| int
| main ()
| {
| if (sizeof ((intmax_t)))
| 	    return 0;
|   ;
|   return 0;
| }
configure:16077: result: yes
configure:16096: checking for uintmax_t
configure:16096: gcc -c -g -O2  conftest.c >&5
configure:16096: $? = 0
configure:16096: gcc -c -g -O2  conftest.c >&5
conftest.c: In function 'main':
conftest.c:285:24: error: expected expression before ')' token
  285 | if (sizeof ((uintmax_t)))
      |                        ^
configure:16096: $? = 1
configure: failed program was:
| /* confdefs.h */
| #define PACKAGE_NAME "gnupg"
| #define PACKAGE_TARNAME "gnupg"
| #define PACKAGE_VERSION "1.4.13"
| #define PACKAGE_STRING "gnupg 1.4.13"
| #define PACKAGE_BUGREPORT "http://bugs.gnupg.org"
| #define PACKAGE_URL ""
| #define PACKAGE "gnupg"
| #define VERSION "1.4.13"
| #define STDC_HEADERS 1
| #define HAVE_SYS_TYPES_H 1
| #define HAVE_SYS_STAT_H 1
| #define HAVE_STDLIB_H 1
| #define HAVE_STRING_H 1
| #define HAVE_MEMORY_H 1
| #define HAVE_STRINGS_H 1
| #define HAVE_INTTYPES_H 1
| #define HAVE_STDINT_H 1
| #define HAVE_UNISTD_H 1
| #define __EXTENSIONS__ 1
| #define _ALL_SOURCE 1
| #define _GNU_SOURCE 1
| #define _POSIX_PTHREAD_SEMANTICS 1
| #define _TANDEM_SOURCE 1
| #define EGD_SOCKET_NAME ""
| #define USE_RSA 1
| #define USE_IDEA 1
| #define USE_CAST5 1
| #define USE_BLOWFISH 1
| #define USE_AES 1
| #define USE_TWOFISH 1
| #define USE_CAMELLIA 1
| #define USE_SHA256 1
| #define PK_UID_CACHE_SIZE 4096
| #define EXEEXT ""
| #define USE_DNS_SRV 1
| #define USE_DNS_PKA 1
| #define USE_DNS_CERT 1
| #define HAVE_CURL_FREE 1
| #define HAVE_CURL_EASY_ESCAPE 1
| #define HAVE_CURL_EASY_UNESCAPE 1
| #define HAVE_LIBCURL 1
| #define LIBCURL_VERNUM 0x080F00
| #define LIBCURL_FEATURE_ALT_SVC 1
| #define LIBCURL_FEATURE_ASYNCHDNS 1
| #define LIBCURL_FEATURE_HSTS 1
| #define LIBCURL_FEATURE_HTTP2 1
| #define LIBCURL_FEATURE_HTTP3 1
| #define LIBCURL_FEATURE_HTTPS_PROXY 1
| #define LIBCURL_FEATURE_IPV6 1
| #define LIBCURL_FEATURE_LARGEFILE 1
| #define LIBCURL_FEATURE_LIBZ 1
| #define LIBCURL_FEATURE_NTLM 1
| #define LIBCURL_FEATURE_PSL 1
| #define LIBCURL_FEATURE_SSL 1
| #define LIBCURL_FEATURE_THREADSAFE 1
| #define LIBCURL_FEATURE_TLS_SRP 1
| #define LIBCURL_FEATURE_UNIXSOCKETS 1
| #define LIBCURL_PROTOCOL_DICT 1
| #define LIBCURL_PROTOCOL_FILE 1
| #define LIBCURL_PROTOCOL_FTP 1
| #define LIBCURL_PROTOCOL_FTPS 1
| #define LIBCURL_PROTOCOL_GOPHER 1
| #define LIBCURL_PROTOCOL_GOPHERS 1
| #define LIBCURL_PROTOCOL_HTTP 1
| #define LIBCURL_PROTOCOL_HTTPS 1
| #define LIBCURL_PROTOCOL_IMAP 1
| #define LIBCURL_PROTOCOL_IMAPS 1
| #define LIBCURL_PROTOCOL_IPFS 1
| #define LIBCURL_PROTOCOL_IPNS 1
| #define LIBCURL_PROTOCOL_MQTT 1
| #define LIBCURL_PROTOCOL_POP3 1
| #define LIBCURL_PROTOCOL_POP3S 1
| #define LIBCURL_PROTOCOL_RTSP 1
| #define LIBCURL_PROTOCOL_SMB 1
| #define LIBCURL_PROTOCOL_SMBS 1
| #define LIBCURL_PROTOCOL_SMTP 1
| #define LIBCURL_PROTOCOL_SMTPS 1
| #define LIBCURL_PROTOCOL_TELNET 1
| #define LIBCURL_PROTOCOL_TFTP 1
| #define LIBCURL_PROTOCOL_WS 1
| #define LIBCURL_PROTOCOL_WSS 1
| #define PRINTABLE_OS_NAME "GNU/Linux"
| #define NAME_OF_DEV_RANDOM "/dev/random"
| #define NAME_OF_DEV_URANDOM "/dev/urandom"
| #define HAVE_VISIBILITY 1
| #define HAVE_STDINT_H_WITH_UINTMAX 1
| #define HAVE_ALLOCA_H 1
| #define HAVE_ALLOCA 1
| #define HAVE_STDLIB_H 1
| #define HAVE_UNISTD_H 1
| #define HAVE_SYS_PARAM_H 1
| #define HAVE_GETPAGESIZE 1
| #define HAVE_MMAP 1
| #define INTDIV0_RAISES_SIGFPE 1
| #define HAVE_INTTYPES_H_WITH_UINTMAX 1
| #define HAVE_UNSIGNED_LONG_LONG_INT 1
| #define HAVE_UINTMAX_T 1
| #define HAVE_INTTYPES_H 1
| #define USE_POSIX_THREADS 1
| #define USE_POSIX_THREADS_WEAK 1
| #define HAVE_PTHREAD_RWLOCK 1
| #define HAVE_PTHREAD_MUTEX_RECURSIVE 1
| #define HAVE_ICONV 1
| #define ICONV_CONST 
| #define HAVE_BUILTIN_EXPECT 1
| #define HAVE_ARGZ_H 1
| #define HAVE_INTTYPES_H 1
| #define HAVE_LIMITS_H 1
| #define HAVE_UNISTD_H 1
| #define HAVE_SYS_PARAM_H 1
| #define HAVE_GETCWD 1
| #define HAVE_GETEGID 1
| #define HAVE_GETEUID 1
| #define HAVE_GETGID 1
| #define HAVE_GETUID 1
| #define HAVE_MEMPCPY 1
| #define HAVE_MUNMAP 1
| #define HAVE_STPCPY 1
| #define HAVE_STRCASECMP 1
| #define HAVE_STRDUP 1
| #define HAVE_STRTOUL 1
| #define HAVE_TSEARCH 1
| #define HAVE_USELOCALE 1
| #define HAVE_ARGZ_COUNT 1
| #define HAVE_ARGZ_STRINGIFY 1
| #define HAVE_ARGZ_NEXT 1
| #define HAVE___FSETLOCKING 1
| #define HAVE_DECL_FEOF_UNLOCKED 1
| #define HAVE_DECL_FGETS_UNLOCKED 1
| #define HAVE_LONG_LONG_INT 1
| #define HAVE_WCHAR_T 1
| #define HAVE_WINT_T 1
| #define HAVE_INTMAX_T 1
| #define HAVE_POSIX_PRINTF 1
| #define HAVE_STDINT_H 1
| #define HAVE_STDINT_H 1
| #define HAVE_WORKING_O_NOATIME 1
| #define HAVE_WORKING_O_NOFOLLOW 1
| #define HAVE_STDDEF_H 1
| #define HAVE_STDLIB_H 1
| #define HAVE_STRING_H 1
| #define HAVE_ASPRINTF 1
| #define HAVE_FWPRINTF 1
| #define HAVE_NEWLOCALE 1
| #define HAVE_PUTENV 1
| #define HAVE_SETENV 1
| #define HAVE_SETLOCALE 1
| #define HAVE_SNPRINTF 1
| #define HAVE_STRNLEN 1
| #define HAVE_WCSLEN 1
| #define HAVE_WCSNLEN 1
| #define HAVE_MBRTOWC 1
| #define HAVE_WCRTOMB 1
| #define HAVE_DECL__SNPRINTF 0
| #define HAVE_DECL__SNWPRINTF 0
| #define HAVE_DECL_GETC_UNLOCKED 1
| #define HAVE_LANGINFO_CODESET 1
| #define HAVE_LC_MESSAGES 1
| #define ENABLE_NLS 1
| #define HAVE_GETTEXT 1
| #define HAVE_DCGETTEXT 1
| #define HAVE_STRCHR 1
| #define HAVE_DL_DLOPEN 1
| #define ENABLE_CARD_SUPPORT 1
| #define ENABLE_AGENT_SUPPORT 1
| #define USE_GNUPG_ICONV 1
| #define STDC_HEADERS 1
| #define HAVE_UNISTD_H 1
| #define HAVE_LANGINFO_H 1
| #define HAVE_TERMIO_H 1
| #define HAVE_LOCALE_H 1
| #define HAVE_GETOPT_H 1
| #define HAVE_PWD_H 1
| #define HAVE_SIGNAL_H 1
| #define RETSIGTYPE void
| #define HAVE_DECL_SYS_SIGLIST 0
| #define LITTLE_ENDIAN_HOST 1
| #define HAVE_USHORT_TYPEDEF 1
| #define HAVE_ULONG_TYPEDEF 1
| #define SIZEOF_UNSIGNED_SHORT 2
| #define SIZEOF_UNSIGNED_INT 4
| #define SIZEOF_UNSIGNED_LONG 8
| #define SIZEOF_UNSIGNED_LONG_LONG 8
| #define TIME_WITH_SYS_TIME 1
| #define SIZEOF_TIME_T 8
| #define HAVE_INTTYPES_H 1
| #define SIZEOF_UINT64_T 8
| #define USE_SHA512 1
| #define HAVE_DECL_GETPAGESIZE 1
| #define HAVE_FSEEKO 1
| #define HAVE_VPRINTF 1
| #define HAVE_FORK 1
| #define HAVE_VFORK 1
| #define HAVE_WORKING_VFORK 1
| #define HAVE_WORKING_FORK 1
| #define HAVE_STRERROR 1
| #define HAVE_STPCPY 1
| #define HAVE_TCGETATTR 1
| #define HAVE_STRTOUL 1
| #define HAVE_MMAP 1
| #define HAVE_SYSCONF 1
| #define HAVE_STRCASECMP 1
| #define HAVE_STRNCASECMP 1
| #define HAVE_CTERMID 1
| #define HAVE_TIMES 1
| #define HAVE_UNSETENV 1
| #define HAVE_GETPWNAM 1
| #define HAVE_GETPWUID 1
| #define HAVE_MEMMOVE 1
| #define HAVE_GETTIMEOFDAY 1
| #define HAVE_GETRUSAGE 1
| #define HAVE_SETRLIMIT 1
| #define HAVE_CLOCK_GETTIME 1
| #define HAVE_ATEXIT 1
| #define HAVE_RAISE 1
| #define HAVE_GETPAGESIZE 1
| #define HAVE_STRFTIME 1
| #define HAVE_NL_LANGINFO 1
| #define HAVE_SETLOCALE 1
| #define HAVE_WAITPID 1
| #define HAVE_WAIT4 1
| #define HAVE_SIGACTION 1
| #define HAVE_SIGPROCMASK 1
| #define HAVE_RAND 1
| #define HAVE_PIPE 1
| #define HAVE_STAT 1
| #define HAVE_GETADDRINFO 1
| #define HAVE_FCNTL 1
| #define HAVE_FTRUNCATE 1
| #define HAVE_INET_NTOP 1
| #define HAVE_MKDTEMP 1
| #define HAVE_TIMEGM 1
| #define HAVE_ISASCII 1
| #define HAVE_MEMRCHR 1
| #define HAVE_STRSEP 1
| #define HAVE_STRUCT_SIGACTION 1
| #define HAVE_SIGSET_T 1
| #define HAVE_MLOCK 1
| #define HAVE_SYSCONF 1
| #define HAVE_GETPAGESIZE 1
| #define HAVE_SYS_STAT_H 1
| #define HAVE_UNISTD_H 1
| #define HAVE_STDINT_H 1
| #define HAVE_LONG_LONG_INT 1
| #define HAVE_LONG_DOUBLE 1
| #define HAVE_INTMAX_T 1
| /* end confdefs.h.  */
| #include <stdio.h>
| #ifdef HAVE_SYS_TYPES_H
| # include <sys/types.h>
| #endif
| #ifdef HAVE_SYS_STAT_H
| # include <sys/stat.h>
| #endif
| #ifdef STDC_HEADERS
| # include <stdlib.h>
| # include <stddef.h>
| #else
| # ifdef HAVE_STDLIB_H
| #  include <stdlib.h>
| # endif
| #endif
| #ifdef HAVE_STRING_H
| # if !defined STDC_HEADERS && defined HAVE_MEMORY_H
| #  include <memory.h>
| # endif
| # include <string.h>
| #endif
| #ifdef HAVE_STRINGS_H
| # include <strings.h>
| #endif
| #ifdef HAVE_INTTYPES_H
| # include <inttypes.h>
| #endif
| #ifdef HAVE_STDINT_H
| # include <stdint.h>
| #endif
| #ifdef HAVE_UNISTD_H
| # include <unistd.h>
| #endif
| int
| main ()
| {
| if (sizeof ((uintmax_t)))
| 	    return 0;
|   ;
|   return 0;
| }
configure:16096: result: yes
configure:16113: checking for ptrdiff_t
configure:16113: result: yes
configure:16127: checking size of unsigned long
configure:16146: result: 8
configure:16160: checking size of void *
configure:16165: gcc -o conftest -g -O2   conftest.c  >&5
configure:16165: $? = 0
configure:16165: ./conftest
configure:16165: $? = 0
configure:16179: result: 8
configure:16189: checking for nl_langinfo and THOUSANDS_SEP
configure:16205: gcc -o conftest -g -O2   conftest.c  >&5
configure:16205: $? = 0
configure:16214: result: yes
configure:16326: checking sys/ipc.h usability
configure:16326: gcc -c -g -O2  conftest.c >&5
configure:16326: $? = 0
configure:16326: result: yes
configure:16326: checking sys/ipc.h presence
configure:16326: gcc -E  conftest.c
configure:16326: $? = 0
configure:16326: result: yes
configure:16326: checking for sys/ipc.h
configure:16326: result: yes
configure:16326: checking sys/shm.h usability
configure:16326: gcc -c -g -O2  conftest.c >&5
configure:16326: $? = 0
configure:16326: result: yes
configure:16326: checking sys/shm.h presence
configure:16326: gcc -E  conftest.c
configure:16326: $? = 0
configure:16326: result: yes
configure:16326: checking for sys/shm.h
configure:16326: result: yes
configure:16337: checking whether IPC_RMID allowes subsequent attaches
configure:16371: gcc -o conftest -g -O2   conftest.c  >&5
conftest.c: In function 'main':
conftest.c:266:16: warning: implicit declaration of function 'exit' [-Wimplicit-function-declaration]
  266 |                exit (2);
      |                ^~~~
conftest.c:260:1: note: include '<stdlib.h>' or provide a declaration of 'exit'
  259 |              #include <sys/shm.h>
  +++ |+#include <stdlib.h>
  260 |              int main()
conftest.c:266:16: warning: incompatible implicit declaration of built-in function 'exit' [-Wbuiltin-declaration-mismatch]
  266 |                exit (2);
      |                ^~~~
conftest.c:266:16: note: include '<stdlib.h>' or provide a declaration of 'exit'
conftest.c:272:18: warning: incompatible implicit declaration of built-in function 'exit' [-Wbuiltin-declaration-mismatch]
  272 |                  exit (1);
      |                  ^~~~
conftest.c:272:18: note: include '<stdlib.h>' or provide a declaration of 'exit'
conftest.c:276:16: warning: incompatible implicit declaration of built-in function 'exit' [-Wbuiltin-declaration-mismatch]
  276 |                exit (0);
      |                ^~~~
conftest.c:276:16: note: include '<stdlib.h>' or provide a declaration of 'exit'
configure:16371: $? = 0
configure:16371: ./conftest
configure:16371: $? = 0
configure:16387: result: yes
configure:16399: checking whether SHM_LOCK is available
configure:16420: gcc -c -g -O2  conftest.c >&5
configure:16420: $? = 0
configure:16434: result: yes
configure:16458: checking for random device
configure:16466: result: yes
configure:16585: checking for mpi assembler functions
configure:16594: result: done
configure:16615: checking whether regular expression support is requested
configure:16624: result: yes
configure:16628: checking whether the included regex lib is requested
configure:16638: result: no
configure:16643: checking for regcomp
configure:16643: gcc -o conftest -g -O2   conftest.c  >&5
configure:16643: $? = 0
configure:16643: result: yes
configure:16653: checking whether your system's regexp library is broken
configure:16668: gcc -o conftest -g -O2   conftest.c  >&5
conftest.c:264:1: warning: return type defaults to 'int' [-Wimplicit-int]
  264 | main() { regex_t blah ; regmatch_t p; p.rm_eo = p.rm_eo; return regcomp(&blah, "foo.*bar", REG_NOSUB) || regexec (&blah, "foobar", 0, NULL, 0); }
      | ^~~~
configure:16668: $? = 0
configure:16668: ./conftest
configure:16668: $? = 0
configure:16678: result: no
configure:16727: checking zlib.h usability
configure:16727: gcc -c -g -O2  conftest.c >&5
configure:16727: $? = 0
configure:16727: result: yes
configure:16727: checking zlib.h presence
configure:16727: gcc -E  conftest.c
configure:16727: $? = 0
configure:16727: result: yes
configure:16727: checking for zlib.h
configure:16727: result: yes
configure:16729: checking for deflateInit2_ in -lz
configure:16754: gcc -o conftest -g -O2   conftest.c -lz   >&5
configure:16754: $? = 0
configure:16763: result: yes
configure:16827: checking for bzlib.h
configure:16827: gcc -c -g -O2  conftest.c >&5
conftest.c:263:10: fatal error: bzlib.h: No such file or directory
  263 | #include <bzlib.h>
      |          ^~~~~~~~~
compilation terminated.
configure:16827: $? = 1
configure: failed program was:
| /* confdefs.h */
| #define PACKAGE_NAME "gnupg"
| #define PACKAGE_TARNAME "gnupg"
| #define PACKAGE_VERSION "1.4.13"
| #define PACKAGE_STRING "gnupg 1.4.13"
| #define PACKAGE_BUGREPORT "http://bugs.gnupg.org"
| #define PACKAGE_URL ""
| #define PACKAGE "gnupg"
| #define VERSION "1.4.13"
| #define STDC_HEADERS 1
| #define HAVE_SYS_TYPES_H 1
| #define HAVE_SYS_STAT_H 1
| #define HAVE_STDLIB_H 1
| #define HAVE_STRING_H 1
| #define HAVE_MEMORY_H 1
| #define HAVE_STRINGS_H 1
| #define HAVE_INTTYPES_H 1
| #define HAVE_STDINT_H 1
| #define HAVE_UNISTD_H 1
| #define __EXTENSIONS__ 1
| #define _ALL_SOURCE 1
| #define _GNU_SOURCE 1
| #define _POSIX_PTHREAD_SEMANTICS 1
| #define _TANDEM_SOURCE 1
| #define EGD_SOCKET_NAME ""
| #define USE_RSA 1
| #define USE_IDEA 1
| #define USE_CAST5 1
| #define USE_BLOWFISH 1
| #define USE_AES 1
| #define USE_TWOFISH 1
| #define USE_CAMELLIA 1
| #define USE_SHA256 1
| #define PK_UID_CACHE_SIZE 4096
| #define EXEEXT ""
| #define USE_DNS_SRV 1
| #define USE_DNS_PKA 1
| #define USE_DNS_CERT 1
| #define HAVE_CURL_FREE 1
| #define HAVE_CURL_EASY_ESCAPE 1
| #define HAVE_CURL_EASY_UNESCAPE 1
| #define HAVE_LIBCURL 1
| #define LIBCURL_VERNUM 0x080F00
| #define LIBCURL_FEATURE_ALT_SVC 1
| #define LIBCURL_FEATURE_ASYNCHDNS 1
| #define LIBCURL_FEATURE_HSTS 1
| #define LIBCURL_FEATURE_HTTP2 1
| #define LIBCURL_FEATURE_HTTP3 1
| #define LIBCURL_FEATURE_HTTPS_PROXY 1
| #define LIBCURL_FEATURE_IPV6 1
| #define LIBCURL_FEATURE_LARGEFILE 1
| #define LIBCURL_FEATURE_LIBZ 1
| #define LIBCURL_FEATURE_NTLM 1
| #define LIBCURL_FEATURE_PSL 1
| #define LIBCURL_FEATURE_SSL 1
| #define LIBCURL_FEATURE_THREADSAFE 1
| #define LIBCURL_FEATURE_TLS_SRP 1
| #define LIBCURL_FEATURE_UNIXSOCKETS 1
| #define LIBCURL_PROTOCOL_DICT 1
| #define LIBCURL_PROTOCOL_FILE 1
| #define LIBCURL_PROTOCOL_FTP 1
| #define LIBCURL_PROTOCOL_FTPS 1
| #define LIBCURL_PROTOCOL_GOPHER 1
| #define LIBCURL_PROTOCOL_GOPHERS 1
| #define LIBCURL_PROTOCOL_HTTP 1
| #define LIBCURL_PROTOCOL_HTTPS 1
| #define LIBCURL_PROTOCOL_IMAP 1
| #define LIBCURL_PROTOCOL_IMAPS 1
| #define LIBCURL_PROTOCOL_IPFS 1
| #define LIBCURL_PROTOCOL_IPNS 1
| #define LIBCURL_PROTOCOL_MQTT 1
| #define LIBCURL_PROTOCOL_POP3 1
| #define LIBCURL_PROTOCOL_POP3S 1
| #define LIBCURL_PROTOCOL_RTSP 1
| #define LIBCURL_PROTOCOL_SMB 1
| #define LIBCURL_PROTOCOL_SMBS 1
| #define LIBCURL_PROTOCOL_SMTP 1
| #define LIBCURL_PROTOCOL_SMTPS 1
| #define LIBCURL_PROTOCOL_TELNET 1
| #define LIBCURL_PROTOCOL_TFTP 1
| #define LIBCURL_PROTOCOL_WS 1
| #define LIBCURL_PROTOCOL_WSS 1
| #define PRINTABLE_OS_NAME "GNU/Linux"
| #define NAME_OF_DEV_RANDOM "/dev/random"
| #define NAME_OF_DEV_URANDOM "/dev/urandom"
| #define HAVE_VISIBILITY 1
| #define HAVE_STDINT_H_WITH_UINTMAX 1
| #define HAVE_ALLOCA_H 1
| #define HAVE_ALLOCA 1
| #define HAVE_STDLIB_H 1
| #define HAVE_UNISTD_H 1
| #define HAVE_SYS_PARAM_H 1
| #define HAVE_GETPAGESIZE 1
| #define HAVE_MMAP 1
| #define INTDIV0_RAISES_SIGFPE 1
| #define HAVE_INTTYPES_H_WITH_UINTMAX 1
| #define HAVE_UNSIGNED_LONG_LONG_INT 1
| #define HAVE_UINTMAX_T 1
| #define HAVE_INTTYPES_H 1
| #define USE_POSIX_THREADS 1
| #define USE_POSIX_THREADS_WEAK 1
| #define HAVE_PTHREAD_RWLOCK 1
| #define HAVE_PTHREAD_MUTEX_RECURSIVE 1
| #define HAVE_ICONV 1
| #define ICONV_CONST 
| #define HAVE_BUILTIN_EXPECT 1
| #define HAVE_ARGZ_H 1
| #define HAVE_INTTYPES_H 1
| #define HAVE_LIMITS_H 1
| #define HAVE_UNISTD_H 1
| #define HAVE_SYS_PARAM_H 1
| #define HAVE_GETCWD 1
| #define HAVE_GETEGID 1
| #define HAVE_GETEUID 1
| #define HAVE_GETGID 1
| #define HAVE_GETUID 1
| #define HAVE_MEMPCPY 1
| #define HAVE_MUNMAP 1
| #define HAVE_STPCPY 1
| #define HAVE_STRCASECMP 1
| #define HAVE_STRDUP 1
| #define HAVE_STRTOUL 1
| #define HAVE_TSEARCH 1
| #define HAVE_USELOCALE 1
| #define HAVE_ARGZ_COUNT 1
| #define HAVE_ARGZ_STRINGIFY 1
| #define HAVE_ARGZ_NEXT 1
| #define HAVE___FSETLOCKING 1
| #define HAVE_DECL_FEOF_UNLOCKED 1
| #define HAVE_DECL_FGETS_UNLOCKED 1
| #define HAVE_LONG_LONG_INT 1
| #define HAVE_WCHAR_T 1
| #define HAVE_WINT_T 1
| #define HAVE_INTMAX_T 1
| #define HAVE_POSIX_PRINTF 1
| #define HAVE_STDINT_H 1
| #define HAVE_STDINT_H 1
| #define HAVE_WORKING_O_NOATIME 1
| #define HAVE_WORKING_O_NOFOLLOW 1
| #define HAVE_STDDEF_H 1
| #define HAVE_STDLIB_H 1
| #define HAVE_STRING_H 1
| #define HAVE_ASPRINTF 1
| #define HAVE_FWPRINTF 1
| #define HAVE_NEWLOCALE 1
| #define HAVE_PUTENV 1
| #define HAVE_SETENV 1
| #define HAVE_SETLOCALE 1
| #define HAVE_SNPRINTF 1
| #define HAVE_STRNLEN 1
| #define HAVE_WCSLEN 1
| #define HAVE_WCSNLEN 1
| #define HAVE_MBRTOWC 1
| #define HAVE_WCRTOMB 1
| #define HAVE_DECL__SNPRINTF 0
| #define HAVE_DECL__SNWPRINTF 0
| #define HAVE_DECL_GETC_UNLOCKED 1
| #define HAVE_LANGINFO_CODESET 1
| #define HAVE_LC_MESSAGES 1
| #define ENABLE_NLS 1
| #define HAVE_GETTEXT 1
| #define HAVE_DCGETTEXT 1
| #define HAVE_STRCHR 1
| #define HAVE_DL_DLOPEN 1
| #define ENABLE_CARD_SUPPORT 1
| #define ENABLE_AGENT_SUPPORT 1
| #define USE_GNUPG_ICONV 1
| #define STDC_HEADERS 1
| #define HAVE_UNISTD_H 1
| #define HAVE_LANGINFO_H 1
| #define HAVE_TERMIO_H 1
| #define HAVE_LOCALE_H 1
| #define HAVE_GETOPT_H 1
| #define HAVE_PWD_H 1
| #define HAVE_SIGNAL_H 1
| #define RETSIGTYPE void
| #define HAVE_DECL_SYS_SIGLIST 0
| #define LITTLE_ENDIAN_HOST 1
| #define HAVE_USHORT_TYPEDEF 1
| #define HAVE_ULONG_TYPEDEF 1
| #define SIZEOF_UNSIGNED_SHORT 2
| #define SIZEOF_UNSIGNED_INT 4
| #define SIZEOF_UNSIGNED_LONG 8
| #define SIZEOF_UNSIGNED_LONG_LONG 8
| #define TIME_WITH_SYS_TIME 1
| #define SIZEOF_TIME_T 8
| #define HAVE_INTTYPES_H 1
| #define SIZEOF_UINT64_T 8
| #define USE_SHA512 1
| #define HAVE_DECL_GETPAGESIZE 1
| #define HAVE_FSEEKO 1
| #define HAVE_VPRINTF 1
| #define HAVE_FORK 1
| #define HAVE_VFORK 1
| #define HAVE_WORKING_VFORK 1
| #define HAVE_WORKING_FORK 1
| #define HAVE_STRERROR 1
| #define HAVE_STPCPY 1
| #define HAVE_TCGETATTR 1
| #define HAVE_STRTOUL 1
| #define HAVE_MMAP 1
| #define HAVE_SYSCONF 1
| #define HAVE_STRCASECMP 1
| #define HAVE_STRNCASECMP 1
| #define HAVE_CTERMID 1
| #define HAVE_TIMES 1
| #define HAVE_UNSETENV 1
| #define HAVE_GETPWNAM 1
| #define HAVE_GETPWUID 1
| #define HAVE_MEMMOVE 1
| #define HAVE_GETTIMEOFDAY 1
| #define HAVE_GETRUSAGE 1
| #define HAVE_SETRLIMIT 1
| #define HAVE_CLOCK_GETTIME 1
| #define HAVE_ATEXIT 1
| #define HAVE_RAISE 1
| #define HAVE_GETPAGESIZE 1
| #define HAVE_STRFTIME 1
| #define HAVE_NL_LANGINFO 1
| #define HAVE_SETLOCALE 1
| #define HAVE_WAITPID 1
| #define HAVE_WAIT4 1
| #define HAVE_SIGACTION 1
| #define HAVE_SIGPROCMASK 1
| #define HAVE_RAND 1
| #define HAVE_PIPE 1
| #define HAVE_STAT 1
| #define HAVE_GETADDRINFO 1
| #define HAVE_FCNTL 1
| #define HAVE_FTRUNCATE 1
| #define HAVE_INET_NTOP 1
| #define HAVE_MKDTEMP 1
| #define HAVE_TIMEGM 1
| #define HAVE_ISASCII 1
| #define HAVE_MEMRCHR 1
| #define HAVE_STRSEP 1
| #define HAVE_STRUCT_SIGACTION 1
| #define HAVE_SIGSET_T 1
| #define HAVE_MLOCK 1
| #define HAVE_SYSCONF 1
| #define HAVE_GETPAGESIZE 1
| #define HAVE_SYS_STAT_H 1
| #define HAVE_UNISTD_H 1
| #define HAVE_STDINT_H 1
| #define HAVE_LONG_LONG_INT 1
| #define HAVE_LONG_DOUBLE 1
| #define HAVE_INTMAX_T 1
| #define HAVE_UINTMAX_T 1
| #define HAVE_PTRDIFF_T 1
| #define SIZEOF_UNSIGNED_LONG 8
| #define SIZEOF_VOID_P 8
| #define HAVE_LANGINFO_THOUSANDS_SEP 1
| #define HAVE_SYS_IPC_H 1
| #define HAVE_SYS_SHM_H 1
| #define IPC_RMID_DEFERRED_RELEASE 1
| #define IPC_HAVE_SHM_LOCK 1
| #define USE_SHM_COPROCESSING 1
| #define HAVE_DEV_RANDOM 1
| #define USE_RNDLINUX 1
| /* end confdefs.h.  */
| #include <stdio.h>
| 
| #include <bzlib.h>
configure:16827: result: no
configure:16956: checking for libusb-config
configure:16989: result: no
configure:17010: checking whether libusb is present and sane
configure:17026: gcc -o conftest -g -O2    conftest.c  -lusb >&5
conftest.c:261:10: fatal error: usb.h: No such file or directory
  261 | #include <usb.h>
      |          ^~~~~~~
compilation terminated.
configure:17026: $? = 1
configure: failed program was:
| /* confdefs.h */
| #define PACKAGE_NAME "gnupg"
| #define PACKAGE_TARNAME "gnupg"
| #define PACKAGE_VERSION "1.4.13"
| #define PACKAGE_STRING "gnupg 1.4.13"
| #define PACKAGE_BUGREPORT "http://bugs.gnupg.org"
| #define PACKAGE_URL ""
| #define PACKAGE "gnupg"
| #define VERSION "1.4.13"
| #define STDC_HEADERS 1
| #define HAVE_SYS_TYPES_H 1
| #define HAVE_SYS_STAT_H 1
| #define HAVE_STDLIB_H 1
| #define HAVE_STRING_H 1
| #define HAVE_MEMORY_H 1
| #define HAVE_STRINGS_H 1
| #define HAVE_INTTYPES_H 1
| #define HAVE_STDINT_H 1
| #define HAVE_UNISTD_H 1
| #define __EXTENSIONS__ 1
| #define _ALL_SOURCE 1
| #define _GNU_SOURCE 1
| #define _POSIX_PTHREAD_SEMANTICS 1
| #define _TANDEM_SOURCE 1
| #define EGD_SOCKET_NAME ""
| #define USE_RSA 1
| #define USE_IDEA 1
| #define USE_CAST5 1
| #define USE_BLOWFISH 1
| #define USE_AES 1
| #define USE_TWOFISH 1
| #define USE_CAMELLIA 1
| #define USE_SHA256 1
| #define PK_UID_CACHE_SIZE 4096
| #define EXEEXT ""
| #define USE_DNS_SRV 1
| #define USE_DNS_PKA 1
| #define USE_DNS_CERT 1
| #define HAVE_CURL_FREE 1
| #define HAVE_CURL_EASY_ESCAPE 1
| #define HAVE_CURL_EASY_UNESCAPE 1
| #define HAVE_LIBCURL 1
| #define LIBCURL_VERNUM 0x080F00
| #define LIBCURL_FEATURE_ALT_SVC 1
| #define LIBCURL_FEATURE_ASYNCHDNS 1
| #define LIBCURL_FEATURE_HSTS 1
| #define LIBCURL_FEATURE_HTTP2 1
| #define LIBCURL_FEATURE_HTTP3 1
| #define LIBCURL_FEATURE_HTTPS_PROXY 1
| #define LIBCURL_FEATURE_IPV6 1
| #define LIBCURL_FEATURE_LARGEFILE 1
| #define LIBCURL_FEATURE_LIBZ 1
| #define LIBCURL_FEATURE_NTLM 1
| #define LIBCURL_FEATURE_PSL 1
| #define LIBCURL_FEATURE_SSL 1
| #define LIBCURL_FEATURE_THREADSAFE 1
| #define LIBCURL_FEATURE_TLS_SRP 1
| #define LIBCURL_FEATURE_UNIXSOCKETS 1
| #define LIBCURL_PROTOCOL_DICT 1
| #define LIBCURL_PROTOCOL_FILE 1
| #define LIBCURL_PROTOCOL_FTP 1
| #define LIBCURL_PROTOCOL_FTPS 1
| #define LIBCURL_PROTOCOL_GOPHER 1
| #define LIBCURL_PROTOCOL_GOPHERS 1
| #define LIBCURL_PROTOCOL_HTTP 1
| #define LIBCURL_PROTOCOL_HTTPS 1
| #define LIBCURL_PROTOCOL_IMAP 1
| #define LIBCURL_PROTOCOL_IMAPS 1
| #define LIBCURL_PROTOCOL_IPFS 1
| #define LIBCURL_PROTOCOL_IPNS 1
| #define LIBCURL_PROTOCOL_MQTT 1
| #define LIBCURL_PROTOCOL_POP3 1
| #define LIBCURL_PROTOCOL_POP3S 1
| #define LIBCURL_PROTOCOL_RTSP 1
| #define LIBCURL_PROTOCOL_SMB 1
| #define LIBCURL_PROTOCOL_SMBS 1
| #define LIBCURL_PROTOCOL_SMTP 1
| #define LIBCURL_PROTOCOL_SMTPS 1
| #define LIBCURL_PROTOCOL_TELNET 1
| #define LIBCURL_PROTOCOL_TFTP 1
| #define LIBCURL_PROTOCOL_WS 1
| #define LIBCURL_PROTOCOL_WSS 1
| #define PRINTABLE_OS_NAME "GNU/Linux"
| #define NAME_OF_DEV_RANDOM "/dev/random"
| #define NAME_OF_DEV_URANDOM "/dev/urandom"
| #define HAVE_VISIBILITY 1
| #define HAVE_STDINT_H_WITH_UINTMAX 1
| #define HAVE_ALLOCA_H 1
| #define HAVE_ALLOCA 1
| #define HAVE_STDLIB_H 1
| #define HAVE_UNISTD_H 1
| #define HAVE_SYS_PARAM_H 1
| #define HAVE_GETPAGESIZE 1
| #define HAVE_MMAP 1
| #define INTDIV0_RAISES_SIGFPE 1
| #define HAVE_INTTYPES_H_WITH_UINTMAX 1
| #define HAVE_UNSIGNED_LONG_LONG_INT 1
| #define HAVE_UINTMAX_T 1
| #define HAVE_INTTYPES_H 1
| #define USE_POSIX_THREADS 1
| #define USE_POSIX_THREADS_WEAK 1
| #define HAVE_PTHREAD_RWLOCK 1
| #define HAVE_PTHREAD_MUTEX_RECURSIVE 1
| #define HAVE_ICONV 1
| #define ICONV_CONST 
| #define HAVE_BUILTIN_EXPECT 1
| #define HAVE_ARGZ_H 1
| #define HAVE_INTTYPES_H 1
| #define HAVE_LIMITS_H 1
| #define HAVE_UNISTD_H 1
| #define HAVE_SYS_PARAM_H 1
| #define HAVE_GETCWD 1
| #define HAVE_GETEGID 1
| #define HAVE_GETEUID 1
| #define HAVE_GETGID 1
| #define HAVE_GETUID 1
| #define HAVE_MEMPCPY 1
| #define HAVE_MUNMAP 1
| #define HAVE_STPCPY 1
| #define HAVE_STRCASECMP 1
| #define HAVE_STRDUP 1
| #define HAVE_STRTOUL 1
| #define HAVE_TSEARCH 1
| #define HAVE_USELOCALE 1
| #define HAVE_ARGZ_COUNT 1
| #define HAVE_ARGZ_STRINGIFY 1
| #define HAVE_ARGZ_NEXT 1
| #define HAVE___FSETLOCKING 1
| #define HAVE_DECL_FEOF_UNLOCKED 1
| #define HAVE_DECL_FGETS_UNLOCKED 1
| #define HAVE_LONG_LONG_INT 1
| #define HAVE_WCHAR_T 1
| #define HAVE_WINT_T 1
| #define HAVE_INTMAX_T 1
| #define HAVE_POSIX_PRINTF 1
| #define HAVE_STDINT_H 1
| #define HAVE_STDINT_H 1
| #define HAVE_WORKING_O_NOATIME 1
| #define HAVE_WORKING_O_NOFOLLOW 1
| #define HAVE_STDDEF_H 1
| #define HAVE_STDLIB_H 1
| #define HAVE_STRING_H 1
| #define HAVE_ASPRINTF 1
| #define HAVE_FWPRINTF 1
| #define HAVE_NEWLOCALE 1
| #define HAVE_PUTENV 1
| #define HAVE_SETENV 1
| #define HAVE_SETLOCALE 1
| #define HAVE_SNPRINTF 1
| #define HAVE_STRNLEN 1
| #define HAVE_WCSLEN 1
| #define HAVE_WCSNLEN 1
| #define HAVE_MBRTOWC 1
| #define HAVE_WCRTOMB 1
| #define HAVE_DECL__SNPRINTF 0
| #define HAVE_DECL__SNWPRINTF 0
| #define HAVE_DECL_GETC_UNLOCKED 1
| #define HAVE_LANGINFO_CODESET 1
| #define HAVE_LC_MESSAGES 1
| #define ENABLE_NLS 1
| #define HAVE_GETTEXT 1
| #define HAVE_DCGETTEXT 1
| #define HAVE_STRCHR 1
| #define HAVE_DL_DLOPEN 1
| #define ENABLE_CARD_SUPPORT 1
| #define ENABLE_AGENT_SUPPORT 1
| #define USE_GNUPG_ICONV 1
| #define STDC_HEADERS 1
| #define HAVE_UNISTD_H 1
| #define HAVE_LANGINFO_H 1
| #define HAVE_TERMIO_H 1
| #define HAVE_LOCALE_H 1
| #define HAVE_GETOPT_H 1
| #define HAVE_PWD_H 1
| #define HAVE_SIGNAL_H 1
| #define RETSIGTYPE void
| #define HAVE_DECL_SYS_SIGLIST 0
| #define LITTLE_ENDIAN_HOST 1
| #define HAVE_USHORT_TYPEDEF 1
| #define HAVE_ULONG_TYPEDEF 1
| #define SIZEOF_UNSIGNED_SHORT 2
| #define SIZEOF_UNSIGNED_INT 4
| #define SIZEOF_UNSIGNED_LONG 8
| #define SIZEOF_UNSIGNED_LONG_LONG 8
| #define TIME_WITH_SYS_TIME 1
| #define SIZEOF_TIME_T 8
| #define HAVE_INTTYPES_H 1
| #define SIZEOF_UINT64_T 8
| #define USE_SHA512 1
| #define HAVE_DECL_GETPAGESIZE 1
| #define HAVE_FSEEKO 1
| #define HAVE_VPRINTF 1
| #define HAVE_FORK 1
| #define HAVE_VFORK 1
| #define HAVE_WORKING_VFORK 1
| #define HAVE_WORKING_FORK 1
| #define HAVE_STRERROR 1
| #define HAVE_STPCPY 1
| #define HAVE_TCGETATTR 1
| #define HAVE_STRTOUL 1
| #define HAVE_MMAP 1
| #define HAVE_SYSCONF 1
| #define HAVE_STRCASECMP 1
| #define HAVE_STRNCASECMP 1
| #define HAVE_CTERMID 1
| #define HAVE_TIMES 1
| #define HAVE_UNSETENV 1
| #define HAVE_GETPWNAM 1
| #define HAVE_GETPWUID 1
| #define HAVE_MEMMOVE 1
| #define HAVE_GETTIMEOFDAY 1
| #define HAVE_GETRUSAGE 1
| #define HAVE_SETRLIMIT 1
| #define HAVE_CLOCK_GETTIME 1
| #define HAVE_ATEXIT 1
| #define HAVE_RAISE 1
| #define HAVE_GETPAGESIZE 1
| #define HAVE_STRFTIME 1
| #define HAVE_NL_LANGINFO 1
| #define HAVE_SETLOCALE 1
| #define HAVE_WAITPID 1
| #define HAVE_WAIT4 1
| #define HAVE_SIGACTION 1
| #define HAVE_SIGPROCMASK 1
| #define HAVE_RAND 1
| #define HAVE_PIPE 1
| #define HAVE_STAT 1
| #define HAVE_GETADDRINFO 1
| #define HAVE_FCNTL 1
| #define HAVE_FTRUNCATE 1
| #define HAVE_INET_NTOP 1
| #define HAVE_MKDTEMP 1
| #define HAVE_TIMEGM 1
| #define HAVE_ISASCII 1
| #define HAVE_MEMRCHR 1
| #define HAVE_STRSEP 1
| #define HAVE_STRUCT_SIGACTION 1
| #define HAVE_SIGSET_T 1
| #define HAVE_MLOCK 1
| #define HAVE_SYSCONF 1
| #define HAVE_GETPAGESIZE 1
| #define HAVE_SYS_STAT_H 1
| #define HAVE_UNISTD_H 1
| #define HAVE_STDINT_H 1
| #define HAVE_LONG_LONG_INT 1
| #define HAVE_LONG_DOUBLE 1
| #define HAVE_INTMAX_T 1
| #define HAVE_UINTMAX_T 1
| #define HAVE_PTRDIFF_T 1
| #define SIZEOF_UNSIGNED_LONG 8
| #define SIZEOF_VOID_P 8
| #define HAVE_LANGINFO_THOUSANDS_SEP 1
| #define HAVE_SYS_IPC_H 1
| #define HAVE_SYS_SHM_H 1
| #define IPC_RMID_DEFERRED_RELEASE 1
| #define IPC_HAVE_SHM_LOCK 1
| #define USE_SHM_COPROCESSING 1
| #define HAVE_DEV_RANDOM 1
| #define USE_RNDLINUX 1
| /* end confdefs.h.  */
| #include <usb.h>
| int
| main ()
| {
| 
| usb_bulk_write(NULL,0,NULL,0,0);
| 
|   ;
|   return 0;
| }
configure:17034: result: no
configure:17092: checking whether readline via "-lreadline" is present and sane
configure:17117: gcc -o conftest -g -O2   conftest.c  -lreadline >&5
conftest.c:263:10: fatal error: readline/readline.h: No such file or directory
  263 | #include <readline/readline.h>
      |          ^~~~~~~~~~~~~~~~~~~~~
compilation terminated.
configure:17117: $? = 1
configure: failed program was:
| /* confdefs.h */
| #define PACKAGE_NAME "gnupg"
| #define PACKAGE_TARNAME "gnupg"
| #define PACKAGE_VERSION "1.4.13"
| #define PACKAGE_STRING "gnupg 1.4.13"
| #define PACKAGE_BUGREPORT "http://bugs.gnupg.org"
| #define PACKAGE_URL ""
| #define PACKAGE "gnupg"
| #define VERSION "1.4.13"
| #define STDC_HEADERS 1
| #define HAVE_SYS_TYPES_H 1
| #define HAVE_SYS_STAT_H 1
| #define HAVE_STDLIB_H 1
| #define HAVE_STRING_H 1
| #define HAVE_MEMORY_H 1
| #define HAVE_STRINGS_H 1
| #define HAVE_INTTYPES_H 1
| #define HAVE_STDINT_H 1
| #define HAVE_UNISTD_H 1
| #define __EXTENSIONS__ 1
| #define _ALL_SOURCE 1
| #define _GNU_SOURCE 1
| #define _POSIX_PTHREAD_SEMANTICS 1
| #define _TANDEM_SOURCE 1
| #define EGD_SOCKET_NAME ""
| #define USE_RSA 1
| #define USE_IDEA 1
| #define USE_CAST5 1
| #define USE_BLOWFISH 1
| #define USE_AES 1
| #define USE_TWOFISH 1
| #define USE_CAMELLIA 1
| #define USE_SHA256 1
| #define PK_UID_CACHE_SIZE 4096
| #define EXEEXT ""
| #define USE_DNS_SRV 1
| #define USE_DNS_PKA 1
| #define USE_DNS_CERT 1
| #define HAVE_CURL_FREE 1
| #define HAVE_CURL_EASY_ESCAPE 1
| #define HAVE_CURL_EASY_UNESCAPE 1
| #define HAVE_LIBCURL 1
| #define LIBCURL_VERNUM 0x080F00
| #define LIBCURL_FEATURE_ALT_SVC 1
| #define LIBCURL_FEATURE_ASYNCHDNS 1
| #define LIBCURL_FEATURE_HSTS 1
| #define LIBCURL_FEATURE_HTTP2 1
| #define LIBCURL_FEATURE_HTTP3 1
| #define LIBCURL_FEATURE_HTTPS_PROXY 1
| #define LIBCURL_FEATURE_IPV6 1
| #define LIBCURL_FEATURE_LARGEFILE 1
| #define LIBCURL_FEATURE_LIBZ 1
| #define LIBCURL_FEATURE_NTLM 1
| #define LIBCURL_FEATURE_PSL 1
| #define LIBCURL_FEATURE_SSL 1
| #define LIBCURL_FEATURE_THREADSAFE 1
| #define LIBCURL_FEATURE_TLS_SRP 1
| #define LIBCURL_FEATURE_UNIXSOCKETS 1
| #define LIBCURL_PROTOCOL_DICT 1
| #define LIBCURL_PROTOCOL_FILE 1
| #define LIBCURL_PROTOCOL_FTP 1
| #define LIBCURL_PROTOCOL_FTPS 1
| #define LIBCURL_PROTOCOL_GOPHER 1
| #define LIBCURL_PROTOCOL_GOPHERS 1
| #define LIBCURL_PROTOCOL_HTTP 1
| #define LIBCURL_PROTOCOL_HTTPS 1
| #define LIBCURL_PROTOCOL_IMAP 1
| #define LIBCURL_PROTOCOL_IMAPS 1
| #define LIBCURL_PROTOCOL_IPFS 1
| #define LIBCURL_PROTOCOL_IPNS 1
| #define LIBCURL_PROTOCOL_MQTT 1
| #define LIBCURL_PROTOCOL_POP3 1
| #define LIBCURL_PROTOCOL_POP3S 1
| #define LIBCURL_PROTOCOL_RTSP 1
| #define LIBCURL_PROTOCOL_SMB 1
| #define LIBCURL_PROTOCOL_SMBS 1
| #define LIBCURL_PROTOCOL_SMTP 1
| #define LIBCURL_PROTOCOL_SMTPS 1
| #define LIBCURL_PROTOCOL_TELNET 1
| #define LIBCURL_PROTOCOL_TFTP 1
| #define LIBCURL_PROTOCOL_WS 1
| #define LIBCURL_PROTOCOL_WSS 1
| #define PRINTABLE_OS_NAME "GNU/Linux"
| #define NAME_OF_DEV_RANDOM "/dev/random"
| #define NAME_OF_DEV_URANDOM "/dev/urandom"
| #define HAVE_VISIBILITY 1
| #define HAVE_STDINT_H_WITH_UINTMAX 1
| #define HAVE_ALLOCA_H 1
| #define HAVE_ALLOCA 1
| #define HAVE_STDLIB_H 1
| #define HAVE_UNISTD_H 1
| #define HAVE_SYS_PARAM_H 1
| #define HAVE_GETPAGESIZE 1
| #define HAVE_MMAP 1
| #define INTDIV0_RAISES_SIGFPE 1
| #define HAVE_INTTYPES_H_WITH_UINTMAX 1
| #define HAVE_UNSIGNED_LONG_LONG_INT 1
| #define HAVE_UINTMAX_T 1
| #define HAVE_INTTYPES_H 1
| #define USE_POSIX_THREADS 1
| #define USE_POSIX_THREADS_WEAK 1
| #define HAVE_PTHREAD_RWLOCK 1
| #define HAVE_PTHREAD_MUTEX_RECURSIVE 1
| #define HAVE_ICONV 1
| #define ICONV_CONST 
| #define HAVE_BUILTIN_EXPECT 1
| #define HAVE_ARGZ_H 1
| #define HAVE_INTTYPES_H 1
| #define HAVE_LIMITS_H 1
| #define HAVE_UNISTD_H 1
| #define HAVE_SYS_PARAM_H 1
| #define HAVE_GETCWD 1
| #define HAVE_GETEGID 1
| #define HAVE_GETEUID 1
| #define HAVE_GETGID 1
| #define HAVE_GETUID 1
| #define HAVE_MEMPCPY 1
| #define HAVE_MUNMAP 1
| #define HAVE_STPCPY 1
| #define HAVE_STRCASECMP 1
| #define HAVE_STRDUP 1
| #define HAVE_STRTOUL 1
| #define HAVE_TSEARCH 1
| #define HAVE_USELOCALE 1
| #define HAVE_ARGZ_COUNT 1
| #define HAVE_ARGZ_STRINGIFY 1
| #define HAVE_ARGZ_NEXT 1
| #define HAVE___FSETLOCKING 1
| #define HAVE_DECL_FEOF_UNLOCKED 1
| #define HAVE_DECL_FGETS_UNLOCKED 1
| #define HAVE_LONG_LONG_INT 1
| #define HAVE_WCHAR_T 1
| #define HAVE_WINT_T 1
| #define HAVE_INTMAX_T 1
| #define HAVE_POSIX_PRINTF 1
| #define HAVE_STDINT_H 1
| #define HAVE_STDINT_H 1
| #define HAVE_WORKING_O_NOATIME 1
| #define HAVE_WORKING_O_NOFOLLOW 1
| #define HAVE_STDDEF_H 1
| #define HAVE_STDLIB_H 1
| #define HAVE_STRING_H 1
| #define HAVE_ASPRINTF 1
| #define HAVE_FWPRINTF 1
| #define HAVE_NEWLOCALE 1
| #define HAVE_PUTENV 1
| #define HAVE_SETENV 1
| #define HAVE_SETLOCALE 1
| #define HAVE_SNPRINTF 1
| #define HAVE_STRNLEN 1
| #define HAVE_WCSLEN 1
| #define HAVE_WCSNLEN 1
| #define HAVE_MBRTOWC 1
| #define HAVE_WCRTOMB 1
| #define HAVE_DECL__SNPRINTF 0
| #define HAVE_DECL__SNWPRINTF 0
| #define HAVE_DECL_GETC_UNLOCKED 1
| #define HAVE_LANGINFO_CODESET 1
| #define HAVE_LC_MESSAGES 1
| #define ENABLE_NLS 1
| #define HAVE_GETTEXT 1
| #define HAVE_DCGETTEXT 1
| #define HAVE_STRCHR 1
| #define HAVE_DL_DLOPEN 1
| #define ENABLE_CARD_SUPPORT 1
| #define ENABLE_AGENT_SUPPORT 1
| #define USE_GNUPG_ICONV 1
| #define STDC_HEADERS 1
| #define HAVE_UNISTD_H 1
| #define HAVE_LANGINFO_H 1
| #define HAVE_TERMIO_H 1
| #define HAVE_LOCALE_H 1
| #define HAVE_GETOPT_H 1
| #define HAVE_PWD_H 1
| #define HAVE_SIGNAL_H 1
| #define RETSIGTYPE void
| #define HAVE_DECL_SYS_SIGLIST 0
| #define LITTLE_ENDIAN_HOST 1
| #define HAVE_USHORT_TYPEDEF 1
| #define HAVE_ULONG_TYPEDEF 1
| #define SIZEOF_UNSIGNED_SHORT 2
| #define SIZEOF_UNSIGNED_INT 4
| #define SIZEOF_UNSIGNED_LONG 8
| #define SIZEOF_UNSIGNED_LONG_LONG 8
| #define TIME_WITH_SYS_TIME 1
| #define SIZEOF_TIME_T 8
| #define HAVE_INTTYPES_H 1
| #define SIZEOF_UINT64_T 8
| #define USE_SHA512 1
| #define HAVE_DECL_GETPAGESIZE 1
| #define HAVE_FSEEKO 1
| #define HAVE_VPRINTF 1
| #define HAVE_FORK 1
| #define HAVE_VFORK 1
| #define HAVE_WORKING_VFORK 1
| #define HAVE_WORKING_FORK 1
| #define HAVE_STRERROR 1
| #define HAVE_STPCPY 1
| #define HAVE_TCGETATTR 1
| #define HAVE_STRTOUL 1
| #define HAVE_MMAP 1
| #define HAVE_SYSCONF 1
| #define HAVE_STRCASECMP 1
| #define HAVE_STRNCASECMP 1
| #define HAVE_CTERMID 1
| #define HAVE_TIMES 1
| #define HAVE_UNSETENV 1
| #define HAVE_GETPWNAM 1
| #define HAVE_GETPWUID 1
| #define HAVE_MEMMOVE 1
| #define HAVE_GETTIMEOFDAY 1
| #define HAVE_GETRUSAGE 1
| #define HAVE_SETRLIMIT 1
| #define HAVE_CLOCK_GETTIME 1
| #define HAVE_ATEXIT 1
| #define HAVE_RAISE 1
| #define HAVE_GETPAGESIZE 1
| #define HAVE_STRFTIME 1
| #define HAVE_NL_LANGINFO 1
| #define HAVE_SETLOCALE 1
| #define HAVE_WAITPID 1
| #define HAVE_WAIT4 1
| #define HAVE_SIGACTION 1
| #define HAVE_SIGPROCMASK 1
| #define HAVE_RAND 1
| #define HAVE_PIPE 1
| #define HAVE_STAT 1
| #define HAVE_GETADDRINFO 1
| #define HAVE_FCNTL 1
| #define HAVE_FTRUNCATE 1
| #define HAVE_INET_NTOP 1
| #define HAVE_MKDTEMP 1
| #define HAVE_TIMEGM 1
| #define HAVE_ISASCII 1
| #define HAVE_MEMRCHR 1
| #define HAVE_STRSEP 1
| #define HAVE_STRUCT_SIGACTION 1
| #define HAVE_SIGSET_T 1
| #define HAVE_MLOCK 1
| #define HAVE_SYSCONF 1
| #define HAVE_GETPAGESIZE 1
| #define HAVE_SYS_STAT_H 1
| #define HAVE_UNISTD_H 1
| #define HAVE_STDINT_H 1
| #define HAVE_LONG_LONG_INT 1
| #define HAVE_LONG_DOUBLE 1
| #define HAVE_INTMAX_T 1
| #define HAVE_UINTMAX_T 1
| #define HAVE_PTRDIFF_T 1
| #define SIZEOF_UNSIGNED_LONG 8
| #define SIZEOF_VOID_P 8
| #define HAVE_LANGINFO_THOUSANDS_SEP 1
| #define HAVE_SYS_IPC_H 1
| #define HAVE_SYS_SHM_H 1
| #define IPC_RMID_DEFERRED_RELEASE 1
| #define IPC_HAVE_SHM_LOCK 1
| #define USE_SHM_COPROCESSING 1
| #define HAVE_DEV_RANDOM 1
| #define USE_RNDLINUX 1
| /* end confdefs.h.  */
| 
| #include <stdio.h>
| #include <readline/readline.h>
| #include <readline/history.h>
| 
| int
| main ()
| {
| 
| rl_completion_func_t *completer;
| add_history("foobar");
| rl_catch_signals=0;
| rl_inhibit_completion=0;
| rl_attempted_completion_function=NULL;
| rl_completion_matches(NULL,NULL);
| 
|   ;
|   return 0;
| }
configure:17125: result: no
configure:17092: checking whether readline via "-lreadline -ltermcap" is present and sane
configure:17117: gcc -o conftest -g -O2   conftest.c  -lreadline -ltermcap >&5
conftest.c:263:10: fatal error: readline/readline.h: No such file or directory
  263 | #include <readline/readline.h>
      |          ^~~~~~~~~~~~~~~~~~~~~
compilation terminated.
configure:17117: $? = 1
configure: failed program was:
| /* confdefs.h */
| #define PACKAGE_NAME "gnupg"
| #define PACKAGE_TARNAME "gnupg"
| #define PACKAGE_VERSION "1.4.13"
| #define PACKAGE_STRING "gnupg 1.4.13"
| #define PACKAGE_BUGREPORT "http://bugs.gnupg.org"
| #define PACKAGE_URL ""
| #define PACKAGE "gnupg"
| #define VERSION "1.4.13"
| #define STDC_HEADERS 1
| #define HAVE_SYS_TYPES_H 1
| #define HAVE_SYS_STAT_H 1
| #define HAVE_STDLIB_H 1
| #define HAVE_STRING_H 1
| #define HAVE_MEMORY_H 1
| #define HAVE_STRINGS_H 1
| #define HAVE_INTTYPES_H 1
| #define HAVE_STDINT_H 1
| #define HAVE_UNISTD_H 1
| #define __EXTENSIONS__ 1
| #define _ALL_SOURCE 1
| #define _GNU_SOURCE 1
| #define _POSIX_PTHREAD_SEMANTICS 1
| #define _TANDEM_SOURCE 1
| #define EGD_SOCKET_NAME ""
| #define USE_RSA 1
| #define USE_IDEA 1
| #define USE_CAST5 1
| #define USE_BLOWFISH 1
| #define USE_AES 1
| #define USE_TWOFISH 1
| #define USE_CAMELLIA 1
| #define USE_SHA256 1
| #define PK_UID_CACHE_SIZE 4096
| #define EXEEXT ""
| #define USE_DNS_SRV 1
| #define USE_DNS_PKA 1
| #define USE_DNS_CERT 1
| #define HAVE_CURL_FREE 1
| #define HAVE_CURL_EASY_ESCAPE 1
| #define HAVE_CURL_EASY_UNESCAPE 1
| #define HAVE_LIBCURL 1
| #define LIBCURL_VERNUM 0x080F00
| #define LIBCURL_FEATURE_ALT_SVC 1
| #define LIBCURL_FEATURE_ASYNCHDNS 1
| #define LIBCURL_FEATURE_HSTS 1
| #define LIBCURL_FEATURE_HTTP2 1
| #define LIBCURL_FEATURE_HTTP3 1
| #define LIBCURL_FEATURE_HTTPS_PROXY 1
| #define LIBCURL_FEATURE_IPV6 1
| #define LIBCURL_FEATURE_LARGEFILE 1
| #define LIBCURL_FEATURE_LIBZ 1
| #define LIBCURL_FEATURE_NTLM 1
| #define LIBCURL_FEATURE_PSL 1
| #define LIBCURL_FEATURE_SSL 1
| #define LIBCURL_FEATURE_THREADSAFE 1
| #define LIBCURL_FEATURE_TLS_SRP 1
| #define LIBCURL_FEATURE_UNIXSOCKETS 1
| #define LIBCURL_PROTOCOL_DICT 1
| #define LIBCURL_PROTOCOL_FILE 1
| #define LIBCURL_PROTOCOL_FTP 1
| #define LIBCURL_PROTOCOL_FTPS 1
| #define LIBCURL_PROTOCOL_GOPHER 1
| #define LIBCURL_PROTOCOL_GOPHERS 1
| #define LIBCURL_PROTOCOL_HTTP 1
| #define LIBCURL_PROTOCOL_HTTPS 1
| #define LIBCURL_PROTOCOL_IMAP 1
| #define LIBCURL_PROTOCOL_IMAPS 1
| #define LIBCURL_PROTOCOL_IPFS 1
| #define LIBCURL_PROTOCOL_IPNS 1
| #define LIBCURL_PROTOCOL_MQTT 1
| #define LIBCURL_PROTOCOL_POP3 1
| #define LIBCURL_PROTOCOL_POP3S 1
| #define LIBCURL_PROTOCOL_RTSP 1
| #define LIBCURL_PROTOCOL_SMB 1
| #define LIBCURL_PROTOCOL_SMBS 1
| #define LIBCURL_PROTOCOL_SMTP 1
| #define LIBCURL_PROTOCOL_SMTPS 1
| #define LIBCURL_PROTOCOL_TELNET 1
| #define LIBCURL_PROTOCOL_TFTP 1
| #define LIBCURL_PROTOCOL_WS 1
| #define LIBCURL_PROTOCOL_WSS 1
| #define PRINTABLE_OS_NAME "GNU/Linux"
| #define NAME_OF_DEV_RANDOM "/dev/random"
| #define NAME_OF_DEV_URANDOM "/dev/urandom"
| #define HAVE_VISIBILITY 1
| #define HAVE_STDINT_H_WITH_UINTMAX 1
| #define HAVE_ALLOCA_H 1
| #define HAVE_ALLOCA 1
| #define HAVE_STDLIB_H 1
| #define HAVE_UNISTD_H 1
| #define HAVE_SYS_PARAM_H 1
| #define HAVE_GETPAGESIZE 1
| #define HAVE_MMAP 1
| #define INTDIV0_RAISES_SIGFPE 1
| #define HAVE_INTTYPES_H_WITH_UINTMAX 1
| #define HAVE_UNSIGNED_LONG_LONG_INT 1
| #define HAVE_UINTMAX_T 1
| #define HAVE_INTTYPES_H 1
| #define USE_POSIX_THREADS 1
| #define USE_POSIX_THREADS_WEAK 1
| #define HAVE_PTHREAD_RWLOCK 1
| #define HAVE_PTHREAD_MUTEX_RECURSIVE 1
| #define HAVE_ICONV 1
| #define ICONV_CONST 
| #define HAVE_BUILTIN_EXPECT 1
| #define HAVE_ARGZ_H 1
| #define HAVE_INTTYPES_H 1
| #define HAVE_LIMITS_H 1
| #define HAVE_UNISTD_H 1
| #define HAVE_SYS_PARAM_H 1
| #define HAVE_GETCWD 1
| #define HAVE_GETEGID 1
| #define HAVE_GETEUID 1
| #define HAVE_GETGID 1
| #define HAVE_GETUID 1
| #define HAVE_MEMPCPY 1
| #define HAVE_MUNMAP 1
| #define HAVE_STPCPY 1
| #define HAVE_STRCASECMP 1
| #define HAVE_STRDUP 1
| #define HAVE_STRTOUL 1
| #define HAVE_TSEARCH 1
| #define HAVE_USELOCALE 1
| #define HAVE_ARGZ_COUNT 1
| #define HAVE_ARGZ_STRINGIFY 1
| #define HAVE_ARGZ_NEXT 1
| #define HAVE___FSETLOCKING 1
| #define HAVE_DECL_FEOF_UNLOCKED 1
| #define HAVE_DECL_FGETS_UNLOCKED 1
| #define HAVE_LONG_LONG_INT 1
| #define HAVE_WCHAR_T 1
| #define HAVE_WINT_T 1
| #define HAVE_INTMAX_T 1
| #define HAVE_POSIX_PRINTF 1
| #define HAVE_STDINT_H 1
| #define HAVE_STDINT_H 1
| #define HAVE_WORKING_O_NOATIME 1
| #define HAVE_WORKING_O_NOFOLLOW 1
| #define HAVE_STDDEF_H 1
| #define HAVE_STDLIB_H 1
| #define HAVE_STRING_H 1
| #define HAVE_ASPRINTF 1
| #define HAVE_FWPRINTF 1
| #define HAVE_NEWLOCALE 1
| #define HAVE_PUTENV 1
| #define HAVE_SETENV 1
| #define HAVE_SETLOCALE 1
| #define HAVE_SNPRINTF 1
| #define HAVE_STRNLEN 1
| #define HAVE_WCSLEN 1
| #define HAVE_WCSNLEN 1
| #define HAVE_MBRTOWC 1
| #define HAVE_WCRTOMB 1
| #define HAVE_DECL__SNPRINTF 0
| #define HAVE_DECL__SNWPRINTF 0
| #define HAVE_DECL_GETC_UNLOCKED 1
| #define HAVE_LANGINFO_CODESET 1
| #define HAVE_LC_MESSAGES 1
| #define ENABLE_NLS 1
| #define HAVE_GETTEXT 1
| #define HAVE_DCGETTEXT 1
| #define HAVE_STRCHR 1
| #define HAVE_DL_DLOPEN 1
| #define ENABLE_CARD_SUPPORT 1
| #define ENABLE_AGENT_SUPPORT 1
| #define USE_GNUPG_ICONV 1
| #define STDC_HEADERS 1
| #define HAVE_UNISTD_H 1
| #define HAVE_LANGINFO_H 1
| #define HAVE_TERMIO_H 1
| #define HAVE_LOCALE_H 1
| #define HAVE_GETOPT_H 1
| #define HAVE_PWD_H 1
| #define HAVE_SIGNAL_H 1
| #define RETSIGTYPE void
| #define HAVE_DECL_SYS_SIGLIST 0
| #define LITTLE_ENDIAN_HOST 1
| #define HAVE_USHORT_TYPEDEF 1
| #define HAVE_ULONG_TYPEDEF 1
| #define SIZEOF_UNSIGNED_SHORT 2
| #define SIZEOF_UNSIGNED_INT 4
| #define SIZEOF_UNSIGNED_LONG 8
| #define SIZEOF_UNSIGNED_LONG_LONG 8
| #define TIME_WITH_SYS_TIME 1
| #define SIZEOF_TIME_T 8
| #define HAVE_INTTYPES_H 1
| #define SIZEOF_UINT64_T 8
| #define USE_SHA512 1
| #define HAVE_DECL_GETPAGESIZE 1
| #define HAVE_FSEEKO 1
| #define HAVE_VPRINTF 1
| #define HAVE_FORK 1
| #define HAVE_VFORK 1
| #define HAVE_WORKING_VFORK 1
| #define HAVE_WORKING_FORK 1
| #define HAVE_STRERROR 1
| #define HAVE_STPCPY 1
| #define HAVE_TCGETATTR 1
| #define HAVE_STRTOUL 1
| #define HAVE_MMAP 1
| #define HAVE_SYSCONF 1
| #define HAVE_STRCASECMP 1
| #define HAVE_STRNCASECMP 1
| #define HAVE_CTERMID 1
| #define HAVE_TIMES 1
| #define HAVE_UNSETENV 1
| #define HAVE_GETPWNAM 1
| #define HAVE_GETPWUID 1
| #define HAVE_MEMMOVE 1
| #define HAVE_GETTIMEOFDAY 1
| #define HAVE_GETRUSAGE 1
| #define HAVE_SETRLIMIT 1
| #define HAVE_CLOCK_GETTIME 1
| #define HAVE_ATEXIT 1
| #define HAVE_RAISE 1
| #define HAVE_GETPAGESIZE 1
| #define HAVE_STRFTIME 1
| #define HAVE_NL_LANGINFO 1
| #define HAVE_SETLOCALE 1
| #define HAVE_WAITPID 1
| #define HAVE_WAIT4 1
| #define HAVE_SIGACTION 1
| #define HAVE_SIGPROCMASK 1
| #define HAVE_RAND 1
| #define HAVE_PIPE 1
| #define HAVE_STAT 1
| #define HAVE_GETADDRINFO 1
| #define HAVE_FCNTL 1
| #define HAVE_FTRUNCATE 1
| #define HAVE_INET_NTOP 1
| #define HAVE_MKDTEMP 1
| #define HAVE_TIMEGM 1
| #define HAVE_ISASCII 1
| #define HAVE_MEMRCHR 1
| #define HAVE_STRSEP 1
| #define HAVE_STRUCT_SIGACTION 1
| #define HAVE_SIGSET_T 1
| #define HAVE_MLOCK 1
| #define HAVE_SYSCONF 1
| #define HAVE_GETPAGESIZE 1
| #define HAVE_SYS_STAT_H 1
| #define HAVE_UNISTD_H 1
| #define HAVE_STDINT_H 1
| #define HAVE_LONG_LONG_INT 1
| #define HAVE_LONG_DOUBLE 1
| #define HAVE_INTMAX_T 1
| #define HAVE_UINTMAX_T 1
| #define HAVE_PTRDIFF_T 1
| #define SIZEOF_UNSIGNED_LONG 8
| #define SIZEOF_VOID_P 8
| #define HAVE_LANGINFO_THOUSANDS_SEP 1
| #define HAVE_SYS_IPC_H 1
| #define HAVE_SYS_SHM_H 1
| #define IPC_RMID_DEFERRED_RELEASE 1
| #define IPC_HAVE_SHM_LOCK 1
| #define USE_SHM_COPROCESSING 1
| #define HAVE_DEV_RANDOM 1
| #define USE_RNDLINUX 1
| /* end confdefs.h.  */
| 
| #include <stdio.h>
| #include <readline/readline.h>
| #include <readline/history.h>
| 
| int
| main ()
| {
| 
| rl_completion_func_t *completer;
| add_history("foobar");
| rl_catch_signals=0;
| rl_inhibit_completion=0;
| rl_attempted_completion_function=NULL;
| rl_completion_matches(NULL,NULL);
| 
|   ;
|   return 0;
| }
configure:17125: result: no
configure:17092: checking whether readline via "-lreadline -lcurses" is present and sane
configure:17117: gcc -o conftest -g -O2   conftest.c  -lreadline -lcurses >&5
conftest.c:263:10: fatal error: readline/readline.h: No such file or directory
  263 | #include <readline/readline.h>
      |          ^~~~~~~~~~~~~~~~~~~~~
compilation terminated.
configure:17117: $? = 1
configure: failed program was:
| /* confdefs.h */
| #define PACKAGE_NAME "gnupg"
| #define PACKAGE_TARNAME "gnupg"
| #define PACKAGE_VERSION "1.4.13"
| #define PACKAGE_STRING "gnupg 1.4.13"
| #define PACKAGE_BUGREPORT "http://bugs.gnupg.org"
| #define PACKAGE_URL ""
| #define PACKAGE "gnupg"
| #define VERSION "1.4.13"
| #define STDC_HEADERS 1
| #define HAVE_SYS_TYPES_H 1
| #define HAVE_SYS_STAT_H 1
| #define HAVE_STDLIB_H 1
| #define HAVE_STRING_H 1
| #define HAVE_MEMORY_H 1
| #define HAVE_STRINGS_H 1
| #define HAVE_INTTYPES_H 1
| #define HAVE_STDINT_H 1
| #define HAVE_UNISTD_H 1
| #define __EXTENSIONS__ 1
| #define _ALL_SOURCE 1
| #define _GNU_SOURCE 1
| #define _POSIX_PTHREAD_SEMANTICS 1
| #define _TANDEM_SOURCE 1
| #define EGD_SOCKET_NAME ""
| #define USE_RSA 1
| #define USE_IDEA 1
| #define USE_CAST5 1
| #define USE_BLOWFISH 1
| #define USE_AES 1
| #define USE_TWOFISH 1
| #define USE_CAMELLIA 1
| #define USE_SHA256 1
| #define PK_UID_CACHE_SIZE 4096
| #define EXEEXT ""
| #define USE_DNS_SRV 1
| #define USE_DNS_PKA 1
| #define USE_DNS_CERT 1
| #define HAVE_CURL_FREE 1
| #define HAVE_CURL_EASY_ESCAPE 1
| #define HAVE_CURL_EASY_UNESCAPE 1
| #define HAVE_LIBCURL 1
| #define LIBCURL_VERNUM 0x080F00
| #define LIBCURL_FEATURE_ALT_SVC 1
| #define LIBCURL_FEATURE_ASYNCHDNS 1
| #define LIBCURL_FEATURE_HSTS 1
| #define LIBCURL_FEATURE_HTTP2 1
| #define LIBCURL_FEATURE_HTTP3 1
| #define LIBCURL_FEATURE_HTTPS_PROXY 1
| #define LIBCURL_FEATURE_IPV6 1
| #define LIBCURL_FEATURE_LARGEFILE 1
| #define LIBCURL_FEATURE_LIBZ 1
| #define LIBCURL_FEATURE_NTLM 1
| #define LIBCURL_FEATURE_PSL 1
| #define LIBCURL_FEATURE_SSL 1
| #define LIBCURL_FEATURE_THREADSAFE 1
| #define LIBCURL_FEATURE_TLS_SRP 1
| #define LIBCURL_FEATURE_UNIXSOCKETS 1
| #define LIBCURL_PROTOCOL_DICT 1
| #define LIBCURL_PROTOCOL_FILE 1
| #define LIBCURL_PROTOCOL_FTP 1
| #define LIBCURL_PROTOCOL_FTPS 1
| #define LIBCURL_PROTOCOL_GOPHER 1
| #define LIBCURL_PROTOCOL_GOPHERS 1
| #define LIBCURL_PROTOCOL_HTTP 1
| #define LIBCURL_PROTOCOL_HTTPS 1
| #define LIBCURL_PROTOCOL_IMAP 1
| #define LIBCURL_PROTOCOL_IMAPS 1
| #define LIBCURL_PROTOCOL_IPFS 1
| #define LIBCURL_PROTOCOL_IPNS 1
| #define LIBCURL_PROTOCOL_MQTT 1
| #define LIBCURL_PROTOCOL_POP3 1
| #define LIBCURL_PROTOCOL_POP3S 1
| #define LIBCURL_PROTOCOL_RTSP 1
| #define LIBCURL_PROTOCOL_SMB 1
| #define LIBCURL_PROTOCOL_SMBS 1
| #define LIBCURL_PROTOCOL_SMTP 1
| #define LIBCURL_PROTOCOL_SMTPS 1
| #define LIBCURL_PROTOCOL_TELNET 1
| #define LIBCURL_PROTOCOL_TFTP 1
| #define LIBCURL_PROTOCOL_WS 1
| #define LIBCURL_PROTOCOL_WSS 1
| #define PRINTABLE_OS_NAME "GNU/Linux"
| #define NAME_OF_DEV_RANDOM "/dev/random"
| #define NAME_OF_DEV_URANDOM "/dev/urandom"
| #define HAVE_VISIBILITY 1
| #define HAVE_STDINT_H_WITH_UINTMAX 1
| #define HAVE_ALLOCA_H 1
| #define HAVE_ALLOCA 1
| #define HAVE_STDLIB_H 1
| #define HAVE_UNISTD_H 1
| #define HAVE_SYS_PARAM_H 1
| #define HAVE_GETPAGESIZE 1
| #define HAVE_MMAP 1
| #define INTDIV0_RAISES_SIGFPE 1
| #define HAVE_INTTYPES_H_WITH_UINTMAX 1
| #define HAVE_UNSIGNED_LONG_LONG_INT 1
| #define HAVE_UINTMAX_T 1
| #define HAVE_INTTYPES_H 1
| #define USE_POSIX_THREADS 1
| #define USE_POSIX_THREADS_WEAK 1
| #define HAVE_PTHREAD_RWLOCK 1
| #define HAVE_PTHREAD_MUTEX_RECURSIVE 1
| #define HAVE_ICONV 1
| #define ICONV_CONST 
| #define HAVE_BUILTIN_EXPECT 1
| #define HAVE_ARGZ_H 1
| #define HAVE_INTTYPES_H 1
| #define HAVE_LIMITS_H 1
| #define HAVE_UNISTD_H 1
| #define HAVE_SYS_PARAM_H 1
| #define HAVE_GETCWD 1
| #define HAVE_GETEGID 1
| #define HAVE_GETEUID 1
| #define HAVE_GETGID 1
| #define HAVE_GETUID 1
| #define HAVE_MEMPCPY 1
| #define HAVE_MUNMAP 1
| #define HAVE_STPCPY 1
| #define HAVE_STRCASECMP 1
| #define HAVE_STRDUP 1
| #define HAVE_STRTOUL 1
| #define HAVE_TSEARCH 1
| #define HAVE_USELOCALE 1
| #define HAVE_ARGZ_COUNT 1
| #define HAVE_ARGZ_STRINGIFY 1
| #define HAVE_ARGZ_NEXT 1
| #define HAVE___FSETLOCKING 1
| #define HAVE_DECL_FEOF_UNLOCKED 1
| #define HAVE_DECL_FGETS_UNLOCKED 1
| #define HAVE_LONG_LONG_INT 1
| #define HAVE_WCHAR_T 1
| #define HAVE_WINT_T 1
| #define HAVE_INTMAX_T 1
| #define HAVE_POSIX_PRINTF 1
| #define HAVE_STDINT_H 1
| #define HAVE_STDINT_H 1
| #define HAVE_WORKING_O_NOATIME 1
| #define HAVE_WORKING_O_NOFOLLOW 1
| #define HAVE_STDDEF_H 1
| #define HAVE_STDLIB_H 1
| #define HAVE_STRING_H 1
| #define HAVE_ASPRINTF 1
| #define HAVE_FWPRINTF 1
| #define HAVE_NEWLOCALE 1
| #define HAVE_PUTENV 1
| #define HAVE_SETENV 1
| #define HAVE_SETLOCALE 1
| #define HAVE_SNPRINTF 1
| #define HAVE_STRNLEN 1
| #define HAVE_WCSLEN 1
| #define HAVE_WCSNLEN 1
| #define HAVE_MBRTOWC 1
| #define HAVE_WCRTOMB 1
| #define HAVE_DECL__SNPRINTF 0
| #define HAVE_DECL__SNWPRINTF 0
| #define HAVE_DECL_GETC_UNLOCKED 1
| #define HAVE_LANGINFO_CODESET 1
| #define HAVE_LC_MESSAGES 1
| #define ENABLE_NLS 1
| #define HAVE_GETTEXT 1
| #define HAVE_DCGETTEXT 1
| #define HAVE_STRCHR 1
| #define HAVE_DL_DLOPEN 1
| #define ENABLE_CARD_SUPPORT 1
| #define ENABLE_AGENT_SUPPORT 1
| #define USE_GNUPG_ICONV 1
| #define STDC_HEADERS 1
| #define HAVE_UNISTD_H 1
| #define HAVE_LANGINFO_H 1
| #define HAVE_TERMIO_H 1
| #define HAVE_LOCALE_H 1
| #define HAVE_GETOPT_H 1
| #define HAVE_PWD_H 1
| #define HAVE_SIGNAL_H 1
| #define RETSIGTYPE void
| #define HAVE_DECL_SYS_SIGLIST 0
| #define LITTLE_ENDIAN_HOST 1
| #define HAVE_USHORT_TYPEDEF 1
| #define HAVE_ULONG_TYPEDEF 1
| #define SIZEOF_UNSIGNED_SHORT 2
| #define SIZEOF_UNSIGNED_INT 4
| #define SIZEOF_UNSIGNED_LONG 8
| #define SIZEOF_UNSIGNED_LONG_LONG 8
| #define TIME_WITH_SYS_TIME 1
| #define SIZEOF_TIME_T 8
| #define HAVE_INTTYPES_H 1
| #define SIZEOF_UINT64_T 8
| #define USE_SHA512 1
| #define HAVE_DECL_GETPAGESIZE 1
| #define HAVE_FSEEKO 1
| #define HAVE_VPRINTF 1
| #define HAVE_FORK 1
| #define HAVE_VFORK 1
| #define HAVE_WORKING_VFORK 1
| #define HAVE_WORKING_FORK 1
| #define HAVE_STRERROR 1
| #define HAVE_STPCPY 1
| #define HAVE_TCGETATTR 1
| #define HAVE_STRTOUL 1
| #define HAVE_MMAP 1
| #define HAVE_SYSCONF 1
| #define HAVE_STRCASECMP 1
| #define HAVE_STRNCASECMP 1
| #define HAVE_CTERMID 1
| #define HAVE_TIMES 1
| #define HAVE_UNSETENV 1
| #define HAVE_GETPWNAM 1
| #define HAVE_GETPWUID 1
| #define HAVE_MEMMOVE 1
| #define HAVE_GETTIMEOFDAY 1
| #define HAVE_GETRUSAGE 1
| #define HAVE_SETRLIMIT 1
| #define HAVE_CLOCK_GETTIME 1
| #define HAVE_ATEXIT 1
| #define HAVE_RAISE 1
| #define HAVE_GETPAGESIZE 1
| #define HAVE_STRFTIME 1
| #define HAVE_NL_LANGINFO 1
| #define HAVE_SETLOCALE 1
| #define HAVE_WAITPID 1
| #define HAVE_WAIT4 1
| #define HAVE_SIGACTION 1
| #define HAVE_SIGPROCMASK 1
| #define HAVE_RAND 1
| #define HAVE_PIPE 1
| #define HAVE_STAT 1
| #define HAVE_GETADDRINFO 1
| #define HAVE_FCNTL 1
| #define HAVE_FTRUNCATE 1
| #define HAVE_INET_NTOP 1
| #define HAVE_MKDTEMP 1
| #define HAVE_TIMEGM 1
| #define HAVE_ISASCII 1
| #define HAVE_MEMRCHR 1
| #define HAVE_STRSEP 1
| #define HAVE_STRUCT_SIGACTION 1
| #define HAVE_SIGSET_T 1
| #define HAVE_MLOCK 1
| #define HAVE_SYSCONF 1
| #define HAVE_GETPAGESIZE 1
| #define HAVE_SYS_STAT_H 1
| #define HAVE_UNISTD_H 1
| #define HAVE_STDINT_H 1
| #define HAVE_LONG_LONG_INT 1
| #define HAVE_LONG_DOUBLE 1
| #define HAVE_INTMAX_T 1
| #define HAVE_UINTMAX_T 1
| #define HAVE_PTRDIFF_T 1
| #define SIZEOF_UNSIGNED_LONG 8
| #define SIZEOF_VOID_P 8
| #define HAVE_LANGINFO_THOUSANDS_SEP 1
| #define HAVE_SYS_IPC_H 1
| #define HAVE_SYS_SHM_H 1
| #define IPC_RMID_DEFERRED_RELEASE 1
| #define IPC_HAVE_SHM_LOCK 1
| #define USE_SHM_COPROCESSING 1
| #define HAVE_DEV_RANDOM 1
| #define USE_RNDLINUX 1
| /* end confdefs.h.  */
| 
| #include <stdio.h>
| #include <readline/readline.h>
| #include <readline/history.h>
| 
| int
| main ()
| {
| 
| rl_completion_func_t *completer;
| add_history("foobar");
| rl_catch_signals=0;
| rl_inhibit_completion=0;
| rl_attempted_completion_function=NULL;
| rl_completion_matches(NULL,NULL);
| 
|   ;
|   return 0;
| }
configure:17125: result: no
configure:17092: checking whether readline via "-lreadline -lncurses" is present and sane
configure:17117: gcc -o conftest -g -O2   conftest.c  -lreadline -lncurses >&5
conftest.c:263:10: fatal error: readline/readline.h: No such file or directory
  263 | #include <readline/readline.h>
      |          ^~~~~~~~~~~~~~~~~~~~~
compilation terminated.
configure:17117: $? = 1
configure: failed program was:
| /* confdefs.h */
| #define PACKAGE_NAME "gnupg"
| #define PACKAGE_TARNAME "gnupg"
| #define PACKAGE_VERSION "1.4.13"
| #define PACKAGE_STRING "gnupg 1.4.13"
| #define PACKAGE_BUGREPORT "http://bugs.gnupg.org"
| #define PACKAGE_URL ""
| #define PACKAGE "gnupg"
| #define VERSION "1.4.13"
| #define STDC_HEADERS 1
| #define HAVE_SYS_TYPES_H 1
| #define HAVE_SYS_STAT_H 1
| #define HAVE_STDLIB_H 1
| #define HAVE_STRING_H 1
| #define HAVE_MEMORY_H 1
| #define HAVE_STRINGS_H 1
| #define HAVE_INTTYPES_H 1
| #define HAVE_STDINT_H 1
| #define HAVE_UNISTD_H 1
| #define __EXTENSIONS__ 1
| #define _ALL_SOURCE 1
| #define _GNU_SOURCE 1
| #define _POSIX_PTHREAD_SEMANTICS 1
| #define _TANDEM_SOURCE 1
| #define EGD_SOCKET_NAME ""
| #define USE_RSA 1
| #define USE_IDEA 1
| #define USE_CAST5 1
| #define USE_BLOWFISH 1
| #define USE_AES 1
| #define USE_TWOFISH 1
| #define USE_CAMELLIA 1
| #define USE_SHA256 1
| #define PK_UID_CACHE_SIZE 4096
| #define EXEEXT ""
| #define USE_DNS_SRV 1
| #define USE_DNS_PKA 1
| #define USE_DNS_CERT 1
| #define HAVE_CURL_FREE 1
| #define HAVE_CURL_EASY_ESCAPE 1
| #define HAVE_CURL_EASY_UNESCAPE 1
| #define HAVE_LIBCURL 1
| #define LIBCURL_VERNUM 0x080F00
| #define LIBCURL_FEATURE_ALT_SVC 1
| #define LIBCURL_FEATURE_ASYNCHDNS 1
| #define LIBCURL_FEATURE_HSTS 1
| #define LIBCURL_FEATURE_HTTP2 1
| #define LIBCURL_FEATURE_HTTP3 1
| #define LIBCURL_FEATURE_HTTPS_PROXY 1
| #define LIBCURL_FEATURE_IPV6 1
| #define LIBCURL_FEATURE_LARGEFILE 1
| #define LIBCURL_FEATURE_LIBZ 1
| #define LIBCURL_FEATURE_NTLM 1
| #define LIBCURL_FEATURE_PSL 1
| #define LIBCURL_FEATURE_SSL 1
| #define LIBCURL_FEATURE_THREADSAFE 1
| #define LIBCURL_FEATURE_TLS_SRP 1
| #define LIBCURL_FEATURE_UNIXSOCKETS 1
| #define LIBCURL_PROTOCOL_DICT 1
| #define LIBCURL_PROTOCOL_FILE 1
| #define LIBCURL_PROTOCOL_FTP 1
| #define LIBCURL_PROTOCOL_FTPS 1
| #define LIBCURL_PROTOCOL_GOPHER 1
| #define LIBCURL_PROTOCOL_GOPHERS 1
| #define LIBCURL_PROTOCOL_HTTP 1
| #define LIBCURL_PROTOCOL_HTTPS 1
| #define LIBCURL_PROTOCOL_IMAP 1
| #define LIBCURL_PROTOCOL_IMAPS 1
| #define LIBCURL_PROTOCOL_IPFS 1
| #define LIBCURL_PROTOCOL_IPNS 1
| #define LIBCURL_PROTOCOL_MQTT 1
| #define LIBCURL_PROTOCOL_POP3 1
| #define LIBCURL_PROTOCOL_POP3S 1
| #define LIBCURL_PROTOCOL_RTSP 1
| #define LIBCURL_PROTOCOL_SMB 1
| #define LIBCURL_PROTOCOL_SMBS 1
| #define LIBCURL_PROTOCOL_SMTP 1
| #define LIBCURL_PROTOCOL_SMTPS 1
| #define LIBCURL_PROTOCOL_TELNET 1
| #define LIBCURL_PROTOCOL_TFTP 1
| #define LIBCURL_PROTOCOL_WS 1
| #define LIBCURL_PROTOCOL_WSS 1
| #define PRINTABLE_OS_NAME "GNU/Linux"
| #define NAME_OF_DEV_RANDOM "/dev/random"
| #define NAME_OF_DEV_URANDOM "/dev/urandom"
| #define HAVE_VISIBILITY 1
| #define HAVE_STDINT_H_WITH_UINTMAX 1
| #define HAVE_ALLOCA_H 1
| #define HAVE_ALLOCA 1
| #define HAVE_STDLIB_H 1
| #define HAVE_UNISTD_H 1
| #define HAVE_SYS_PARAM_H 1
| #define HAVE_GETPAGESIZE 1
| #define HAVE_MMAP 1
| #define INTDIV0_RAISES_SIGFPE 1
| #define HAVE_INTTYPES_H_WITH_UINTMAX 1
| #define HAVE_UNSIGNED_LONG_LONG_INT 1
| #define HAVE_UINTMAX_T 1
| #define HAVE_INTTYPES_H 1
| #define USE_POSIX_THREADS 1
| #define USE_POSIX_THREADS_WEAK 1
| #define HAVE_PTHREAD_RWLOCK 1
| #define HAVE_PTHREAD_MUTEX_RECURSIVE 1
| #define HAVE_ICONV 1
| #define ICONV_CONST 
| #define HAVE_BUILTIN_EXPECT 1
| #define HAVE_ARGZ_H 1
| #define HAVE_INTTYPES_H 1
| #define HAVE_LIMITS_H 1
| #define HAVE_UNISTD_H 1
| #define HAVE_SYS_PARAM_H 1
| #define HAVE_GETCWD 1
| #define HAVE_GETEGID 1
| #define HAVE_GETEUID 1
| #define HAVE_GETGID 1
| #define HAVE_GETUID 1
| #define HAVE_MEMPCPY 1
| #define HAVE_MUNMAP 1
| #define HAVE_STPCPY 1
| #define HAVE_STRCASECMP 1
| #define HAVE_STRDUP 1
| #define HAVE_STRTOUL 1
| #define HAVE_TSEARCH 1
| #define HAVE_USELOCALE 1
| #define HAVE_ARGZ_COUNT 1
| #define HAVE_ARGZ_STRINGIFY 1
| #define HAVE_ARGZ_NEXT 1
| #define HAVE___FSETLOCKING 1
| #define HAVE_DECL_FEOF_UNLOCKED 1
| #define HAVE_DECL_FGETS_UNLOCKED 1
| #define HAVE_LONG_LONG_INT 1
| #define HAVE_WCHAR_T 1
| #define HAVE_WINT_T 1
| #define HAVE_INTMAX_T 1
| #define HAVE_POSIX_PRINTF 1
| #define HAVE_STDINT_H 1
| #define HAVE_STDINT_H 1
| #define HAVE_WORKING_O_NOATIME 1
| #define HAVE_WORKING_O_NOFOLLOW 1
| #define HAVE_STDDEF_H 1
| #define HAVE_STDLIB_H 1
| #define HAVE_STRING_H 1
| #define HAVE_ASPRINTF 1
| #define HAVE_FWPRINTF 1
| #define HAVE_NEWLOCALE 1
| #define HAVE_PUTENV 1
| #define HAVE_SETENV 1
| #define HAVE_SETLOCALE 1
| #define HAVE_SNPRINTF 1
| #define HAVE_STRNLEN 1
| #define HAVE_WCSLEN 1
| #define HAVE_WCSNLEN 1
| #define HAVE_MBRTOWC 1
| #define HAVE_WCRTOMB 1
| #define HAVE_DECL__SNPRINTF 0
| #define HAVE_DECL__SNWPRINTF 0
| #define HAVE_DECL_GETC_UNLOCKED 1
| #define HAVE_LANGINFO_CODESET 1
| #define HAVE_LC_MESSAGES 1
| #define ENABLE_NLS 1
| #define HAVE_GETTEXT 1
| #define HAVE_DCGETTEXT 1
| #define HAVE_STRCHR 1
| #define HAVE_DL_DLOPEN 1
| #define ENABLE_CARD_SUPPORT 1
| #define ENABLE_AGENT_SUPPORT 1
| #define USE_GNUPG_ICONV 1
| #define STDC_HEADERS 1
| #define HAVE_UNISTD_H 1
| #define HAVE_LANGINFO_H 1
| #define HAVE_TERMIO_H 1
| #define HAVE_LOCALE_H 1
| #define HAVE_GETOPT_H 1
| #define HAVE_PWD_H 1
| #define HAVE_SIGNAL_H 1
| #define RETSIGTYPE void
| #define HAVE_DECL_SYS_SIGLIST 0
| #define LITTLE_ENDIAN_HOST 1
| #define HAVE_USHORT_TYPEDEF 1
| #define HAVE_ULONG_TYPEDEF 1
| #define SIZEOF_UNSIGNED_SHORT 2
| #define SIZEOF_UNSIGNED_INT 4
| #define SIZEOF_UNSIGNED_LONG 8
| #define SIZEOF_UNSIGNED_LONG_LONG 8
| #define TIME_WITH_SYS_TIME 1
| #define SIZEOF_TIME_T 8
| #define HAVE_INTTYPES_H 1
| #define SIZEOF_UINT64_T 8
| #define USE_SHA512 1
| #define HAVE_DECL_GETPAGESIZE 1
| #define HAVE_FSEEKO 1
| #define HAVE_VPRINTF 1
| #define HAVE_FORK 1
| #define HAVE_VFORK 1
| #define HAVE_WORKING_VFORK 1
| #define HAVE_WORKING_FORK 1
| #define HAVE_STRERROR 1
| #define HAVE_STPCPY 1
| #define HAVE_TCGETATTR 1
| #define HAVE_STRTOUL 1
| #define HAVE_MMAP 1
| #define HAVE_SYSCONF 1
| #define HAVE_STRCASECMP 1
| #define HAVE_STRNCASECMP 1
| #define HAVE_CTERMID 1
| #define HAVE_TIMES 1
| #define HAVE_UNSETENV 1
| #define HAVE_GETPWNAM 1
| #define HAVE_GETPWUID 1
| #define HAVE_MEMMOVE 1
| #define HAVE_GETTIMEOFDAY 1
| #define HAVE_GETRUSAGE 1
| #define HAVE_SETRLIMIT 1
| #define HAVE_CLOCK_GETTIME 1
| #define HAVE_ATEXIT 1
| #define HAVE_RAISE 1
| #define HAVE_GETPAGESIZE 1
| #define HAVE_STRFTIME 1
| #define HAVE_NL_LANGINFO 1
| #define HAVE_SETLOCALE 1
| #define HAVE_WAITPID 1
| #define HAVE_WAIT4 1
| #define HAVE_SIGACTION 1
| #define HAVE_SIGPROCMASK 1
| #define HAVE_RAND 1
| #define HAVE_PIPE 1
| #define HAVE_STAT 1
| #define HAVE_GETADDRINFO 1
| #define HAVE_FCNTL 1
| #define HAVE_FTRUNCATE 1
| #define HAVE_INET_NTOP 1
| #define HAVE_MKDTEMP 1
| #define HAVE_TIMEGM 1
| #define HAVE_ISASCII 1
| #define HAVE_MEMRCHR 1
| #define HAVE_STRSEP 1
| #define HAVE_STRUCT_SIGACTION 1
| #define HAVE_SIGSET_T 1
| #define HAVE_MLOCK 1
| #define HAVE_SYSCONF 1
| #define HAVE_GETPAGESIZE 1
| #define HAVE_SYS_STAT_H 1
| #define HAVE_UNISTD_H 1
| #define HAVE_STDINT_H 1
| #define HAVE_LONG_LONG_INT 1
| #define HAVE_LONG_DOUBLE 1
| #define HAVE_INTMAX_T 1
| #define HAVE_UINTMAX_T 1
| #define HAVE_PTRDIFF_T 1
| #define SIZEOF_UNSIGNED_LONG 8
| #define SIZEOF_VOID_P 8
| #define HAVE_LANGINFO_THOUSANDS_SEP 1
| #define HAVE_SYS_IPC_H 1
| #define HAVE_SYS_SHM_H 1
| #define IPC_RMID_DEFERRED_RELEASE 1
| #define IPC_HAVE_SHM_LOCK 1
| #define USE_SHM_COPROCESSING 1
| #define HAVE_DEV_RANDOM 1
| #define USE_RNDLINUX 1
| /* end confdefs.h.  */
| 
| #include <stdio.h>
| #include <readline/readline.h>
| #include <readline/history.h>
| 
| int
| main ()
| {
| 
| rl_completion_func_t *completer;
| add_history("foobar");
| rl_catch_signals=0;
| rl_inhibit_completion=0;
| rl_attempted_completion_function=NULL;
| rl_completion_matches(NULL,NULL);
| 
|   ;
|   return 0;
| }
configure:17125: result: no
configure:17207: checking if gcc supports -Wno-pointer-sign
configure:17224: gcc -c -Wno-pointer-sign  conftest.c >&5
configure:17224: $? = 0
configure:17230: result: yes
configure:17249: checking dependency style of gcc
configure:17358: result: gcc3
configure:17377: checking whether non excutable stack support is requested
configure:17386: result: no
configure:17389: checking whether assembler supports --noexecstack option
configure:17399: gcc -g -O2 -Wall -Wno-pointer-sign 
                     -S -o conftest.s conftest.c >/dev/null
configure:17402: $? = 0
configure:17407: gcc -g -O2 -Wall -Wno-pointer-sign  -Wa,--noexecstack
                       -c -o conftest.o conftest.s >/dev/null
configure:17410: $? = 0
configure:17419: result: yes
configure:17682: creating ./config.status

## ---------------------- ##
## Running config.status. ##
## ---------------------- ##

This file was extended by gnupg config.status 1.4.13, which was
generated by GNU Autoconf 2.69.  Invocation command line was

  CONFIG_FILES    = 
  CONFIG_HEADERS  = 
  CONFIG_LINKS    = 
  CONFIG_COMMANDS = 
  $ ./config.status 

on spirals-Latitude-5320

config.status:1264: creating Makefile
config.status:1264: creating m4/Makefile
config.status:1264: creating intl/Makefile
config.status:1264: creating po/Makefile.in
config.status:1264: creating util/Makefile
config.status:1264: creating mpi/Makefile
config.status:1264: creating cipher/Makefile
config.status:1264: creating g10/Makefile
config.status:1264: creating keyserver/Makefile
config.status:1264: creating keyserver/gpgkeys_mailto
config.status:1264: creating keyserver/gpgkeys_test
config.status:1264: creating doc/Makefile
config.status:1264: creating tools/Makefile
config.status:1264: creating tools/gpg-zip
config.status:1264: creating zlib/Makefile
config.status:1264: creating bzlib/Makefile
config.status:1264: creating checks/Makefile
config.status:1264: creating config.h
config.status:1505: linking mpi/generic/mpih-add1.c to mpi/mpih-add1.c
config.status:1505: linking mpi/generic/mpih-mul1.c to mpi/mpih-mul1.c
config.status:1505: linking mpi/generic/mpih-mul2.c to mpi/mpih-mul2.c
config.status:1505: linking mpi/generic/mpih-mul3.c to mpi/mpih-mul3.c
config.status:1505: linking mpi/generic/mpih-lshift.c to mpi/mpih-lshift.c
config.status:1505: linking mpi/generic/mpih-rshift.c to mpi/mpih-rshift.c
config.status:1505: linking mpi/generic/mpih-sub1.c to mpi/mpih-sub1.c
config.status:1505: linking mpi/generic/mpi-asm-defs.h to mpi/mpi-asm-defs.h
config.status:1524: executing depfiles commands
config.status:1524: executing po-directories commands

## ---------------- ##
## Cache variables. ##
## ---------------- ##

ac_cv_build=x86_64-unknown-linux-gnu
ac_cv_c_compiler_gnu=yes
ac_cv_c_const=yes
ac_cv_c_inline=inline
ac_cv_c_volatile=yes
ac_cv_env_CCASFLAGS_set=
ac_cv_env_CCASFLAGS_value=
ac_cv_env_CCAS_set=
ac_cv_env_CCAS_value=
ac_cv_env_CC_FOR_BUILD_set=
ac_cv_env_CC_FOR_BUILD_value=
ac_cv_env_CC_set=
ac_cv_env_CC_value=
ac_cv_env_CFLAGS_set=
ac_cv_env_CFLAGS_value=
ac_cv_env_CPPFLAGS_set=
ac_cv_env_CPPFLAGS_value=
ac_cv_env_CPP_set=
ac_cv_env_CPP_value=
ac_cv_env_LDFLAGS_set=
ac_cv_env_LDFLAGS_value=
ac_cv_env_LIBS_set=
ac_cv_env_LIBS_value=
ac_cv_env_build_alias_set=
ac_cv_env_build_alias_value=
ac_cv_env_host_alias_set=
ac_cv_env_host_alias_value=
ac_cv_env_target_alias_set=
ac_cv_env_target_alias_value=
ac_cv_func___fsetlocking=yes
ac_cv_func__doprnt=no
ac_cv_func_alloca_works=yes
ac_cv_func_argz_count=yes
ac_cv_func_argz_next=yes
ac_cv_func_argz_stringify=yes
ac_cv_func_asprintf=yes
ac_cv_func_atexit=yes
ac_cv_func_clock_gettime=yes
ac_cv_func_ctermid=yes
ac_cv_func_curl_easy_escape=yes
ac_cv_func_curl_easy_unescape=yes
ac_cv_func_curl_free=yes
ac_cv_func_fcntl=yes
ac_cv_func_fork=yes
ac_cv_func_fork_works=yes
ac_cv_func_ftruncate=yes
ac_cv_func_fwprintf=yes
ac_cv_func_getaddrinfo=yes
ac_cv_func_getcwd=yes
ac_cv_func_getegid=yes
ac_cv_func_geteuid=yes
ac_cv_func_getgid=yes
ac_cv_func_gethostbyname=yes
ac_cv_func_getopt=yes
ac_cv_func_getpagesize=yes
ac_cv_func_getpwnam=yes
ac_cv_func_getpwuid=yes
ac_cv_func_getrusage=yes
ac_cv_func_gettimeofday=yes
ac_cv_func_getuid=yes
ac_cv_func_inet_ntop=yes
ac_cv_func_isascii=yes
ac_cv_func_mbrtowc=yes
ac_cv_func_memmove=yes
ac_cv_func_mempcpy=yes
ac_cv_func_memrchr=yes
ac_cv_func_mkdtemp=yes
ac_cv_func_mlock=yes
ac_cv_func_mmap=yes
ac_cv_func_mmap_fixed_mapped=yes
ac_cv_func_munmap=yes
ac_cv_func_newlocale=yes
ac_cv_func_nl_langinfo=yes
ac_cv_func_pipe=yes
ac_cv_func_putenv=yes
ac_cv_func_raise=yes
ac_cv_func_rand=yes
ac_cv_func_regcomp=yes
ac_cv_func_setenv=yes
ac_cv_func_setlocale=yes
ac_cv_func_setrlimit=yes
ac_cv_func_setsockopt=yes
ac_cv_func_sigaction=yes
ac_cv_func_sigprocmask=yes
ac_cv_func_snprintf=yes
ac_cv_func_stat=yes
ac_cv_func_stpcpy=yes
ac_cv_func_strcasecmp=yes
ac_cv_func_strchr=yes
ac_cv_func_strdup=yes
ac_cv_func_strerror=yes
ac_cv_func_strftime=yes
ac_cv_func_strlwr=no
ac_cv_func_strncasecmp=yes
ac_cv_func_strnlen=yes
ac_cv_func_strsep=yes
ac_cv_func_strtoul=yes
ac_cv_func_sysconf=yes
ac_cv_func_tcgetattr=yes
ac_cv_func_timegm=yes
ac_cv_func_times=yes
ac_cv_func_tsearch=yes
ac_cv_func_unsetenv=yes
ac_cv_func_uselocale=yes
ac_cv_func_vfork=yes
ac_cv_func_vfork_works=yes
ac_cv_func_vprintf=yes
ac_cv_func_wait4=yes
ac_cv_func_waitpid=yes
ac_cv_func_wcrtomb=yes
ac_cv_func_wcslen=yes
ac_cv_func_wcsnlen=yes
ac_cv_gnu_library_2=yes
ac_cv_gnu_library_2_1=yes
ac_cv_have_decl__snprintf=no
ac_cv_have_decl__snwprintf=no
ac_cv_have_decl_feof_unlocked=yes
ac_cv_have_decl_fgets_unlocked=yes
ac_cv_have_decl_getc_unlocked=yes
ac_cv_have_decl_getpagesize=yes
ac_cv_have_decl_sys_siglist=no
ac_cv_have_dev_random=yes
ac_cv_header_argz_h=yes
ac_cv_header_bzlib_h=no
ac_cv_header_direct_h=no
ac_cv_header_getopt_h=yes
ac_cv_header_inttypes_h=yes
ac_cv_header_langinfo_h=yes
ac_cv_header_limits_h=yes
ac_cv_header_locale_h=yes
ac_cv_header_memory_h=yes
ac_cv_header_minix_config_h=no
ac_cv_header_pthread_h=yes
ac_cv_header_pwd_h=yes
ac_cv_header_signal_h=yes
ac_cv_header_stdc=yes
ac_cv_header_stddef_h=yes
ac_cv_header_stdint_h=yes
ac_cv_header_stdlib_h=yes
ac_cv_header_string_h=yes
ac_cv_header_strings_h=yes
ac_cv_header_sys_ipc_h=yes
ac_cv_header_sys_param_h=yes
ac_cv_header_sys_shm_h=yes
ac_cv_header_sys_stat_h=yes
ac_cv_header_sys_types_h=yes
ac_cv_header_termio_h=yes
ac_cv_header_time=yes
ac_cv_header_unistd_h=yes
ac_cv_header_vfork_h=no
ac_cv_header_zlib_h=yes
ac_cv_host=x86_64-unknown-linux-gnu
ac_cv_lib_cposix_strerror=no
ac_cv_lib_pthread_pthread_kill=yes
ac_cv_lib_z_deflateInit2_=yes
ac_cv_mpi_config_done=yes
ac_cv_mpi_extra_asm_modules=
ac_cv_mpi_sflags=
ac_cv_objext=o
ac_cv_path_EGREP='/usr/bin/grep -E'
ac_cv_path_GMSGFMT=:
ac_cv_path_GREP=/usr/bin/grep
ac_cv_path_MSGFMT=:
ac_cv_path_MSGMERGE=:
ac_cv_path_NM='/usr/bin/nm -B'
ac_cv_path_PERL=/usr/bin/perl
ac_cv_path_TAR=/usr/bin/tar
ac_cv_path_XGETTEXT=:
ac_cv_path__libcurl_config=/usr/local/bin/curl-config
ac_cv_path_install='/usr/bin/install -c'
ac_cv_path_mkdir=/usr/bin/mkdir
ac_cv_prog_AWK=mawk
ac_cv_prog_CPP='gcc -E'
ac_cv_prog_DOCBOOK_TO_MAN=no
ac_cv_prog_ac_ct_AR=ar
ac_cv_prog_ac_ct_CC=gcc
ac_cv_prog_ac_ct_RANLIB=ranlib
ac_cv_prog_cc_c89=
ac_cv_prog_cc_g=yes
ac_cv_prog_cc_gcc_c_o=yes
ac_cv_prog_make_make_set=yes
ac_cv_safe_to_define___extensions__=yes
ac_cv_search_dlopen='none required'
ac_cv_search_dn_expand='none required'
ac_cv_search_dn_skipname='none required'
ac_cv_search_res_query='none required'
ac_cv_sizeof_time_t=8
ac_cv_sizeof_uint64_t=8
ac_cv_sizeof_unsigned_int=4
ac_cv_sizeof_unsigned_long=8
ac_cv_sizeof_unsigned_long_long=8
ac_cv_sizeof_unsigned_short=2
ac_cv_sizeof_void_p=8
ac_cv_sys_file_offset_bits=no
ac_cv_sys_global_symbol_pipe='sed -n -e '\''s/^.* [ABCDGISTUW] \([_A-Za-z][_A-Za-z0-9]*\)$/\1 \1/p'\'''
ac_cv_sys_largefile_CC=no
ac_cv_sys_largefile_source=no
ac_cv_sys_symbol_underscore=no
ac_cv_type_intmax_t=yes
ac_cv_type_long_double=yes
ac_cv_type_long_long_int=yes
ac_cv_type_mode_t=yes
ac_cv_type_pid_t=yes
ac_cv_type_pthread_rwlock_t=yes
ac_cv_type_ptrdiff_t=yes
ac_cv_type_signal=void
ac_cv_type_sigset_t=yes
ac_cv_type_size_t=yes
ac_cv_type_struct_sigaction=yes
ac_cv_type_uintmax_t=yes
ac_cv_type_unsigned_long_long_int=yes
ac_cv_working_alloca_h=yes
acl_cv_hardcode_direct=no
acl_cv_hardcode_libdir_flag_spec='${wl}-rpath ${wl}$libdir'
acl_cv_hardcode_libdir_separator=
acl_cv_hardcode_minus_L=no
acl_cv_libext=a
acl_cv_libname_spec='lib$name'
acl_cv_library_names_spec='$libname$shrext'
acl_cv_path_LD=/usr/bin/ld
acl_cv_prog_gnu_ld=yes
acl_cv_rpath=done
acl_cv_shlibext=so
acl_cv_wl=-Wl,
am_cv_CCAS_dependencies_compiler_type=gcc3
am_cv_CC_dependencies_compiler_type=gcc3
am_cv_func_iconv=yes
am_cv_func_iconv_works=yes
am_cv_langinfo_codeset=yes
am_cv_lib_iconv=no
am_cv_proto_iconv='extern size_t iconv (iconv_t cd, char * *inbuf, size_t *inbytesleft, char * *outbuf, size_t *outbytesleft);'
am_cv_proto_iconv_arg1=
cl_cv_as_noexecstack=yes
estream_cv_langinfo_thousands_sep=yes
gl_cv_cc_vis_werror=yes
gl_cv_cc_visibility=yes
gl_cv_have_weak=yes
gl_cv_header_inttypes_h=yes
gl_cv_header_stdint_h=yes
gl_cv_header_working_fcntl_h=yes
gl_cv_size_max=yes
gnupg_cv_c_endian=little
gnupg_cv_enable_keyserver_helpers=yes
gnupg_cv_enable_photo_viewers=yes
gnupg_cv_func_gethrtime=no
gnupg_cv_func_ldap_init=no
gnupg_cv_func_ldaplber_init=no
gnupg_cv_have_broken_mlock=no
gnupg_cv_included_regex=no
gnupg_cv_ipc_have_shm_lock=yes
gnupg_cv_ipc_rmid_deferred_release=yes
gnupg_cv_mkdir_takes_one_arg=no
gnupg_cv_regex_broken=no
gnupg_cv_time_t_unsigned=no
gnupg_cv_typedef_byte=no
gnupg_cv_typedef_u16=no
gnupg_cv_typedef_u32=no
gnupg_cv_typedef_ulong=yes
gnupg_cv_typedef_ushort=yes
gnupg_cv_uint64_c_works=yes
gt_cv_c_intmax_t=yes
gt_cv_c_wchar_t=yes
gt_cv_c_wint_t=yes
gt_cv_func_CFLocaleCopyCurrent=no
gt_cv_func_CFPreferencesCopyAppValue=no
gt_cv_func_gnugettext2_libc=yes
gt_cv_func_printf_posix=yes
gt_cv_int_divbyzero_sigfpe=yes
gt_cv_inttypes_pri_broken=no
gt_cv_val_LC_MESSAGES=yes
libcurl_cv_lib_curl_usable=yes
libcurl_cv_lib_curl_version=8.15.0-DEV
libcurl_cv_lib_version_ok=yes
nls_cv_force_use_gnu_gettext=no
nls_cv_header_intl=
nls_cv_header_libgt=
nls_cv_use_gnu_gettext=no

## ----------------- ##
## Output variables. ##
## ----------------- ##

ACLOCAL='${SHELL} /home/spirals/Documents/THESE/ENSEIGNEMENT/2025-2026/TP_Cours_Clémentine/CNP_TP_student_git/CNP_TP/src/gnupg-1.4.13/scripts/missing --run aclocal-1.11'
ALLOCA=''
AMDEPBACKSLASH='\'
AMDEP_FALSE='#'
AMDEP_TRUE=''
AMTAR='$${TAR-tar}'
AR='ar'
AUTOCONF='${SHELL} /home/spirals/Documents/THESE/ENSEIGNEMENT/2025-2026/TP_Cours_Clémentine/CNP_TP_student_git/CNP_TP/src/gnupg-1.4.13/scripts/missing --run autoconf'
AUTOHEADER='${SHELL} /home/spirals/Documents/THESE/ENSEIGNEMENT/2025-2026/TP_Cours_Clémentine/CNP_TP_student_git/CNP_TP/src/gnupg-1.4.13/scripts/missing --run autoheader'
AUTOMAKE='${SHELL} /home/spirals/Documents/THESE/ENSEIGNEMENT/2025-2026/TP_Cours_Clémentine/CNP_TP_student_git/CNP_TP/src/gnupg-1.4.13/scripts/missing --run automake-1.11'
AWK='mawk'
BUILD_INCLUDED_LIBINTL='no'
CAPLIBS=''
CATOBJEXT='.gmo'
CC='gcc'
CCAS='gcc'
CCASDEPMODE='depmode=gcc3'
CCASFLAGS='-g -O2 -Wall -Wno-pointer-sign'
CCDEPMODE='depmode=gcc3'
CC_FOR_BUILD='gcc'
CFLAGS='-g -O2 -Wall -Wno-pointer-sign'
CFLAG_VISIBILITY='-fvisibility=hidden'
CPP='gcc -E'
CPPFLAGS=''
CROSS_COMPILING_FALSE=''
CROSS_COMPILING_TRUE='#'
CYGPATH_W='echo'
DATADIRNAME='share'
DEFS='-DHAVE_CONFIG_H'
DEPDIR='.deps'
DLLIBS=''
DNSLIBS=''
DOCBOOK_TO_MAN='no'
ECHO_C=''
ECHO_N='-n'
ECHO_T=''
EGREP='/usr/bin/grep -E'
ENABLE_AGENT_SUPPORT_FALSE='#'
ENABLE_AGENT_SUPPORT_TRUE=''
ENABLE_BZIP2_SUPPORT_FALSE=''
ENABLE_BZIP2_SUPPORT_TRUE='#'
ENABLE_CARD_SUPPORT_FALSE='#'
ENABLE_CARD_SUPPORT_TRUE=''
ENABLE_LOCAL_ZLIB_FALSE=''
ENABLE_LOCAL_ZLIB_TRUE='#'
ENABLE_SELINUX_HACKS_FALSE=''
ENABLE_SELINUX_HACKS_TRUE='#'
EXEEXT=''
FAKE_CURL_FALSE=''
FAKE_CURL_TRUE='#'
GENCAT='gencat'
GETOPT=''
GETTEXT_MACRO_VERSION='0.18'
GLIBC21='yes'
GLIBC2='yes'
GMSGFMT=':'
GMSGFMT_015=':'
GPGKEYS_CURL='gpgkeys_curl'
GPGKEYS_FINGER='gpgkeys_finger'
GPGKEYS_HKP='gpgkeys_hkp'
GPGKEYS_LDAP=''
GPGKEYS_MAILTO=''
GREP='/usr/bin/grep'
HAVE_ASPRINTF='1'
HAVE_DOCBOOK_TO_MAN_FALSE=''
HAVE_DOCBOOK_TO_MAN_TRUE='#'
HAVE_DOSISH_SYSTEM_FALSE=''
HAVE_DOSISH_SYSTEM_TRUE='#'
HAVE_NEWLOCALE='1'
HAVE_POSIX_PRINTF='1'
HAVE_SHM_FALSE='#'
HAVE_SHM_TRUE=''
HAVE_SNPRINTF='1'
HAVE_USTAR_FALSE='#'
HAVE_USTAR_TRUE=''
HAVE_VISIBILITY='1'
HAVE_W32_SYSTEM_FALSE=''
HAVE_W32_SYSTEM_TRUE='#'
HAVE_WPRINTF='0'
INSTALL_DATA='${INSTALL} -m 644'
INSTALL_PROGRAM='${INSTALL}'
INSTALL_SCRIPT='${INSTALL}'
INSTALL_STRIP_PROGRAM='$(install_sh) -c -s'
INSTOBJEXT='.mo'
INTLBISON=':'
INTLLIBS=''
INTLOBJS=''
INTL_DEFAULT_VERBOSITY='1'
INTL_LIBTOOL_SUFFIX_PREFIX=''
INTL_MACOSX_LIBS=''
LDAPLIBS=''
LDAP_CPPFLAGS=''
LDFLAGS=''
LIBCURL='-L/usr/local/lib -lcurl'
LIBCURL_CPPFLAGS=' -I/usr/local/include'
LIBICONV=''
LIBINTL=''
LIBMULTITHREAD='-lpthread'
LIBOBJS=''
LIBPTH=''
LIBPTH_PREFIX=''
LIBREADLINE=''
LIBS=''
LIBTHREAD=''
LIBUSB=''
LIBUSB_CPPFLAGS=''
LTLIBC='-lc'
LTLIBICONV=''
LTLIBINTL=''
LTLIBMULTITHREAD='-lpthread'
LTLIBOBJS=''
LTLIBPTH=''
LTLIBTHREAD=''
MAINT='#'
MAINTAINER_MODE_FALSE=''
MAINTAINER_MODE_TRUE='#'
MAKEINFO='${SHELL} /home/spirals/Documents/THESE/ENSEIGNEMENT/2025-2026/TP_Cours_Clémentine/CNP_TP_student_git/CNP_TP/src/gnupg-1.4.13/scripts/missing --run makeinfo'
MKDIR_P='/usr/bin/mkdir -p'
MPI_EXTRA_ASM_OBJS=''
MPI_OPT_FLAGS=''
MPI_SFLAGS=''
MSGFMT=':'
MSGFMT_015=':'
MSGMERGE=':'
NETLIBS=''
NM='/usr/bin/nm -B'
NOEXECSTACK_FLAGS=''
OBJEXT='o'
PACKAGE='gnupg'
PACKAGE_BUGREPORT='http://bugs.gnupg.org'
PACKAGE_NAME='gnupg'
PACKAGE_STRING='gnupg 1.4.13'
PACKAGE_TARNAME='gnupg'
PACKAGE_URL=''
PACKAGE_VERSION='1.4.13'
PATH_SEPARATOR=':'
PERL='/usr/bin/perl'
POSUB='po'
PRI_MACROS_BROKEN='0'
RANLIB='ranlib'
SENDMAIL=''
SET_MAKE=''
SHELL='/bin/bash'
STRIP=''
TAR='/usr/bin/tar'
USE_DNS_SRV_FALSE='#'
USE_DNS_SRV_TRUE=''
USE_INCLUDED_LIBINTL='no'
USE_INTERNAL_REGEX_FALSE=''
USE_INTERNAL_REGEX_TRUE='#'
USE_NLS='yes'
USE_RNDEGD_FALSE=''
USE_RNDEGD_TRUE='#'
USE_RNDLINUX_FALSE='#'
USE_RNDLINUX_TRUE=''
USE_RNDUNIX_FALSE=''
USE_RNDUNIX_TRUE='#'
USE_RNDW32_FALSE=''
USE_RNDW32_TRUE='#'
USE_SHA512_FALSE='#'
USE_SHA512_TRUE=''
USE_SIMPLE_GETTEXT_FALSE=''
USE_SIMPLE_GETTEXT_TRUE='#'
VERSION='1.4.13'
W32LIBS=''
WINDRES=''
WOE32='no'
WOE32DLL='no'
XGETTEXT=':'
XGETTEXT_015=':'
XGETTEXT_EXTRA_OPTIONS=''
ZLIBS='-lz'
_libcurl_config=''
_usb_config=''
ac_ct_CC='gcc'
am__EXEEXT_FALSE=''
am__EXEEXT_TRUE='#'
am__fastdepCCAS_FALSE='#'
am__fastdepCCAS_TRUE=''
am__fastdepCC_FALSE='#'
am__fastdepCC_TRUE=''
am__include='include'
am__isrc=''
am__leading_dot='.'
am__nodep='_no'
am__quote=''
am__tar='$${TAR-tar} chof - "$$tardir"'
am__untar='$${TAR-tar} xf -'
bindir='${exec_prefix}/bin'
build='x86_64-unknown-linux-gnu'
build_alias=''
build_cpu='x86_64'
build_os='linux-gnu'
build_vendor='unknown'
datadir='${datarootdir}'
datarootdir='${prefix}/share'
docdir='${datarootdir}/doc/${PACKAGE_TARNAME}'
dvidir='${docdir}'
exec_prefix='${prefix}'
host='x86_64-unknown-linux-gnu'
host_alias=''
host_cpu='x86_64'
host_os='linux-gnu'
host_vendor='unknown'
htmldir='${docdir}'
includedir='${prefix}/include'
infodir='${datarootdir}/info'
install_sh='${SHELL} /home/spirals/Documents/THESE/ENSEIGNEMENT/2025-2026/TP_Cours_Clémentine/CNP_TP_student_git/CNP_TP/src/gnupg-1.4.13/scripts/install-sh'
libdir='${exec_prefix}/lib'
libexecdir='${exec_prefix}/libexec'
localedir='${datarootdir}/locale'
localstatedir='${prefix}/var'
mandir='${datarootdir}/man'
mkdir_p='/usr/bin/mkdir -p'
oldincludedir='/usr/include'
pdfdir='${docdir}'
prefix='/usr/local'
program_transform_name='s,x,x,'
psdir='${docdir}'
sbindir='${exec_prefix}/sbin'
sharedstatedir='${prefix}/com'
sysconfdir='${prefix}/etc'
target_alias=''

## ----------- ##
## confdefs.h. ##
## ----------- ##

/* confdefs.h */
#define PACKAGE_NAME "gnupg"
#define PACKAGE_TARNAME "gnupg"
#define PACKAGE_VERSION "1.4.13"
#define PACKAGE_STRING "gnupg 1.4.13"
#define PACKAGE_BUGREPORT "http://bugs.gnupg.org"
#define PACKAGE_URL ""
#define PACKAGE "gnupg"
#define VERSION "1.4.13"
#define STDC_HEADERS 1
#define HAVE_SYS_TYPES_H 1
#define HAVE_SYS_STAT_H 1
#define HAVE_STDLIB_H 1
#define HAVE_STRING_H 1
#define HAVE_MEMORY_H 1
#define HAVE_STRINGS_H 1
#define HAVE_INTTYPES_H 1
#define HAVE_STDINT_H 1
#define HAVE_UNISTD_H 1
#define __EXTENSIONS__ 1
#define _ALL_SOURCE 1
#define _GNU_SOURCE 1
#define _POSIX_PTHREAD_SEMANTICS 1
#define _TANDEM_SOURCE 1
#define EGD_SOCKET_NAME ""
#define USE_RSA 1
#define USE_IDEA 1
#define USE_CAST5 1
#define USE_BLOWFISH 1
#define USE_AES 1
#define USE_TWOFISH 1
#define USE_CAMELLIA 1
#define USE_SHA256 1
#define PK_UID_CACHE_SIZE 4096
#define EXEEXT ""
#define USE_DNS_SRV 1
#define USE_DNS_PKA 1
#define USE_DNS_CERT 1
#define HAVE_CURL_FREE 1
#define HAVE_CURL_EASY_ESCAPE 1
#define HAVE_CURL_EASY_UNESCAPE 1
#define HAVE_LIBCURL 1
#define LIBCURL_VERNUM 0x080F00
#define LIBCURL_FEATURE_ALT_SVC 1
#define LIBCURL_FEATURE_ASYNCHDNS 1
#define LIBCURL_FEATURE_HSTS 1
#define LIBCURL_FEATURE_HTTP2 1
#define LIBCURL_FEATURE_HTTP3 1
#define LIBCURL_FEATURE_HTTPS_PROXY 1
#define LIBCURL_FEATURE_IPV6 1
#define LIBCURL_FEATURE_LARGEFILE 1
#define LIBCURL_FEATURE_LIBZ 1
#define LIBCURL_FEATURE_NTLM 1
#define LIBCURL_FEATURE_PSL 1
#define LIBCURL_FEATURE_SSL 1
#define LIBCURL_FEATURE_THREADSAFE 1
#define LIBCURL_FEATURE_TLS_SRP 1
#define LIBCURL_FEATURE_UNIXSOCKETS 1
#define LIBCURL_PROTOCOL_DICT 1
#define LIBCURL_PROTOCOL_FILE 1
#define LIBCURL_PROTOCOL_FTP 1
#define LIBCURL_PROTOCOL_FTPS 1
#define LIBCURL_PROTOCOL_GOPHER 1
#define LIBCURL_PROTOCOL_GOPHERS 1
#define LIBCURL_PROTOCOL_HTTP 1
#define LIBCURL_PROTOCOL_HTTPS 1
#define LIBCURL_PROTOCOL_IMAP 1
#define LIBCURL_PROTOCOL_IMAPS 1
#define LIBCURL_PROTOCOL_IPFS 1
#define LIBCURL_PROTOCOL_IPNS 1
#define LIBCURL_PROTOCOL_MQTT 1
#define LIBCURL_PROTOCOL_POP3 1
#define LIBCURL_PROTOCOL_POP3S 1
#define LIBCURL_PROTOCOL_RTSP 1
#define LIBCURL_PROTOCOL_SMB 1
#define LIBCURL_PROTOCOL_SMBS 1
#define LIBCURL_PROTOCOL_SMTP 1
#define LIBCURL_PROTOCOL_SMTPS 1
#define LIBCURL_PROTOCOL_TELNET 1
#define LIBCURL_PROTOCOL_TFTP 1
#define LIBCURL_PROTOCOL_WS 1
#define LIBCURL_PROTOCOL_WSS 1
#define PRINTABLE_OS_NAME "GNU/Linux"
#define NAME_OF_DEV_RANDOM "/dev/random"
#define NAME_OF_DEV_URANDOM "/dev/urandom"
#define HAVE_VISIBILITY 1
#define HAVE_STDINT_H_WITH_UINTMAX 1
#define HAVE_ALLOCA_H 1
#define HAVE_ALLOCA 1
#define HAVE_STDLIB_H 1
#define HAVE_UNISTD_H 1
#define HAVE_SYS_PARAM_H 1
#define HAVE_GETPAGESIZE 1
#define HAVE_MMAP 1
#define INTDIV0_RAISES_SIGFPE 1
#define HAVE_INTTYPES_H_WITH_UINTMAX 1
#define HAVE_UNSIGNED_LONG_LONG_INT 1
#define HAVE_UINTMAX_T 1
#define HAVE_INTTYPES_H 1
#define USE_POSIX_THREADS 1
#define USE_POSIX_THREADS_WEAK 1
#define HAVE_PTHREAD_RWLOCK 1
#define HAVE_PTHREAD_MUTEX_RECURSIVE 1
#define HAVE_ICONV 1
#define ICONV_CONST 
#define HAVE_BUILTIN_EXPECT 1
#define HAVE_ARGZ_H 1
#define HAVE_INTTYPES_H 1
#define HAVE_LIMITS_H 1
#define HAVE_UNISTD_H 1
#define HAVE_SYS_PARAM_H 1
#define HAVE_GETCWD 1
#define HAVE_GETEGID 1
#define HAVE_GETEUID 1
#define HAVE_GETGID 1
#define HAVE_GETUID 1
#define HAVE_MEMPCPY 1
#define HAVE_MUNMAP 1
#define HAVE_STPCPY 1
#define HAVE_STRCASECMP 1
#define HAVE_STRDUP 1
#define HAVE_STRTOUL 1
#define HAVE_TSEARCH 1
#define HAVE_USELOCALE 1
#define HAVE_ARGZ_COUNT 1
#define HAVE_ARGZ_STRINGIFY 1
#define HAVE_ARGZ_NEXT 1
#define HAVE___FSETLOCKING 1
#define HAVE_DECL_FEOF_UNLOCKED 1
#define HAVE_DECL_FGETS_UNLOCKED 1
#define HAVE_LONG_LONG_INT 1
#define HAVE_WCHAR_T 1
#define HAVE_WINT_T 1
#define HAVE_INTMAX_T 1
#define HAVE_POSIX_PRINTF 1
#define HAVE_STDINT_H 1
#define HAVE_STDINT_H 1
#define HAVE_WORKING_O_NOATIME 1
#define HAVE_WORKING_O_NOFOLLOW 1
#define HAVE_STDDEF_H 1
#define HAVE_STDLIB_H 1
#define HAVE_STRING_H 1
#define HAVE_ASPRINTF 1
#define HAVE_FWPRINTF 1
#define HAVE_NEWLOCALE 1
#define HAVE_PUTENV 1
#define HAVE_SETENV 1
#define HAVE_SETLOCALE 1
#define HAVE_SNPRINTF 1
#define HAVE_STRNLEN 1
#define HAVE_WCSLEN 1
#define HAVE_WCSNLEN 1
#define HAVE_MBRTOWC 1
#define HAVE_WCRTOMB 1
#define HAVE_DECL__SNPRINTF 0
#define HAVE_DECL__SNWPRINTF 0
#define HAVE_DECL_GETC_UNLOCKED 1
#define HAVE_LANGINFO_CODESET 1
#define HAVE_LC_MESSAGES 1
#define ENABLE_NLS 1
#define HAVE_GETTEXT 1
#define HAVE_DCGETTEXT 1
#define HAVE_STRCHR 1
#define HAVE_DL_DLOPEN 1
#define ENABLE_CARD_SUPPORT 1
#define ENABLE_AGENT_SUPPORT 1
#define USE_GNUPG_ICONV 1
#define STDC_HEADERS 1
#define HAVE_UNISTD_H 1
#define HAVE_LANGINFO_H 1
#define HAVE_TERMIO_H 1
#define HAVE_LOCALE_H 1
#define HAVE_GETOPT_H 1
#define HAVE_PWD_H 1
#define HAVE_SIGNAL_H 1
#define RETSIGTYPE void
#define HAVE_DECL_SYS_SIGLIST 0
#define LITTLE_ENDIAN_HOST 1
#define HAVE_USHORT_TYPEDEF 1
#define HAVE_ULONG_TYPEDEF 1
#define SIZEOF_UNSIGNED_SHORT 2
#define SIZEOF_UNSIGNED_INT 4
#define SIZEOF_UNSIGNED_LONG 8
#define SIZEOF_UNSIGNED_LONG_LONG 8
#define TIME_WITH_SYS_TIME 1
#define SIZEOF_TIME_T 8
#define HAVE_INTTYPES_H 1
#define SIZEOF_UINT64_T 8
#define USE_SHA512 1
#define HAVE_DECL_GETPAGESIZE 1
#define HAVE_FSEEKO 1
#define HAVE_VPRINTF 1
#define HAVE_FORK 1
#define HAVE_VFORK 1
#define HAVE_WORKING_VFORK 1
#define HAVE_WORKING_FORK 1
#define HAVE_STRERROR 1
#define HAVE_STPCPY 1
#define HAVE_TCGETATTR 1
#define HAVE_STRTOUL 1
#define HAVE_MMAP 1
#define HAVE_SYSCONF 1
#define HAVE_STRCASECMP 1
#define HAVE_STRNCASECMP 1
#define HAVE_CTERMID 1
#define HAVE_TIMES 1
#define HAVE_UNSETENV 1
#define HAVE_GETPWNAM 1
#define HAVE_GETPWUID 1
#define HAVE_MEMMOVE 1
#define HAVE_GETTIMEOFDAY 1
#define HAVE_GETRUSAGE 1
#define HAVE_SETRLIMIT 1
#define HAVE_CLOCK_GETTIME 1
#define HAVE_ATEXIT 1
#define HAVE_RAISE 1
#define HAVE_GETPAGESIZE 1
#define HAVE_STRFTIME 1
#define HAVE_NL_LANGINFO 1
#define HAVE_SETLOCALE 1
#define HAVE_WAITPID 1
#define HAVE_WAIT4 1
#define HAVE_SIGACTION 1
#define HAVE_SIGPROCMASK 1
#define HAVE_RAND 1
#define HAVE_PIPE 1
#define HAVE_STAT 1
#define HAVE_GETADDRINFO 1
#define HAVE_FCNTL 1
#define HAVE_FTRUNCATE 1
#define HAVE_INET_NTOP 1
#define HAVE_MKDTEMP 1
#define HAVE_TIMEGM 1
#define HAVE_ISASCII 1
#define HAVE_MEMRCHR 1
#define HAVE_STRSEP 1
#define HAVE_STRUCT_SIGACTION 1
#define HAVE_SIGSET_T 1
#define HAVE_MLOCK 1
#define HAVE_SYSCONF 1
#define HAVE_GETPAGESIZE 1
#define HAVE_SYS_STAT_H 1
#define HAVE_UNISTD_H 1
#define HAVE_STDINT_H 1
#define HAVE_LONG_LONG_INT 1
#define HAVE_LONG_DOUBLE 1
#define HAVE_INTMAX_T 1
#define HAVE_UINTMAX_T 1
#define HAVE_PTRDIFF_T 1
#define SIZEOF_UNSIGNED_LONG 8
#define SIZEOF_VOID_P 8
#define HAVE_LANGINFO_THOUSANDS_SEP 1
#define HAVE_SYS_IPC_H 1
#define HAVE_SYS_SHM_H 1
#define IPC_RMID_DEFERRED_RELEASE 1
#define IPC_HAVE_SHM_LOCK 1
#define USE_SHM_COPROCESSING 1
#define HAVE_DEV_RANDOM 1
#define USE_RNDLINUX 1

configure: exit 0
